algorithm,has_history,block,block_label,reference_model,full_model,phase,domain,n,shapley_log_loss_reduction,paired_percentile95_low,paired_percentile95_high,joint_basic95_low,joint_basic95_high,joint95_sign,bootstrap_se,joint_critical_absolute_log_loss,family_size,bootstrap_reps,development_oof_attribution,evaluation_minus_development_attribution,development_evaluation_point_sign_flip,status,marginal95_low,marginal95_high,marginal_one_sided_lower95,q_primary_absolute,q_standardized,standardized_joint95_low,standardized_joint95_high,critical_primary_positive_direction,critical_standardized_positive_direction,critical_marginal_two_sided_normal,mdd80_primary_positive_direction_normal,mdd80_standardized_positive_direction_normal,mdd80_marginal_two_sided_positive_direction_normal,mdd80_primary_positive_direction_bootstrap_shift,mdd80_standardized_positive_direction_bootstrap_shift,mdd80_marginal_two_sided_positive_direction_bootstrap_shift,precision_status
ridge,True,D,인구통계 정보,ridge::H,ridge::H_D_B_M_P_C_A_K,evaluation,whole,1520,-0.0415753020137475,-0.0576487435975343,-0.0264664208952773,-0.064310822553198,-0.0188397814742971,negative,0.0080030804383974,0.0227355205394504,56,2000,0.0176071944408208,-0.0591824964545684,True,retrospective exploratory diagnostic; fixed predictions; selection and training uncertainty excluded,-0.05668418313221783,-0.02550186042996083,-0.054416318771517376,0.022735520539450417,3.2266291057245713,-0.06739827429173573,-0.015752329735759466,0.022735520539450417,0.02582297227798813,0.015685749424636,0.029471082970397727,0.03255853470893543,0.02242131185558331,0.029166238696124856,0.03225369043466257,0.021539599275144677,post hoc fixed-model local shift; positive direction crossing lower bound of two-sided family; not two-sided overall power
ridge,True,B,소비서비스 생활 개선 기대,ridge::H,ridge::H_D_B_M_P_C_A_K,evaluation,whole,1520,0.0031747703784764,-0.000793234966639,0.0071078883308112,-0.0195607501609739,0.0259102909179268,not_resolved,0.0020016838971725,0.0227355205394504,56,2000,0.0029248912157428,0.0002498791627336,False,retrospective exploratory diagnostic; fixed predictions; selection and training uncertainty excluded,-0.0007583475738583024,0.007142775723591992,-0.0002388789381306878,0.022735520539450417,3.2266291057245713,-0.0032839211446008014,0.009633461901553748,0.022735520539450417,0.006458691523077274,0.003923228346892057,0.02442018021021185,0.008143351193838709,0.005607888017653492,0.024387724078196664,0.008110895061823522,0.005585321491081024,post hoc fixed-model local shift; positive direction crossing lower bound of two-sided family; not two-sided overall power
ridge,True,M,온라인 쇼핑몰 개인정보 관리 평가,ridge::H,ridge::H_D_B_M_P_C_A_K,evaluation,whole,1520,-0.00250137758313,-0.0033955624488422,-0.0016563915339146,-0.0252368981225805,0.0202341429563203,not_resolved,0.0004434809556483,0.0227355205394504,56,2000,3.79418105763098e-05,-0.0025393193937064,True,retrospective exploratory diagnostic; fixed predictions; selection and training uncertainty excluded,-0.0033463636323455307,-0.0016071927174179258,-0.0032149746898017272,0.022735520539450417,3.2266291057245713,-0.003932326142459635,-0.0010704290238005632,0.022735520539450417,0.001430948559329536,0.0008692067009001845,0.023108763528409283,0.001804191548288401,0.0012424496898590495,0.02310079954965635,0.0017962275695354688,0.0012102650594213644,post hoc fixed-model local shift; positive direction crossing lower bound of two-sided family; not two-sided overall power
ridge,True,P,추천서비스 제공자 책무 기대,ridge::H,ridge::H_D_B_M_P_C_A_K,evaluation,whole,1520,-0.0016256236238017,-0.0035633346086542,0.0003138469025489,-0.0243611441632521,0.0211098969156486,not_resolved,0.0009795623375707,0.0227355205394504,56,2000,0.0001255383790875,-0.0017511620028892,True,retrospective exploratory diagnostic; fixed predictions; selection and training uncertainty excluded,-0.003565094150152459,0.00031208736105076433,-0.0032745905300433104,0.022735520539450417,3.2266291057245713,-0.004786307973079109,0.001535060725475648,0.022735520539450417,0.0031606843492773783,0.0019199069022505359,0.023559941002358278,0.00398510481218524,0.0027443273651583974,0.023492116082172623,0.003917279891999584,0.0026960660690729344,post hoc fixed-model local shift; positive direction crossing lower bound of two-sided family; not two-sided overall power
ridge,True,C,개인정보 수집 동의 반응,ridge::H,ridge::H_D_B_M_P_C_A_K,evaluation,whole,1520,4.580384431554271e-05,-0.0008432563136933,0.000887666478869,-0.0226897166951348,0.0227813243837659,not_resolved,0.0004390447969088,0.0227355205394504,56,2000,-0.0009338527840025,0.000979656628318,True,retrospective exploratory diagnostic; fixed predictions; selection and training uncertainty excluded,-0.000796058790237981,0.0009348640023244204,-0.0006686248463597997,0.022735520539450417,3.2266291057245713,-0.0013708308761075406,0.001462438564738626,0.022735520539450417,0.0014166347204230833,0.0008605119895410817,0.023105029963018626,0.0017861441439912934,0.001230021413109292,0.02309532032399125,0.0017764345049639146,0.001201662419094355,post hoc fixed-model local shift; positive direction crossing lower bound of two-sided family; not two-sided overall power
ridge,True,A,생성형 AI 이용 경험,ridge::H,ridge::H_D_B_M_P_C_A_K,evaluation,whole,1520,-0.0158562155376235,-0.0220336671673247,-0.0101946665398603,-0.0385917360770739,0.0068793050018268,not_resolved,0.0030641744383452,0.0227355205394504,56,2000,0.0019615370498411,-0.0178177525874646,True,retrospective exploratory diagnostic; fixed predictions; selection and training uncertainty excluded,-0.021517764535386757,-0.009678763907922376,-0.020651883800052395,0.022735520539450417,3.2266291057245713,-0.025743169965405606,-0.005969261109841464,0.022735520539450417,0.009886954427782072,0.006005671541504967,0.025314394810133152,0.012465828698464805,0.008584545812187701,0.025478592409207,0.012630026297538652,0.008404620867519804,post hoc fixed-model local shift; positive direction crossing lower bound of two-sided family; not two-sided overall power
ridge,True,K,공통 디지털 역량 11문항,ridge::H,ridge::H_D_B_M_P_C_A_K,evaluation,whole,1520,0.0193573364818618,0.0126468515179376,0.0260015978253775,-0.0033781840575885,0.0420928570213122,not_resolved,0.0034238357964308,0.0227355205394504,56,2000,0.0096358842107768,0.009721452271085,False,retrospective exploratory diagnostic; fixed predictions; selection and training uncertainty excluded,0.01271307513834616,0.026067821445786066,0.013747461291455189,0.022735520539450417,3.2266291057245713,0.008309888247876531,0.030404784715847184,0.022735520539450417,0.011047448233985327,0.006710594849983404,0.025617093445993618,0.013929021140528528,0.009592167756526606,0.02545710270667232,0.01376903040120723,0.009365843510737602,post hoc fixed-model local shift; positive direction crossing lower bound of two-sided family; not two-sided overall power
ridge,False,D,인구통계 정보,ridge::NONE,ridge::D_B_M_P_C_A_K,evaluation,whole,1520,-0.0326152735917271,-0.0469984270031825,-0.0180120851490526,-0.0553507941311775,-0.0098797530522766,negative,0.0076080973437799,0.0227355205394504,56,2000,0.0175851985447428,-0.0502004721364699,True,retrospective exploratory diagnostic; fixed predictions; selection and training uncertainty excluded,-0.047218462034401554,-0.018232120180271816,-0.04509636760642162,0.022735520539450417,3.2266291057245713,-0.0571637819203532,-0.00806676526310101,0.022735520539450417,0.024548508328626095,0.014911596784683496,0.029138656811065287,0.03095164460024096,0.021314733056298368,0.029111755285759072,0.03092474307493475,0.0209794231889831,post hoc fixed-model local shift; positive direction crossing lower bound of two-sided family; not two-sided overall power
ridge,False,B,소비서비스 생활 개선 기대,ridge::NONE,ridge::D_B_M_P_C_A_K,evaluation,whole,1520,0.0064166630409121,0.0012381359000342,0.0117279661568918,-0.0163188574985382,0.0291521835803625,not_resolved,0.0027032271555943,0.0227355205394504,56,2000,0.0052945047892244,0.0011221582516877,False,retrospective exploratory diagnostic; fixed predictions; selection and training uncertainty excluded,0.0011053599249324407,0.011595190181790019,0.0017306204508506472,0.022735520539450417,3.2266291057245713,-0.0023056483787137266,0.015138974460537982,0.022735520539450417,0.008722311419625855,0.005298227866995628,0.025010613912769555,0.010997404792944991,0.0075733212403147655,0.025028257204792157,0.011015048084967593,0.007604039781321426,post hoc fixed-model local shift; positive direction crossing lower bound of two-sided family; not two-sided overall power
ridge,False,M,온라인 쇼핑몰 개인정보 관리 평가,ridge::NONE,ridge::D_B_M_P_C_A_K,evaluation,whole,1520,0.0008373494682331,0.000576561952128,0.0011086023726296,-0.0218981710712172,0.0235728700076836,not_resolved,0.0001367245931107,0.0227355205394504,56,2000,-0.0001595074035241,0.0009968568717573,True,retrospective exploratory diagnostic; fixed predictions; selection and training uncertainty excluded,0.0005660965638367168,0.0010981369843383036,0.0006115266642781826,0.022735520539450417,3.2266291057245713,0.00039618991663358915,0.0012785090198328061,0.022735520539450417,0.00044115955159960843,0.000267975278298032,0.022850590860164072,0.0005562298723132621,0.00038304559901168573,0.02284674761209216,0.0005523866242413502,0.0003824799770382226,post hoc fixed-model local shift; positive direction crossing lower bound of two-sided family; not two-sided overall power
ridge,False,P,추천서비스 제공자 책무 기대,ridge::NONE,ridge::D_B_M_P_C_A_K,evaluation,whole,1520,-0.0023987894818343,-0.0043898639661151,-0.0004447415703687,-0.0251343100212847,0.020336731057616,not_resolved,0.000983206497973,0.0227355205394504,56,2000,0.0002054202773029,-0.0026042097591372,True,retrospective exploratory diagnostic; fixed predictions; selection and training uncertainty excluded,-0.0043528373932999595,-0.00040771499755352285,-0.004061937348883101,0.022735520539450417,3.2266291057245713,-0.005571232185131863,0.0007736532214631586,0.022735520539450417,0.0031724427032975107,0.0019270493253930173,0.023563008005131437,0.0039999301689785305,0.0027545367910740376,0.023509505641403156,0.00394642780525025,0.0027280330134183467,post hoc fixed-model local shift; positive direction crossing lower bound of two-sided family; not two-sided overall power
ridge,False,C,개인정보 수집 동의 반응,ridge::NONE,ridge::D_B_M_P_C_A_K,evaluation,whole,1520,-0.0001997025401955,-0.0014293205892592,0.0009384704778363,-0.0229352230796459,0.0225358179992548,not_resolved,0.0006122914763915,0.0227355205394504,56,2000,-0.000544493225276,0.0003447906850805,False,retrospective exploratory diagnostic; fixed predictions; selection and training uncertainty excluded,-0.0013378755582274598,0.0010299155088681444,-0.001184456006373037,0.022735520539450417,3.2266291057245713,-0.002175340039107769,0.0017759349587166183,0.022735520539450417,0.001975637498912194,0.0012000692417683857,0.023250838047117292,0.00249095500657907,0.0017153867494352618,0.02323998260269682,0.002480099562158596,0.0016426350812782868,post hoc fixed-model local shift; positive direction crossing lower bound of two-sided family; not two-sided overall power
ridge,False,A,생성형 AI 이용 경험,ridge::NONE,ridge::D_B_M_P_C_A_K,evaluation,whole,1520,-0.0151312020023883,-0.0229761552671139,-0.0079752882066984,-0.0378667225418388,0.007604318537062,not_resolved,0.0038499683069235,0.0227355205394504,56,2000,0.0040356563169244,-0.0191668583193127,True,retrospective exploratory diagnostic; fixed predictions; selection and training uncertainty excluded,-0.022287115798078322,-0.007286248737662877,-0.021230077805752263,0.022735520539450417,3.2266291057245713,-0.02755362179762493,-0.002708782207151837,0.022735520539450417,0.012422419795236546,0.007545799223190728,0.025975735615140005,0.01566263487092613,0.010786014298880316,0.026046194705914696,0.015733093961700823,0.010466587962154219,post hoc fixed-model local shift; positive direction crossing lower bound of two-sided family; not two-sided overall power
ridge,False,K,공통 디지털 역량 11문항,ridge::NONE,ridge::D_B_M_P_C_A_K,evaluation,whole,1520,0.0196235387782918,0.0120383229814965,0.026755289053206,-0.0031119817611585,0.0423590593177422,not_resolved,0.003705965350986,0.0227355205394504,56,2000,0.0118959642872297,0.007727574491062,False,retrospective exploratory diagnostic; fixed predictions; selection and training uncertainty excluded,0.012491788503377635,0.027208754575087167,0.013463315080112037,0.022735520539450417,3.2266291057245713,0.007665763111993341,0.031581314444590364,0.022735520539450417,0.01195777566629851,0.007263558615886086,0.025854539669725812,0.015076794796573903,0.010382577746161482,0.025654293089703385,0.014876548216551478,0.010050522825167184,post hoc fixed-model local shift; positive direction crossing lower bound of two-sided family; not two-sided overall power
hgb,True,D,인구통계 정보,hgb::H,hgb::H_D_B_M_P_C_A_K,evaluation,whole,1520,-0.0101836856363322,-0.0199061773710161,-5.1350955064640615e-05,-0.0329192061757826,0.0125518349031182,not_resolved,0.0051030611284651,0.0227355205394504,56,2000,0.0185567709662965,-0.0287404566026287,True,retrospective exploratory diagnostic; fixed predictions; selection and training uncertainty excluded,-0.02031602031759977,-0.00046119390164826336,-0.018539167139076856,0.022735520539450417,3.2266291057245713,-0.026649371201729555,0.006281999929065146,0.022735520539450417,0.01646568556539735,0.010001816022698033,0.02703036514138725,0.02076053016733418,0.014296660624634867,0.02688424437848407,0.020614409404431003,0.014281058520301218,post hoc fixed-model local shift; positive direction crossing lower bound of two-sided family; not two-sided overall power
hgb,True,B,소비서비스 생활 개선 기대,hgb::H,hgb::H_D_B_M_P_C_A_K,evaluation,whole,1520,0.0058793950141508,0.0018926907834517,0.0103370707636848,-0.0168561255252995,0.0286149155536013,not_resolved,0.0021589484495201,0.0227355205394504,56,2000,0.0020421720139784,0.0038372230001724,False,retrospective exploratory diagnostic; fixed predictions; selection and training uncertainty excluded,0.0014217192646169682,0.009866099244850025,0.0020921127765956065,0.022735520539450417,3.2266291057245713,-0.0010867308908298528,0.012845520919131635,0.022735520539450417,0.006966125904980744,0.004231461205538142,0.02455253739675592,0.008783142762286247,0.006048478062843645,0.0245452605916386,0.008775865957168925,0.006267415801722103,post hoc fixed-model local shift; positive direction crossing lower bound of two-sided family; not two-sided overall power
hgb,True,M,온라인 쇼핑몰 개인정보 관리 평가,hgb::H,hgb::H_D_B_M_P_C_A_K,evaluation,whole,1520,-0.0092086013197255,-0.0130126942843727,-0.0056983084906894,-0.0319441218591759,0.0135269192197248,not_resolved,0.0019063172985031,0.0227355205394504,56,2000,0.0029303020378706,-0.0121389033575961,True,retrospective exploratory diagnostic; fixed predictions; selection and training uncertainty excluded,-0.012718894148761649,-0.005404508355078344,-0.012286503159512734,0.022735520539450417,3.2266291057245713,-0.015359580199822042,-0.003057622439629087,0.022735520539450417,0.006150978880096477,0.0037363132481718518,0.02433991765579802,0.007755375996444077,0.005340710364519452,0.024315854765581103,0.0077313131062271626,0.005090627055166769,post hoc fixed-model local shift; positive direction crossing lower bound of two-sided family; not two-sided overall power
hgb,True,P,추천서비스 제공자 책무 기대,hgb::H,hgb::H_D_B_M_P_C_A_K,evaluation,whole,1520,-0.0022598429814723,-0.0090984697519901,0.0040600833178047,-0.0249953635209227,0.020475677557978,not_resolved,0.0033320439766481,0.0227355205394504,56,2000,0.0075572375415563,-0.0098170805230287,True,retrospective exploratory diagnostic; fixed predictions; selection and training uncertainty excluded,-0.008579769280749452,0.0045787837890454,-0.007414491640572432,0.022735520539450417,3.2266291057245713,-0.013011113058079369,0.008491427095134632,0.022735520539450417,0.010751270076607,0.006530686189133895,0.02553983950139619,0.01355558903855277,0.009335005151079667,0.025692993870907725,0.013708743408064309,0.00927739963073439,post hoc fixed-model local shift; positive direction crossing lower bound of two-sided family; not two-sided overall power
hgb,True,C,개인정보 수집 동의 반응,hgb::H,hgb::H_D_B_M_P_C_A_K,evaluation,whole,1520,0.0009535963944781,-0.000285304598843,0.0021302629911302,-0.0217819241449723,0.0236891169339285,not_resolved,0.0006260586456905,0.0227355205394504,56,2000,0.0010551004276197,-0.0001015040331416,False,retrospective exploratory diagnostic; fixed predictions; selection and training uncertainty excluded,-0.00022307020217406754,0.002192497387799242,-5.661774122101416e-05,0.022735520539450417,3.2266291057245713,-0.0010664626535973804,0.0029736554425536066,0.022735520539450417,0.0020200590480754935,0.0012270523977633142,0.02326242478912545,0.0025469632977505254,0.0017539566474383459,0.023259210696959548,0.002543749205584624,0.0017003567541613112,post hoc fixed-model local shift; positive direction crossing lower bound of two-sided family; not two-sided overall power
hgb,True,A,생성형 AI 이용 경험,hgb::H,hgb::H_D_B_M_P_C_A_K,evaluation,whole,1520,-0.0171770696403883,-0.0231953801755971,-0.0115843277075254,-0.0399125901798387,0.005558450899062,not_resolved,0.0029718722617064,0.0227355205394504,56,2000,0.0016810403557805,-0.0188581099961688,True,retrospective exploratory diagnostic; fixed predictions; selection and training uncertainty excluded,-0.022769811573251197,-0.011158759105179467,-0.021795725349566152,0.022735520539450417,3.2266291057245713,-0.02676619917850598,-0.007587940102270657,0.022735520539450417,0.009589129538117662,0.005824762599598309,0.025236711338368956,0.012090320337036201,0.00832595339851685,0.025237512096158,0.012091121094825245,0.00809473348957046,post hoc fixed-model local shift; positive direction crossing lower bound of two-sided family; not two-sided overall power
hgb,True,K,공통 디지털 역량 11문항,hgb::H,hgb::H_D_B_M_P_C_A_K,evaluation,whole,1520,0.0220104705856525,0.0155663688595757,0.0286386099924819,-0.0007250499537978,0.0447459911251029,not_resolved,0.0033686258954237,0.0227355205394504,56,2000,0.0041215017355865,0.0178889688500659,False,retrospective exploratory diagnostic; fixed predictions; selection and training uncertainty excluded,0.015382331178823167,0.028454572311729456,0.016354530767351515,0.022735520539450417,3.2266291057245713,0.011141164225180907,0.03287977694612426,0.022735520539450417,0.010869306360471676,0.0066023854324194844,0.02557062762100259,0.013704413442023848,0.009437492513971659,0.025423829528728244,0.013557615349749502,0.009316448396107244,post hoc fixed-model local shift; positive direction crossing lower bound of two-sided family; not two-sided overall power
hgb,False,D,인구통계 정보,hgb::NONE,hgb::D_B_M_P_C_A_K,evaluation,whole,1520,-0.0292054007694552,-0.0430368195860499,-0.015732609839936,-0.0519409213089056,-0.0064698802300048,negative,0.006993671178695,0.0227355205394504,56,2000,0.0213407156587804,-0.0505461164282356,True,retrospective exploratory diagnostic; fixed predictions; selection and training uncertainty excluded,-0.04267819169897444,-0.01537398195286048,-0.0407428317986729,0.022735520539450417,3.2266291057245713,-0.051771383750499625,-0.006639417788410821,0.022735520539450417,0.022565982981044404,0.013707343629958017,0.028621542704067054,0.028452005145661034,0.019593365794574654,0.028208747316106664,0.02803920975770065,0.018946017706175464,post hoc fixed-model local shift; positive direction crossing lower bound of two-sided family; not two-sided overall power
hgb,False,B,소비서비스 생활 개선 기대,hgb::NONE,hgb::D_B_M_P_C_A_K,evaluation,whole,1520,0.0043135451590157,-0.0009660555751653,0.0099100222626229,-0.0184219753804346,0.0270490656984661,not_resolved,0.0028253957449131,0.0227355205394504,56,2000,0.0043907374321006,-7.719227308492817e-05,False,retrospective exploratory diagnostic; fixed predictions; selection and training uncertainty excluded,-0.00128293194459144,0.009593145893196915,-0.0004662167322232744,0.022735520539450417,3.2266291057245713,-0.004802958986711227,0.013430049304742769,0.022735520539450417,0.009116504145726997,0.0055376739021024135,0.02511343359161585,0.01149441719789243,0.007915586954267848,0.02510656965973382,0.0114875532660104,0.007967526223890613,post hoc fixed-model local shift; positive direction crossing lower bound of two-sided family; not two-sided overall power
hgb,False,M,온라인 쇼핑몰 개인정보 관리 평가,hgb::NONE,hgb::D_B_M_P_C_A_K,evaluation,whole,1520,-0.0032103251780062,-0.0051745587139511,-0.0012166406495431,-0.0259458457174567,0.0195251953614441,not_resolved,0.0010013262417112,0.0227355205394504,56,2000,0.0017661253279734,-0.0049764505059797,True,retrospective exploratory diagnostic; fixed predictions; selection and training uncertainty excluded,-0.0052040097064693855,-0.0012460916420614695,-0.00487888729864997,0.022735520539450417,3.2266291057245713,-0.006441233573837753,2.058321782518217e-05,0.022735520539450417,0.0032309083958314676,0.001962563370528991,0.02357825796620841,0.004073645822589459,0.0028053007972869827,0.023566799697265876,0.004062187553646925,0.0028249636862785576,post hoc fixed-model local shift; positive direction crossing lower bound of two-sided family; not two-sided overall power
hgb,False,P,추천서비스 제공자 책무 기대,hgb::NONE,hgb::D_B_M_P_C_A_K,evaluation,whole,1520,-0.0074364446971091,-0.0151779561812312,-4.375609901158892e-05,-0.0301719652365595,0.0152990758423412,not_resolved,0.0038117320955829,0.0227355205394504,56,2000,0.0104421828862336,-0.0178786275833428,True,retrospective exploratory diagnostic; fixed predictions; selection and training uncertainty excluded,-0.014829133295206732,0.0003050667870128955,-0.013374380001222264,0.022735520539450417,3.2266291057245713,-0.019735490419941576,0.0048626010257232545,0.022735520539450417,0.012299045722832415,0.007470857626057942,0.025943555207784397,0.015507080391166394,0.010678892294391921,0.026111794142348033,0.015675319325730033,0.01076896220099519,post hoc fixed-model local shift; positive direction crossing lower bound of two-sided family; not two-sided overall power
hgb,False,C,개인정보 수집 동의 반응,hgb::NONE,hgb::D_B_M_P_C_A_K,evaluation,whole,1520,0.0017937707579489,0.0005288988704461,0.0030309157030767,-0.0209417497815014,0.0245292912973993,not_resolved,0.0006461043141416,0.0227355205394504,56,2000,0.0010469671356578,0.0007468036222911,False,retrospective exploratory diagnostic; fixed predictions; selection and training uncertainty excluded,0.0005566258128211095,0.0030586426454516716,0.0007373453253886214,0.022735520539450417,3.2266291057245713,-0.0002909682273946391,0.0038785097432925074,0.022735520539450417,0.0020847389853435733,0.0012663411859735346,0.02327929564933507,0.0026285140952282274,0.0018101162958581891,0.02327685144842977,0.0026260698943229278,0.0017784758541071791,post hoc fixed-model local shift; positive direction crossing lower bound of two-sided family; not two-sided overall power
hgb,False,A,생성형 AI 이용 경험,hgb::NONE,hgb::D_B_M_P_C_A_K,evaluation,whole,1520,-0.0130008459896096,-0.0203899289137412,-0.0061655400786598,-0.03573636652906,0.0097346745498407,not_resolved,0.0036375652109208,0.0227355205394504,56,2000,0.0036513609004473,-0.016652206890057,True,retrospective exploratory diagnostic; fixed predictions; selection and training uncertainty excluded,-0.019836151900559554,-0.0056117630654781495,-0.01868746053725811,0.022735520539450417,3.2266291057245713,-0.024737919773138092,-0.0012637722060812664,0.022735520539450417,0.011737073783528413,0.007129496804820747,0.025796972659467555,0.01479852590354555,0.010190948924837887,0.02585026781718988,0.014851821061267877,0.009950053188689335,post hoc fixed-model local shift; positive direction crossing lower bound of two-sided family; not two-sided overall power
hgb,False,K,공통 디지털 역량 11문항,hgb::NONE,hgb::D_B_M_P_C_A_K,evaluation,whole,1520,0.019583946984854,0.012798936959988,0.026650039775388,-0.0031515735545964,0.0423194675243044,not_resolved,0.0035705192997412,0.0227355205394504,56,2000,0.0083840744236326,0.0111998725612213,False,retrospective exploratory diagnostic; fixed predictions; selection and training uncertainty excluded,0.012517854194320003,0.026368957009719977,0.013692471946785694,0.022735520539450417,3.2266291057245713,0.008063205489757516,0.03110468847995051,0.022735520539450417,0.011520741495096496,0.006998089233598063,0.025740545396994562,0.01452576635264064,0.010003114091142209,0.025530664750655453,0.014315885706301532,0.009861237001739045,post hoc fixed-model local shift; positive direction crossing lower bound of two-sided family; not two-sided overall power
ridge,True,D,인구통계 정보,ridge::H,ridge::H_D_B_M_P_C_A_K,evaluation,person_disjoint,879,-0.0560092624640095,-0.0782564332982169,-0.034784636208634,-0.0787447830034599,-0.033273741924559,negative,0.0110326691625631,0.0227355205394504,56,2000,0.0176071944408208,-0.0736164569048303,True,retrospective exploratory diagnostic; fixed predictions; selection and training uncertainty excluded,-0.07723388871938493,-0.03376209162980206,-0.07379938848027921,0.022735520539450417,3.2266291057245713,-0.0916075938977657,-0.020410931030253307,0.022735520539450417,0.035598331433756195,0.021623634211969455,0.03202084916964867,0.04488366006395444,0.030908962842167705,0.032039414771535754,0.04490222566584153,0.030528520487460756,post hoc fixed-model local shift; positive direction crossing lower bound of two-sided family; not two-sided overall power
ridge,True,B,소비서비스 생활 개선 기대,ridge::H,ridge::H_D_B_M_P_C_A_K,evaluation,person_disjoint,879,0.0036798432591912,-0.0016674543541319,0.0091380700080254,-0.0190556772802591,0.0264153637986416,not_resolved,0.0027497933601102,0.0227355205394504,56,2000,0.0029248912157428,0.0007549520434484,False,retrospective exploratory diagnostic; fixed predictions; selection and training uncertainty excluded,-0.0017783834896429335,0.00902714087251448,-0.0007701332959604767,0.022735520539450417,3.2266291057245713,-0.005192720031268589,0.012552406549651143,0.022735520539450417,0.008872563290459866,0.0053894959507434495,0.025049805019257007,0.011186847770266455,0.007703780430550038,0.02506445695227562,0.011201499703285066,0.00778716316165941,post hoc fixed-model local shift; positive direction crossing lower bound of two-sided family; not two-sided overall power
ridge,True,M,온라인 쇼핑몰 개인정보 관리 평가,ridge::H,ridge::H_D_B_M_P_C_A_K,evaluation,person_disjoint,879,-0.0039618271848433,-0.0052214423598045,-0.002795384014703,-0.0266973477242937,0.0187736933546071,not_resolved,0.000623809035426,0.0227355205394504,56,2000,3.79418105763098e-05,-0.0039997689954196,True,retrospective exploratory diagnostic; fixed predictions; selection and training uncertainty excluded,-0.0051282703549836335,-0.002702212009882128,-0.0049613262728636,0.022735520539450417,3.2266291057245713,-0.005974627574962985,-0.0019490267947236497,0.022735520539450417,0.0020128003901196674,0.0012226432426657313,0.02326053146935962,0.0025378113200288702,0.0017476541725749343,0.02326686610908272,0.00254414595975197,0.0016977887397726188,post hoc fixed-model local shift; positive direction crossing lower bound of two-sided family; not two-sided overall power
ridge,True,P,추천서비스 제공자 책무 기대,ridge::H,ridge::H_D_B_M_P_C_A_K,evaluation,person_disjoint,879,-0.0025612892398479,-0.0051273876694222,9.846748409011442e-05,-0.0252968097792983,0.0201742312996025,not_resolved,0.0013395675858136,0.0227355205394504,56,2000,0.0001255383790875,-0.0026868276189354,True,retrospective exploratory diagnostic; fixed predictions; selection and training uncertainty excluded,-0.00522104596378593,4.809189726457785e-06,-0.004863144146658883,0.022735520539450417,3.2266291057245713,-0.006883577001319352,0.0017609985216235366,0.022735520539450417,0.004322287761471444,0.002625504223051976,0.023862929063477173,0.005449696285498198,0.003752912747078731,0.023817489587007235,0.005404256809028264,0.0037417257714948415,post hoc fixed-model local shift; positive direction crossing lower bound of two-sided family; not two-sided overall power
ridge,True,C,개인정보 수집 동의 반응,ridge::H,ridge::H_D_B_M_P_C_A_K,evaluation,person_disjoint,879,0.0006307035400037,-0.0006838865751691,0.0018528067045127,-0.0221048169994467,0.0233662240794541,not_resolved,0.0006356831961353,0.0227355205394504,56,2000,-0.0009338527840025,0.0015645563240062,True,retrospective exploratory diagnostic; fixed predictions; selection and training uncertainty excluded,-0.0005913996245053715,0.0019452936551766042,-0.0004382960674093519,0.022735520539450417,3.2266291057245713,-0.0014204103626667512,0.002681817442674173,0.022735520539450417,0.002051113902670462,0.0012459161700026703,0.023270525015143456,0.002586118378363499,0.001780920645695708,0.023273988917923587,0.0025895822811436305,0.0017605715429822506,post hoc fixed-model local shift; positive direction crossing lower bound of two-sided family; not two-sided overall power
ridge,True,A,생성형 AI 이용 경험,ridge::H,ridge::H_D_B_M_P_C_A_K,evaluation,person_disjoint,879,-0.0191424586121759,-0.0277667795606039,-0.0114456182373175,-0.0418779791516263,0.0035930619272744,not_resolved,0.0042319999742941,0.0227355205394504,56,2000,0.0019615370498411,-0.021103995662017,True,retrospective exploratory diagnostic; fixed predictions; selection and training uncertainty excluded,-0.026839298987034268,-0.010518137663747878,-0.025947901366499288,0.022735520539450417,3.2266291057245713,-0.03279755290465899,-0.005487364319692862,0.022735520539450417,0.013655094292483063,0.00829456753219092,0.026297261578296382,0.017216835331329026,0.011856308571036884,0.026467086466875178,0.017386660219907826,0.011428406302283103,post hoc fixed-model local shift; positive direction crossing lower bound of two-sided family; not two-sided overall power
ridge,True,K,공통 디지털 역량 11문항,ridge::H,ridge::H_D_B_M_P_C_A_K,evaluation,person_disjoint,879,0.0147794868732525,0.0047840986727322,0.0248808096922414,-0.0079560336661979,0.0375150074127029,not_resolved,0.0050391691444883,0.0227355205394504,56,2000,0.0096358842107768,0.0051436026624756,False,retrospective exploratory diagnostic; fixed predictions; selection and training uncertainty excluded,0.004678164054263544,0.024774875073772767,0.006416890650776531,0.022735520539450417,3.2266291057245713,-0.0014800429570227813,0.031039016703527787,0.022735520539450417,0.016259529830275284,0.009876590035202673,0.026976592291017266,0.02050060158184213,0.014117661786769521,0.026899871364677752,0.02042388065550262,0.014265673644216294,post hoc fixed-model local shift; positive direction crossing lower bound of two-sided family; not two-sided overall power
ridge,False,D,인구통계 정보,ridge::NONE,ridge::D_B_M_P_C_A_K,evaluation,person_disjoint,879,-0.0566560449814328,-0.0779630292030484,-0.035975355866599,-0.0793915655208833,-0.0339205244419824,negative,0.0106270827302588,0.0227355205394504,56,2000,0.0175851985447428,-0.0742412435261757,True,retrospective exploratory diagnostic; fixed predictions; selection and training uncertainty excluded,-0.07733673409626676,-0.03534906075981731,-0.07390317303600202,0.022735520539450417,3.2266291057245713,-0.09094569942782903,-0.02236639053503675,0.022735520539450417,0.03428965444639614,0.020828699412034923,0.03167949901617228,0.04323363292311799,0.029772677888756788,0.03162930938302562,0.04318344328997134,0.02957447795840907,post hoc fixed-model local shift; positive direction crossing lower bound of two-sided family; not two-sided overall power
ridge,False,B,소비서비스 생활 개선 기대,ridge::NONE,ridge::D_B_M_P_C_A_K,evaluation,person_disjoint,879,0.0062775731382622,-0.0009843333341558,0.0135423027511724,-0.0164579474011882,0.0290130936777126,not_resolved,0.0036561193889673,0.0227355205394504,56,2000,0.0052945047892244,0.0009830683490377,False,retrospective exploratory diagnostic; fixed predictions; selection and training uncertainty excluded,-0.0009871564746480148,0.013539479610680218,0.00031122225105205924,0.022735520539450417,3.2266291057245713,-0.005519368096183681,0.01807451437270808,0.022735520539450417,0.011796941234445881,0.007165862325554531,0.02581258824968294,0.014874008944678403,0.010242930035787055,0.025816490098420665,0.014877910793416127,0.010345699171880461,post hoc fixed-model local shift; positive direction crossing lower bound of two-sided family; not two-sided overall power
ridge,False,M,온라인 쇼핑몰 개인정보 관리 평가,ridge::NONE,ridge::D_B_M_P_C_A_K,evaluation,person_disjoint,879,0.0009523669965247,0.0005961907877591,0.001315471307707,-0.0217831535429257,0.0236878875359751,not_resolved,0.0001801901851164,0.0227355205394504,56,2000,-0.0001595074035241,0.0011118744000488,True,retrospective exploratory diagnostic; fixed predictions; selection and training uncertainty excluded,0.0005892626853423139,0.0013085432052902751,0.0006567878777824006,0.022735520539450417,3.2266291057245713,0.00037096010066203485,0.0015337738923873775,0.022735520539450417,0.0005814068958626713,0.0003531662731958687,0.022887172425325866,0.0007330587817381188,0.0005048181590713163,0.022877456651280555,0.0007233430076928097,0.0005050404230125306,post hoc fixed-model local shift; positive direction crossing lower bound of two-sided family; not two-sided overall power
ridge,False,P,추천서비스 제공자 책무 기대,ridge::NONE,ridge::D_B_M_P_C_A_K,evaluation,person_disjoint,879,-0.0037148633163835,-0.006272111224012,-0.0010045338348799,-0.0264503838558339,0.0190206572230668,not_resolved,0.0013511011746822,0.0227355205394504,56,2000,0.0002054202773029,-0.0039202835936864,True,retrospective exploratory diagnostic; fixed predictions; selection and training uncertainty excluded,-0.006425192797887202,-0.0011576154087550687,-0.0059939999320964355,0.022735520539450417,3.2266291057245713,-0.008074365691391855,0.0006446390586247255,0.022735520539450417,0.00435950237500829,0.0026481096418469,0.023872635976768277,0.005496617812326149,0.0037852250791647587,0.023861503425897407,0.00548548526145528,0.003836312367950627,post hoc fixed-model local shift; positive direction crossing lower bound of two-sided family; not two-sided overall power
ridge,False,C,개인정보 수집 동의 반응,ridge::NONE,ridge::D_B_M_P_C_A_K,evaluation,person_disjoint,879,0.0008175918587945,-0.000967116232287,0.0024883851645529,-0.0219179286806558,0.023553112398245,not_resolved,0.0009020383248926,0.0227355205394504,56,2000,-0.000544493225276,0.0013620850840706,True,retrospective exploratory diagnostic; fixed predictions; selection and training uncertainty excluded,-0.0008532014469638021,0.002602299949876215,-0.000599288552196895,0.022735520539450417,3.2266291057245713,-0.0020929512547831954,0.0037281349723723685,0.022735520539450417,0.002910543113577782,0.0017679626294645073,0.023494695147176645,0.0036697177213040107,0.0025271372371907363,0.02352565237549884,0.0037006749496262072,0.0024609251418068138,post hoc fixed-model local shift; positive direction crossing lower bound of two-sided family; not two-sided overall power
ridge,False,A,생성형 AI 이용 경험,ridge::NONE,ridge::D_B_M_P_C_A_K,evaluation,person_disjoint,879,-0.0196473755849648,-0.0301863151759735,-0.0099724853036317,-0.0423828961244152,0.0030881449544855,not_resolved,0.0052881628261141,0.0227355205394504,56,2000,0.0040356563169244,-0.0236830319018892,True,retrospective exploratory diagnostic; fixed predictions; selection and training uncertainty excluded,-0.02932226586629791,-0.009108435993956132,-0.02829796657208018,0.022735520539450417,3.2266291057245713,-0.036710315675515304,-0.0025844354944143354,0.022735520539450417,0.017062940090550486,0.0103646086835672,0.027186150660499002,0.02151357021159907,0.014815238804615785,0.02743548771252913,0.0217629072636292,0.014374857454411803,post hoc fixed-model local shift; positive direction crossing lower bound of two-sided family; not two-sided overall power
ridge,False,K,공통 디지털 역량 11문항,ridge::NONE,ridge::D_B_M_P_C_A_K,evaluation,person_disjoint,879,0.0129966318003953,0.0025758245092246,0.0239128065717561,-0.0097388887390551,0.0357321523398457,not_resolved,0.0053683657633189,0.0227355205394504,56,2000,0.0118959642872297,0.0011006675131655,False,retrospective exploratory diagnostic; fixed predictions; selection and training uncertainty excluded,0.002080457029034522,0.023417439091565982,0.004079760968516375,0.022735520539450417,3.2266291057245713,-0.00432509342170498,0.030318357022495614,0.022735520539450417,0.017321725222100296,0.010521803551943059,0.027253651155445528,0.021839855838095404,0.01503993416793817,0.027192643990923242,0.02177884867357312,0.015373298222833617,post hoc fixed-model local shift; positive direction crossing lower bound of two-sided family; not two-sided overall power
hgb,True,D,인구통계 정보,hgb::H,hgb::H_D_B_M_P_C_A_K,evaluation,person_disjoint,879,-0.0189398184421112,-0.031995926155191,-0.0049201410483585,-0.0416753389815616,0.0037957020973391,not_resolved,0.007004647909843,0.0227355205394504,56,2000,0.0185567709662965,-0.0374965894084077,True,retrospective exploratory diagnostic; fixed predictions; selection and training uncertainty excluded,-0.03295949583586397,-0.005883710729031525,-0.030021515800719906,0.022735520539450417,3.2266291057245713,-0.041541219263363564,0.0036615823791410276,0.022735520539450417,0.022601400821252296,0.013728857627676101,0.02863078095407644,0.028496661235878316,0.019624118042302127,0.028706284355391118,0.028572164637192997,0.0199904412096934,post hoc fixed-model local shift; positive direction crossing lower bound of two-sided family; not two-sided overall power
hgb,True,B,소비서비스 생활 개선 기대,hgb::H,hgb::H_D_B_M_P_C_A_K,evaluation,person_disjoint,879,0.0084325387188853,0.0028258771416242,0.0141227863606872,-0.0143029818205651,0.0311680592583357,not_resolved,0.0028641542833257,0.0227355205394504,56,2000,0.0020421720139784,0.0063903667049068,False,retrospective exploratory diagnostic; fixed predictions; selection and training uncertainty excluded,0.0027422910770833553,0.014039200296146363,0.0036658158498878764,0.022735520539450417,3.2266291057245713,-0.0008090248549792577,0.017674102292749877,0.022735520539450417,0.009241563573864568,0.005613639241484602,0.025146053600526182,0.011652096634940332,0.008024172302560367,0.02508122408335041,0.011587267117764562,0.00803595118570195,post hoc fixed-model local shift; positive direction crossing lower bound of two-sided family; not two-sided overall power
hgb,True,M,온라인 쇼핑몰 개인정보 관리 평가,hgb::H,hgb::H_D_B_M_P_C_A_K,evaluation,person_disjoint,879,-0.011562224332284,-0.0169165604640975,-0.0062997885647742,-0.0342977448717344,0.0111732962071663,not_resolved,0.0027317076635828,0.0227355205394504,56,2000,0.0029303020378706,-0.0144925263701546,True,retrospective exploratory diagnostic; fixed predictions; selection and training uncertainty excluded,-0.016824660099793828,-0.006207888200470592,-0.0159266835846509,0.022735520539450417,3.2266291057245713,-0.02037643178793126,-0.002748016876636849,0.022735520539450417,0.008814207455647205,0.005354048636914393,0.025034583713035578,0.011113270629232364,0.0076531118104995535,0.02503442218920887,0.011113109105405661,0.00756133741726823,post hoc fixed-model local shift; positive direction crossing lower bound of two-sided family; not two-sided overall power
hgb,True,P,추천서비스 제공자 책무 기대,hgb::H,hgb::H_D_B_M_P_C_A_K,evaluation,person_disjoint,879,-0.0042395200274095,-0.0128507453103787,0.0040646067537454,-0.02697504056686,0.0184960005120408,not_resolved,0.0043675913557072,0.0227355205394504,56,2000,0.0075572375415563,-0.0117967575689659,True,retrospective exploratory diagnostic; fixed predictions; selection and training uncertainty excluded,-0.012543646808564596,0.004371705255559611,-0.011110603807394853,0.022735520539450417,3.2266291057245713,-0.018332117417645583,0.009853077362826406,0.022735520539450417,0.014092597390235995,0.008560321756374644,0.026411378163983135,0.017768455014768713,0.012236179380907361,0.02660694683619836,0.017964023686983938,0.01217555307790295,post hoc fixed-model local shift; positive direction crossing lower bound of two-sided family; not two-sided overall power
hgb,True,C,개인정보 수집 동의 반응,hgb::H,hgb::H_D_B_M_P_C_A_K,evaluation,person_disjoint,879,0.0008678188578013,-0.0009171992527213,0.0025755169459254,-0.0218677016816491,0.0236033393972517,not_resolved,0.0008867601447214,0.0227355205394504,56,2000,0.0010551004276197,-0.0001872815698184,False,retrospective exploratory diagnostic; fixed predictions; selection and training uncertainty excluded,-0.0008398792303228127,0.002652836968324004,-0.0005326697652433367,0.022735520539450417,3.2266291057245713,-0.001993427234953341,0.003729064950555971,0.022735520539450417,0.002861246092754656,0.0017380179465795026,0.02348183670633415,0.00360756225963839,0.0024843341134632374,0.023483941853405525,0.0036096674067097622,0.0024561194020792337,post hoc fixed-model local shift; positive direction crossing lower bound of two-sided family; not two-sided overall power
hgb,True,A,생성형 AI 이용 경험,hgb::H,hgb::H_D_B_M_P_C_A_K,evaluation,person_disjoint,879,-0.0230642605135063,-0.0318041835312112,-0.0153690771489405,-0.0457997810529567,-0.0003287399740559,negative,0.0043090124693478,0.0227355205394504,56,2000,0.0016810403557805,-0.0247453008692868,True,retrospective exploratory diagnostic; fixed predictions; selection and training uncertainty excluded,-0.03075944387807211,-0.01432433749580146,-0.02979324942774117,0.022735520539450417,3.2266291057245713,-0.03696784556403424,-0.009160675462978418,0.022735520539450417,0.013903585050527913,0.00844550924885581,0.026362076929384033,0.017530141440461527,0.012072065638789426,0.026486188871747526,0.017654253382825023,0.011445851696862887,post hoc fixed-model local shift; positive direction crossing lower bound of two-sided family; not two-sided overall power
hgb,True,K,공통 디지털 역량 11문항,hgb::H,hgb::H_D_B_M_P_C_A_K,evaluation,person_disjoint,879,0.0193205988074504,0.0104105923981876,0.0287626495504391,-0.003414921732,0.0420561193469008,not_resolved,0.0047356057396994,0.0227355205394504,56,2000,0.0041215017355865,0.0151990970718638,False,retrospective exploratory diagnostic; fixed predictions; selection and training uncertainty excluded,0.009878548064461689,0.028230605216713178,0.011414936795534817,0.022735520539450417,3.2266291057245713,0.004040555494499798,0.034600642120401,0.022735520539450417,0.015280043312950601,0.009281616694792095,0.026721106883811248,0.01926562965731143,0.013267203039152924,0.0264902543260525,0.01903477709955268,0.013196784529590793,post hoc fixed-model local shift; positive direction crossing lower bound of two-sided family; not two-sided overall power
hgb,False,D,인구통계 정보,hgb::NONE,hgb::D_B_M_P_C_A_K,evaluation,person_disjoint,879,-0.0466179614628728,-0.0655452443157696,-0.0285307296328674,-0.0693534820023232,-0.0238824409234224,negative,0.0095064694066705,0.0227355205394504,56,2000,0.0213407156587804,-0.0679586771216532,True,retrospective exploratory diagnostic; fixed predictions; selection and training uncertainty excluded,-0.0647051932928782,-0.027690678609976017,-0.06218222091875579,0.022735520539450417,3.2266291057245713,-0.07729181234311627,-0.015944110582629376,0.022735520539450417,0.030673850880243447,0.018632337657206167,0.030736367048415668,0.038674697389208694,0.02663318416617142,0.030559850581383025,0.03849818092217605,0.025911561871937987,post hoc fixed-model local shift; positive direction crossing lower bound of two-sided family; not two-sided overall power
hgb,False,B,소비서비스 생활 개선 기대,hgb::NONE,hgb::D_B_M_P_C_A_K,evaluation,person_disjoint,879,0.0049351542813017,-0.0022482914307943,0.0125193530812495,-0.0178003662581486,0.0276706748207521,not_resolved,0.0037548890861789,0.0227355205394504,56,2000,0.0043907374321006,0.000544416849201,False,retrospective exploratory diagnostic; fixed predictions; selection and training uncertainty excluded,-0.0026490445186460234,0.012118599993397882,-0.0014167502927801895,0.022735520539450417,3.2266291057245713,-0.0071804801329307276,0.01705078869553427,0.022735520539450417,0.012115634414232499,0.007359447374853234,0.02589571492408981,0.015275828798871889,0.010519641759492625,0.02582225273381341,0.015202366608595494,0.010670930994310789,post hoc fixed-model local shift; positive direction crossing lower bound of two-sided family; not two-sided overall power
hgb,False,M,온라인 쇼핑몰 개인정보 관리 평가,hgb::NONE,hgb::D_B_M_P_C_A_K,evaluation,person_disjoint,879,-0.0038133357852137,-0.0065422617654697,-0.0010166165120032,-0.0265488563246641,0.0189221847542366,not_resolved,0.0014005270801307,0.0227355205394504,56,2000,0.0017661253279734,-0.0055794611131871,True,retrospective exploratory diagnostic; fixed predictions; selection and training uncertainty excluded,-0.006610055058424215,-0.0010844098049576935,-0.006135380112724764,0.022735520539450417,3.2266291057245713,-0.008332317225319193,0.0007056456548917506,0.022735520539450417,0.004518981440105472,0.0027449826364294005,0.02391423386828237,0.005697694768937423,0.003923695965261352,0.023887152052450907,0.00567061295310596,0.0039483507862109815,post hoc fixed-model local shift; positive direction crossing lower bound of two-sided family; not two-sided overall power
hgb,False,P,추천서비스 제공자 책무 기대,hgb::NONE,hgb::D_B_M_P_C_A_K,evaluation,person_disjoint,879,-0.0127318695236588,-0.0234305709449559,-0.0025793186153338,-0.0354673900631092,0.0100036510157915,not_resolved,0.0052447966642938,0.0227355205394504,56,2000,0.0104421828862336,-0.0231740524098925,True,retrospective exploratory diagnostic; fixed predictions; selection and training uncertainty excluded,-0.02288442043198387,-0.0020331681023617806,-0.021032824138151204,0.022735520539450417,3.2266291057245713,-0.029654883094276645,0.004191144046958934,0.022735520539450417,0.01692301357061779,0.010279612568251825,0.027149652777892542,0.02133714580905991,0.01469374480669395,0.027469421378372556,0.02165691440953993,0.014886451747247155,post hoc fixed-model local shift; positive direction crossing lower bound of two-sided family; not two-sided overall power
hgb,False,C,개인정보 수집 동의 반응,hgb::NONE,hgb::D_B_M_P_C_A_K,evaluation,person_disjoint,879,0.0022266735299906,0.0005749131087968,0.003930944439778,-0.0205088470094597,0.024962194069441,not_resolved,0.0008757008719635,0.0227355205394504,56,2000,0.0010469671356578,0.0011797063943328,False,retrospective exploratory diagnostic; fixed predictions; selection and training uncertainty excluded,0.0005224026202032613,0.003878433951184484,0.0008120864773178719,0.022735520539450417,3.2266291057245713,-0.0005988883913952865,0.0050522354513765945,0.022735520539450417,0.0028255619213859405,0.0017163421702788572,0.023472528987553247,0.0035625703694887705,0.0024533506183816874,0.02351231543064634,0.0036023568125818648,0.002481065800983317,post hoc fixed-model local shift; positive direction crossing lower bound of two-sided family; not two-sided overall power
hgb,False,A,생성형 AI 이용 경험,hgb::NONE,hgb::D_B_M_P_C_A_K,evaluation,person_disjoint,879,-0.0200095673817538,-0.0306691994706899,-0.0105227678045115,-0.0427450879212042,0.0027259531576965,not_resolved,0.0052174355533334,0.0227355205394504,56,2000,0.0036513609004473,-0.0236609282822011,True,retrospective exploratory diagnostic; fixed predictions; selection and training uncertainty excluded,-0.029496366958996156,-0.00934993529281772,-0.0282498220321026,0.022735520539450417,3.2266291057245713,-0.0368442967953816,-0.0031748379681260583,0.022735520539450417,0.01683472941362777,0.010225985776192294,0.027126625085934063,0.021225833960111413,0.01461709032267594,0.027268365055835717,0.02136757393001307,0.014019644093627631,post hoc fixed-model local shift; positive direction crossing lower bound of two-sided family; not two-sided overall power
hgb,False,K,공통 디지털 역량 11문항,hgb::NONE,hgb::D_B_M_P_C_A_K,evaluation,person_disjoint,879,0.0124105028104294,0.0027778228656087,0.0222840984332855,-0.0103250177290209,0.0351460233498798,not_resolved,0.0048603033226058,0.0227355205394504,56,2000,0.0083840744236326,0.0040264283867967,False,retrospective exploratory diagnostic; fixed predictions; selection and training uncertainty excluded,0.002536907187573342,0.022043182755250086,0.004243161344603914,0.022735520539450417,3.2266291057245713,-0.0032718933529405116,0.028092898973799383,0.022735520539450417,0.015682396163369947,0.009526019466247869,0.026826055017360503,0.019772930641280034,0.013616553944157958,0.026641555606846258,0.01958843123076579,0.013779630690251937,post hoc fixed-model local shift; positive direction crossing lower bound of two-sided family; not two-sided overall power
