policy_id,algorithm,availability,budget,history_available,selected_subset,source_model,chosen_model,chosen_subset,chosen_config,uses_history,selected_additional_items,selected_items,development_oof_log_loss,selected_config_json,blocks_json,domain,n,reference_label,reference_model,self_contrast,family_unique_nonself_contrasts,q_primary_absolute,q_standardized,inference_status,delta_log_loss,benefit_log_loss,bootstrap_se,marginal_delta95_low,marginal_delta95_high,marginal_delta_upper95,marginal_benefit95_low,marginal_benefit95_high,marginal_benefit_lower95,primary_delta_upper95,standardized_delta_upper95,primary_benchmark_or_full_superiority,standardized_benchmark_or_full_superiority,marginal_superiority_unadjusted,critical_primary,critical_standardized,critical_marginal_normal,critical_marginal_bootstrap,mdd80_primary_normal,mdd80_standardized_normal,mdd80_marginal_normal,mdd80_primary_bootstrap_shift,mdd80_standardized_bootstrap_shift,mdd80_marginal_bootstrap_shift
ridge|history_unavailable|budget=01,ridge,history_unavailable,1,False,B,ridge::B,ridge::B,B,0.1,False,1,1,0.6777381954029948,0.1,"[""B""]",whole,1520,benchmark,ridge::NONE,False,21,0.023125055144324436,2.606807609085381,"post hoc; fixed-model conditional local-shift approximation, not achieved power",-0.008203755818482983,0.008203755818482983,0.0032422692333455025,-0.014507855303751788,-0.0019165049046215663,-0.0027931336811956144,0.0019165049046215663,0.014507855303751788,0.0027931336811956144,0.014921299325841453,0.0002482162897054982,False,False,True,0.023125055144324436,0.008451972108188481,0.005333058308021519,0.0054106221372873685,0.025853817776068187,0.01118073473993223,0.008061820939765266,0.025936893591953593,0.011263810555817638,0.008222460584916524
ridge|history_unavailable|budget=04,ridge,history_unavailable,4,False,D,ridge::D,ridge::D,D,1.0,False,4,4,0.6621656516928427,1.0,"[""D""]",whole,1520,benchmark,ridge::NONE,False,21,0.023125055144324436,2.606807609085381,"post hoc; fixed-model conditional local-shift approximation, not achieved power",0.02501758035370849,-0.02501758035370849,0.007864672637809855,0.00945661477065427,0.03978472484102152,0.03769763940660193,-0.03978472484102152,-0.00945661477065427,-0.03769763940660193,0.048142635498032924,0.04551926882891681,False,False,False,0.023125055144324436,0.020501688475208325,0.012936235313087541,0.012680059052893438,0.029744130631405113,0.027120763962289,0.019555310800168216,0.029941556737429622,0.02731819006831351,0.019496560645998622
ridge|history_unavailable|budget=11,ridge,history_unavailable,11,False,D_B_A,ridge::D_B_A,ridge::D_B_A,D_B_A,1.0,False,6,6,0.6545563941969289,1.0,"[""D"", ""B"", ""A""]",whole,1520,benchmark,ridge::NONE,False,21,0.023125055144324436,2.606807609085381,"post hoc; fixed-model conditional local-shift approximation, not achieved power",0.03538379144011705,-0.03538379144011705,0.010673211288085358,0.014029807466322979,0.05633966862410325,0.05263677004914867,-0.05633966862410325,-0.014029807466322979,-0.05263677004914867,0.058508846584441485,0.06320679983927394,False,False,False,0.023125055144324436,0.02782300839915689,0.017555870298426594,0.017252978609031615,0.032107856394787186,0.036805809649619645,0.026538671548889343,0.032361006238627185,0.037058959493459644,0.026488929703334368
ridge|history_unavailable|budget=30,ridge,history_unavailable,30,False,D_B_P_A_K,ridge::D_B_P_A_K,ridge::D_B_P_A_K,D_B_P_A_K,1.0,False,28,28,0.645554504910448,1.0,"[""D"", ""B"", ""P"", ""A"", ""K""]",whole,1520,benchmark,ridge::NONE,False,21,0.023125055144324436,2.606807609085381,"post hoc; fixed-model conditional local-shift approximation, not achieved power",0.020237323989538702,-0.020237323989538702,0.010930418510579284,-0.0016012005786483659,0.04183840415831694,0.03808462906359451,-0.04183840415831694,0.0016012005786483659,-0.03808462906359451,0.043362379133863135,0.048730822133404475,False,False,False,0.023125055144324436,0.028493498143865776,0.017978938531223846,0.017847305074055807,0.03232432745466639,0.037692770454207734,0.027178210841565797,0.03209531474784135,0.03746375774738269,0.026817564677572722
ridge|history_unavailable|budget=01,ridge,history_unavailable,1,False,B,ridge::B,ridge::B,B,0.1,False,1,1,0.6777381954029948,0.1,"[""B""]",disjoint,879,benchmark,ridge::NONE,False,21,0.03103450671618057,2.5752381693336783,"post hoc; fixed-model conditional local-shift approximation, not achieved power",-0.007060745992827688,0.007060745992827688,0.00430974809302541,-0.015063337161845599,0.0016488525819385053,0.00026246573505453365,-0.0016488525819385053,0.015063337161845599,-0.00026246573505453365,0.02397376072335288,0.004037881796544379,False,False,False,0.03103450671618057,0.011098627789372068,0.007088904782060036,0.007323211727882222,0.03466168222262113,0.014725803295812629,0.010716080288500596,0.034513165975205276,0.014577287048396776,0.01080187098690693
ridge|history_unavailable|budget=04,ridge,history_unavailable,4,False,D,ridge::D,ridge::D,D,1.0,False,4,4,0.6621656516928427,1.0,"[""D""]",disjoint,879,benchmark,ridge::NONE,False,21,0.03103450671618057,2.5752381693336783,"post hoc; fixed-model conditional local-shift approximation, not achieved power",0.05122799924545696,-0.05122799924545696,0.011036531504008927,0.02944637746656562,0.0723643303043514,0.06923228121013261,-0.0723643303043514,-0.02944637746656562,-0.06923228121013261,0.08226250596163753,0.07964969643163437,False,False,False,0.03103450671618057,0.028421697186177416,0.01815347887333327,0.01800428196467566,0.04032308597495089,0.03771027644494774,0.02744205813210359,0.04023052185364361,0.03761771232364046,0.027200297102138702
ridge|history_unavailable|budget=11,ridge,history_unavailable,11,False,D_B_A,ridge::D_B_A,ridge::D_B_A,D_B_A,1.0,False,6,6,0.6545563941969289,1.0,"[""D"", ""B"", ""A""]",disjoint,879,benchmark,ridge::NONE,False,21,0.03103450671618057,2.5752381693336783,"post hoc; fixed-model conditional local-shift approximation, not achieved power",0.06546815870035594,-0.06546815870035594,0.014258230685424667,0.03753928273758286,0.09370514083933407,0.08866874494684024,-0.09370514083933407,-0.03753928273758286,-0.08866874494684024,0.09650266541653651,0.10218649858862623,False,False,False,0.03103450671618057,0.03671833988827029,0.02345270245683154,0.023200586246484304,0.043034536414214855,0.048718369586304586,0.03545273215486582,0.04317319792950131,0.048857031101591036,0.035339277459805044
ridge|history_unavailable|budget=30,ridge,history_unavailable,30,False,D_B_P_A_K,ridge::D_B_P_A_K,ridge::D_B_P_A_K,D_B_P_A_K,1.0,False,28,28,0.645554504910448,1.0,"[""D"", ""B"", ""P"", ""A"", ""K""]",disjoint,879,benchmark,ridge::NONE,False,21,0.03103450671618057,2.5752381693336783,"post hoc; fixed-model conditional local-shift approximation, not achieved power",0.056061018660220396,-0.056061018660220396,0.014790922744475809,0.026318339466231945,0.08467028270981858,0.08063373955683599,-0.08467028270981858,-0.026318339466231945,-0.08063373955683599,0.08709552537640097,0.09415116747146014,False,False,False,0.03103450671618057,0.038090148811239746,0.024328902922210058,0.024572720896615597,0.04348286136206798,0.050538503457127154,0.03677725756809746,0.04366061201153081,0.05071625410658999,0.03719882619196584
ridge|history_available|budget=01,ridge,history_available,1,True,H_B,ridge::H_B,ridge::H_B,H_B,1.0,True,1,1,0.6578158495921907,1.0,"[""H"", ""B""]",whole,1520,benchmark,P0,False,25,0.02229214816222482,2.65580397971585,"post hoc; fixed-model conditional local-shift approximation, not achieved power",-0.003380886500801372,0.003380886500801372,0.0024230667534464326,-0.008054499711388033,0.0013511408885207299,0.0005064763691249741,-0.0013511408885207299,0.008054499711388033,-0.0005064763691249741,0.01891126166142345,0.0030543038261188274,False,False,False,0.02229214816222482,0.0064351903269202,0.003985590137751893,0.0038873628699263463,0.024331452592289925,0.008474494756985303,0.006024894567816996,0.024410220916564817,0.008553263081260195,0.006005435624266342
ridge|history_available|budget=04,ridge,history_available,4,True,H_D,ridge::H_D,ridge::H_D,H_D,1.0,True,4,4,0.6396754472363618,1.0,"[""H"", ""D""]",whole,1520,benchmark,P0,False,25,0.02229214816222482,2.65580397971585,"post hoc; fixed-model conditional local-shift approximation, not achieved power",0.035710942588718764,-0.035710942588718764,0.008321102579471584,0.018934719705642374,0.050847234552690614,0.04891114370125624,-0.050847234552690614,-0.018934719705642374,-0.04891114370125624,0.058003090750943585,0.057810159934903224,False,False,False,0.02229214816222482,0.022099217346184457,0.013686995758079086,0.013200201112537474,0.029295364779846456,0.02910243396380609,0.020690212375700717,0.029514675765040476,0.02932174494900011,0.02042272871535313
ridge|history_available|budget=11,ridge,history_available,11,True,H_D_B_M_A,ridge::H_D_B_M_A,ridge::H_D_B_M_A,H_D_B_M_A,1.0,True,7,7,0.6362310759849575,1.0,"[""H"", ""D"", ""B"", ""M"", ""A""]",whole,1520,benchmark,P0,False,25,0.02229214816222482,2.65580397971585,"post hoc; fixed-model conditional local-shift approximation, not achieved power",0.0532688948556137,-0.0532688948556137,0.01035219431447045,0.03223132298902129,0.0733205129133029,0.06988658995917929,-0.0733205129133029,-0.03223132298902129,-0.06988658995917929,0.07556104301783853,0.08076229371477611,False,False,False,0.02229214816222482,0.027493398859162417,0.01702784436506313,0.01661769510356558,0.031004774711355952,0.03620602540829355,0.025740470914194256,0.031146364386244095,0.03634761508318169,0.025471911327584855
ridge|history_available|budget=30,ridge,history_available,30,True,H_D_B_M_P_A_K,ridge::H_D_B_M_P_A_K,ridge::H_D_B_M_P_A_K,H_D_B_M_P_A_K,1.0,True,29,29,0.6292921291184919,1.0,"[""H"", ""D"", ""B"", ""M"", ""P"", ""A"", ""K""]",whole,1520,benchmark,P0,False,25,0.02229214816222482,2.65580397971585,"post hoc; fixed-model conditional local-shift approximation, not achieved power",0.038457038432437196,-0.038457038432437196,0.01052621769592646,0.016725754795144935,0.0590057459627325,0.05544129974840354,-0.0590057459627325,-0.016725754795144935,-0.05544129974840354,0.06074918659466202,0.0664126092806341,False,False,False,0.02229214816222482,0.027955570848196897,0.017314087355225407,0.016984261315966344,0.031151236484327487,0.036814659170299566,0.026173175677328072,0.031234190993061614,0.03689761367903369,0.025926304146803136
ridge|history_available|budget=01,ridge,history_available,1,True,H_B,ridge::H_B,ridge::H_B,H_B,1.0,True,1,1,0.6578158495921907,1.0,"[""H"", ""B""]",disjoint,879,benchmark,P0,False,25,0.029735024026618886,2.623851463746673,"post hoc; fixed-model conditional local-shift approximation, not achieved power",-0.003815201176300076,0.003815201176300076,0.0032844730092763965,-0.010077542072754051,0.002687055084261026,0.0015938786585478915,-0.002687055084261026,0.010077542072754051,-0.0015938786585478915,0.02591982285031881,0.004802768136726237,False,False,False,0.029735024026618886,0.008617969313026313,0.005402477341932497,0.0054090798348479675,0.03249930625232303,0.011382251538730456,0.00816675956763664,0.03248373297588524,0.011366678262292667,0.008157788784114321
ridge|history_available|budget=04,ridge,history_available,4,True,H_D,ridge::H_D,ridge::H_D,H_D,1.0,True,4,4,0.6396754472363618,1.0,"[""H"", ""D""]",disjoint,879,benchmark,P0,False,25,0.029735024026618886,2.623851463746673,"post hoc; fixed-model conditional local-shift approximation, not achieved power",0.049879667887185786,-0.049879667887185786,0.011481266504554919,0.02682137098138278,0.07215846037284342,0.06844277736334664,-0.07215846037284342,-0.02682137098138278,-0.06844277736334664,0.07961469191380467,0.08000480581082786,False,False,False,0.029735024026618886,0.030125137923642076,0.01888500285201361,0.01856310947616086,0.039397901705161775,0.039788015602184965,0.0285478805305565,0.0395935288757298,0.039983642772752986,0.028421614325271766
ridge|history_available|budget=11,ridge,history_available,11,True,H_D_B_M_A,ridge::H_D_B_M_A,ridge::H_D_B_M_A,H_D_B_M_A,1.0,True,7,7,0.6362310759849575,1.0,"[""H"", ""D"", ""B"", ""M"", ""A""]",disjoint,879,benchmark,P0,False,25,0.029735024026618886,2.623851463746673,"post hoc; fixed-model conditional local-shift approximation, not achieved power",0.07204147797295257,-0.07204147797295257,0.0138243506476883,0.045002800150652146,0.09925376264988503,0.09397056592558078,-0.09925376264988503,-0.045002800150652146,-0.09397056592558078,0.10177650199957146,0.10831452065523678,False,False,False,0.029735024026618886,0.036273042682284214,0.022739033303099034,0.02192908795262821,0.04136989107207083,0.04790790972773616,0.03437390034855097,0.04164721422263853,0.048185232878303855,0.03384127814864785
ridge|history_available|budget=30,ridge,history_available,30,True,H_D_B_M_P_A_K,ridge::H_D_B_M_P_A_K,ridge::H_D_B_M_P_A_K,H_D_B_M_P_A_K,1.0,True,29,29,0.6292921291184919,1.0,"[""H"", ""D"", ""B"", ""M"", ""P"", ""A"", ""K""]",disjoint,879,benchmark,P0,False,25,0.029735024026618886,2.623851463746673,"post hoc; fixed-model conditional local-shift approximation, not achieved power",0.06263981237066718,-0.06263981237066718,0.014246879578770928,0.03456040365053348,0.0900886418126303,0.08573581071347744,-0.0900886418126303,-0.03456040365053348,-0.08573581071347744,0.09237483639728607,0.10002150820724787,False,False,False,0.029735024026618886,0.037381695836580686,0.023434031547882223,0.02309599834281026,0.041725500392268834,0.049372172202230634,0.03542450791353217,0.04184886326543926,0.04949553507540106,0.03520983758163063
hgb|history_unavailable|budget=01,hgb,history_unavailable,1,False,B,hgb::B,hgb::B,B,"{""learning_rate"": 0.05, ""max_leaf_nodes"": 3}",False,1,1,0.6760966845523163,"{""learning_rate"": 0.05, ""max_leaf_nodes"": 3}","[""B""]",whole,1520,benchmark,hgb::NONE,False,31,0.02297049839611392,2.756492256429987,"post hoc; fixed-model conditional local-shift approximation, not achieved power",-0.0037471572888205795,0.0037471572888205795,0.0038053495079238982,-0.011444723304235422,0.003589054667181012,0.0025121935612141526,-0.003589054667181012,0.011444723304235422,-0.0025121935612141526,0.01922334110729334,0.006742259162781308,False,False,False,0.02297049839611392,0.010489416451601888,0.006259242939926624,0.006259350850034732,0.026173161343148912,0.013692079398636882,0.009461905886961617,0.026261140311956768,0.013780058367444739,0.009549992765877584
hgb|history_unavailable|budget=04,hgb,history_unavailable,4,False,D,hgb::D,hgb::D,D,"{""learning_rate"": 0.05, ""max_leaf_nodes"": 7}",False,4,4,0.6641680792622449,"{""learning_rate"": 0.05, ""max_leaf_nodes"": 7}","[""D""]",whole,1520,benchmark,hgb::NONE,False,31,0.02297049839611392,2.756492256429987,"post hoc; fixed-model conditional local-shift approximation, not achieved power",0.02987682111518908,-0.02987682111518908,0.008368907312763837,0.013404473323051301,0.04551332116595612,0.04318163193684607,-0.04551332116595612,-0.013404473323051301,-0.04318163193684607,0.052847319511303,0.052945649317602886,False,False,False,0.02297049839611392,0.02306882820241381,0.013765627547020296,0.013304810821656993,0.030013948492339602,0.030112278298639494,0.02080907764324598,0.030301412588688886,0.030399742394988778,0.02063572501423196
hgb|history_unavailable|budget=11,hgb,history_unavailable,11,False,D_B_M_C_A,hgb::D_B_M_C_A,hgb::D_B_M_C_A,D_B_M_C_A,"{""learning_rate"": 0.05, ""max_leaf_nodes"": 7}",False,8,8,0.6485929332417237,"{""learning_rate"": 0.05, ""max_leaf_nodes"": 7}","[""D"", ""B"", ""M"", ""C"", ""A""]",whole,1520,benchmark,hgb::NONE,False,31,0.02297049839611392,2.756492256429987,"post hoc; fixed-model conditional local-shift approximation, not achieved power",0.05329767858555756,-0.05329767858555756,0.01099474358550129,0.03126668732271175,0.07433113526391547,0.07100383293450335,-0.07433113526391547,-0.03126668732271175,-0.07100383293450335,0.07626817698167149,0.08360460414042514,False,False,False,0.02297049839611392,0.030306925554867577,0.01808474386401323,0.017706154348945784,0.0322239080553614,0.03956033521411506,0.02733815352326071,0.0319744955326937,0.03931092269144736,0.026710151485525566
hgb|history_unavailable|budget=30,hgb,history_unavailable,30,False,D_M_P_C_A_K,hgb::D_M_P_C_A_K,hgb::D_M_P_C_A_K,D_M_P_C_A_K,"{""learning_rate"": 0.05, ""max_leaf_nodes"": 7}",False,29,29,0.6317969039258379,"{""learning_rate"": 0.05, ""max_leaf_nodes"": 7}","[""D"", ""M"", ""P"", ""C"", ""A"", ""K""]",whole,1520,benchmark,hgb::NONE,False,31,0.02297049839611392,2.756492256429987,"post hoc; fixed-model conditional local-shift approximation, not achieved power",0.037158030080570725,-0.037158030080570725,0.009416028071759702,0.017742870196266906,0.05605131192338728,0.052674284072362895,-0.05605131192338728,-0.017742870196266906,-0.052674284072362895,0.060128528476684644,0.06311323854670373,False,False,False,0.02297049839611392,0.025955208466133004,0.015487987925310823,0.015516253991792166,0.030895227557225506,0.033879937627244595,0.02341271708642241,0.031121985338196906,0.03410669540821599,0.02366774093387515
hgb|history_unavailable|budget=01,hgb,history_unavailable,1,False,B,hgb::B,hgb::B,B,"{""learning_rate"": 0.05, ""max_leaf_nodes"": 3}",False,1,1,0.6760966845523163,"{""learning_rate"": 0.05, ""max_leaf_nodes"": 3}","[""B""]",disjoint,879,benchmark,hgb::NONE,False,31,0.03073256444047339,2.747916138595601,"post hoc; fixed-model conditional local-shift approximation, not achieved power",-0.002916159849049138,0.002916159849049138,0.00494440511256013,-0.012491994331728682,0.007453613414317892,0.005349585907800224,-0.007453613414317892,0.012491994331728682,-0.005349585907800224,0.027816404591424253,0.010670650755509442,False,False,False,0.03073256444047339,0.01358681060455858,0.008132822682511932,0.008265745756849362,0.03489388077059047,0.017748126934675663,0.012294139012629011,0.03490572021739933,0.01775996638148452,0.012438901533775304
hgb|history_unavailable|budget=04,hgb,history_unavailable,4,False,D,hgb::D,hgb::D,D,"{""learning_rate"": 0.05, ""max_leaf_nodes"": 7}",False,4,4,0.6641680792622449,"{""learning_rate"": 0.05, ""max_leaf_nodes"": 7}","[""D""]",disjoint,879,benchmark,hgb::NONE,False,31,0.03073256444047339,2.747916138595601,"post hoc; fixed-model conditional local-shift approximation, not achieved power",0.051440989260447156,-0.051440989260447156,0.011325353201033367,0.028434233308605728,0.07291517502208286,0.06994155557742593,-0.07291517502208286,-0.028434233308605728,-0.06994155557742593,0.08217355370092055,0.0825621100968621,False,False,False,0.03073256444047339,0.031121120836414936,0.0186285482892262,0.018500566316978766,0.04026422217217605,0.040652778568117595,0.028160206020928853,0.03976211295876942,0.04015066935471096,0.027530114835274795
hgb|history_unavailable|budget=11,hgb,history_unavailable,11,False,D_B_M_C_A,hgb::D_B_M_C_A,hgb::D_B_M_C_A,D_B_M_C_A,"{""learning_rate"": 0.05, ""max_leaf_nodes"": 7}",False,8,8,0.6485929332417237,"{""learning_rate"": 0.05, ""max_leaf_nodes"": 7}","[""D"", ""B"", ""M"", ""C"", ""A""]",disjoint,879,benchmark,hgb::NONE,False,31,0.03073256444047339,2.747916138595601,"post hoc; fixed-model conditional local-shift approximation, not achieved power",0.08209401923947057,-0.08209401923947057,0.014581947382775025,0.05324173534517802,0.10979513850778308,0.10502955701828362,-0.10979513850778308,-0.05324173534517802,-0.10502955701828362,0.11282658367994397,0.12216398778474995,False,False,False,0.03073256444047339,0.040069968545279375,0.023985169040573028,0.02293553777881305,0.043005040984659834,0.05234244508946582,0.03625764558475947,0.04251563956482732,0.0518530436696333,0.03471861290316698
hgb|history_unavailable|budget=30,hgb,history_unavailable,30,False,D_M_P_C_A_K,hgb::D_M_P_C_A_K,hgb::D_M_P_C_A_K,D_M_P_C_A_K,"{""learning_rate"": 0.05, ""max_leaf_nodes"": 7}",False,29,29,0.6317969039258379,"{""learning_rate"": 0.05, ""max_leaf_nodes"": 7}","[""D"", ""M"", ""P"", ""C"", ""A"", ""K""]",disjoint,879,benchmark,hgb::NONE,False,31,0.03073256444047339,2.747916138595601,"post hoc; fixed-model conditional local-shift approximation, not achieved power",0.07510838020068356,-0.07510838020068356,0.01255036387740954,0.04968911929681859,0.09991375358134118,0.09523483834483794,-0.09991375358134118,-0.04968911929681859,-0.09523483834483794,0.10584094464115695,0.10959572764466449,False,False,False,0.03073256444047339,0.03448734744398093,0.02064351154331782,0.020126458144154386,0.04129521716876775,0.04505000017227529,0.03120616427161218,0.04149295363331579,0.04524773663682333,0.03088684733699678
hgb|history_available|budget=01,hgb,history_available,1,True,H_B,hgb::H_B,hgb::H_B,H_B,"{""learning_rate"": 0.05, ""max_leaf_nodes"": 3}",True,1,1,0.656149609502737,"{""learning_rate"": 0.05, ""max_leaf_nodes"": 3}","[""H"", ""B""]",whole,1520,benchmark,P0,False,28,0.020632941366408974,2.71628024333187,"post hoc; fixed-model conditional local-shift approximation, not achieved power",-0.0037543412207697857,0.0037543412207697857,0.002972902931316419,-0.0095677351024299,0.0017334169242926188,0.0011206735852595517,-0.0017334169242926188,0.0095677351024299,-0.0011206735852595517,0.01687860014563919,0.004320896276908405,False,False,False,0.020632941366408974,0.008075237497678191,0.004889990169150475,0.0048750148060293375,0.02313499959875603,0.010577295730025249,0.007392048401497531,0.023206275152597024,0.010648571283866239,0.007448348592217385
hgb|history_available|budget=04,hgb,history_available,4,True,H_D,hgb::H_D,hgb::H_D,H_D,"{""learning_rate"": 0.05, ""max_leaf_nodes"": 7}",True,4,4,0.6440872421067338,"{""learning_rate"": 0.05, ""max_leaf_nodes"": 7}","[""H"", ""D""]",whole,1520,benchmark,P0,False,28,0.020632941366408974,2.71628024333187,"post hoc; fixed-model conditional local-shift approximation, not achieved power",0.018321421980751706,-0.018321421980751706,0.006096311994445124,0.006296343758023168,0.029997276959889956,0.02821999985613754,-0.029997276959889956,-0.006296343758023168,-0.02821999985613754,0.03895436334716068,0.034880713808450106,False,False,False,0.020632941366408974,0.0165592918276984,0.010027540895090826,0.009898577875385832,0.025763726987419234,0.02169007744870866,0.015158326516101083,0.025913832340647446,0.02184018280193687,0.015179468849624305
hgb|history_available|budget=11,hgb,history_available,11,True,H_D_B_M_C_A,hgb::H_D_B_M_C_A,hgb::H_D_B_M_C_A,H_D_B_M_C_A,"{""learning_rate"": 0.05, ""max_leaf_nodes"": 7}",True,8,8,0.6314904390595096,"{""learning_rate"": 0.05, ""max_leaf_nodes"": 7}","[""H"", ""D"", ""B"", ""M"", ""C"", ""A""]",whole,1520,benchmark,P0,False,28,0.020632941366408974,2.71628024333187,"post hoc; fixed-model conditional local-shift approximation, not achieved power",0.04170753582293041,-0.04170753582293041,0.008295566044380356,0.02536954746244324,0.05760104079696303,0.05548495172926102,-0.05760104079696303,-0.02536954746244324,-0.05548495172926102,0.06234047718933938,0.06424061797653548,False,False,False,0.020632941366408974,0.022533082153605073,0.013644991895714506,0.013777415906330607,0.02761466589386595,0.029514806681062048,0.02062671642317148,0.027438784940617588,0.029338925727813686,0.020583259480539223
hgb|history_available|budget=30,hgb,history_available,30,True,H_D_M_P_C_A_K,hgb::H_D_M_P_C_A_K,hgb::H_D_M_P_C_A_K,H_D_M_P_C_A_K,"{""learning_rate"": 0.05, ""max_leaf_nodes"": 7}",True,29,29,0.620817620210149,"{""learning_rate"": 0.05, ""max_leaf_nodes"": 7}","[""H"", ""D"", ""M"", ""P"", ""C"", ""A"", ""K""]",whole,1520,benchmark,P0,False,28,0.020632941366408974,2.71628024333187,"post hoc; fixed-model conditional local-shift approximation, not achieved power",0.019843889253213898,-0.019843889253213898,0.00711928875397107,0.00549827386099642,0.033620441517414064,0.031233290501916658,-0.033620441517414064,-0.00549827386099642,-0.031233290501916658,0.04047683061962287,0.039181872642200286,False,False,False,0.020632941366408974,0.019337983388986384,0.011710187928284143,0.01138940124870276,0.026624685949687883,0.025329727972265292,0.01770193251156305,0.026674070612771928,0.025379112635349338,0.017430530495065714
hgb|history_available|budget=01,hgb,history_available,1,True,H_B,hgb::H_B,hgb::H_B,H_B,"{""learning_rate"": 0.05, ""max_leaf_nodes"": 3}",True,1,1,0.656149609502737,"{""learning_rate"": 0.05, ""max_leaf_nodes"": 3}","[""H"", ""B""]",disjoint,879,benchmark,P0,False,28,0.028367832931910263,2.7606178470648786,"post hoc; fixed-model conditional local-shift approximation, not achieved power",-0.00617523934932207,0.00617523934932207,0.0039900167978448075,-0.013984565951718504,0.0019801365783889482,0.00031963491893868736,-0.0019801365783889482,0.013984565951718504,-0.00031963491893868736,0.022192593582588193,0.004839672232896964,False,False,False,0.028367832931910263,0.011014911582219034,0.0065629936015323305,0.006494874268260758,0.03172591579128906,0.01437299444159783,0.009921076460911126,0.03179711930188213,0.014444197952190896,0.00992416063823262
hgb|history_available|budget=04,hgb,history_available,4,True,H_D,hgb::H_D,hgb::H_D,H_D,"{""learning_rate"": 0.05, ""max_leaf_nodes"": 7}",True,4,4,0.6440872421067338,"{""learning_rate"": 0.05, ""max_leaf_nodes"": 7}","[""H"", ""D""]",disjoint,879,benchmark,P0,False,28,0.028367832931910263,2.7606178470648786,"post hoc; fixed-model conditional local-shift approximation, not achieved power",0.029565541220569425,-0.029565541220569425,0.008396550083967058,0.01240031247212356,0.045776572227559736,0.043200838806247005,-0.045776572227559736,-0.01240031247212356,-0.043200838806247005,0.05793337415247969,0.05274520723614299,False,False,False,0.028367832931910263,0.023179666015573565,0.013811095859492905,0.013635297585677579,0.035434547771335374,0.03024638085499868,0.020877810698918014,0.03543688269678845,0.030248715780451754,0.02070434735055577
hgb|history_available|budget=11,hgb,history_available,11,True,H_D_B_M_C_A,hgb::H_D_B_M_C_A,hgb::H_D_B_M_C_A,H_D_B_M_C_A,"{""learning_rate"": 0.05, ""max_leaf_nodes"": 7}",True,8,8,0.6314904390595096,"{""learning_rate"": 0.05, ""max_leaf_nodes"": 7}","[""H"", ""D"", ""B"", ""M"", ""C"", ""A""]",disjoint,879,benchmark,P0,False,28,0.028367832931910263,2.7606178470648786,"post hoc; fixed-model conditional local-shift approximation, not achieved power",0.05852416348169198,-0.05852416348169198,0.011289407901410238,0.03579389514389607,0.08000350264432567,0.0761333946987663,-0.08000350264432567,-0.03579389514389607,-0.0761333946987663,0.08689199641360225,0.08968990441712034,False,False,False,0.028367832931910263,0.03116574093542836,0.018569423532769237,0.017609231217074323,0.037869238336202954,0.04066714633972105,0.028070828937061924,0.03768789936366609,0.040485807367184184,0.026929297648830147
hgb|history_available|budget=30,hgb,history_available,30,True,H_D_M_P_C_A_K,hgb::H_D_M_P_C_A_K,hgb::H_D_M_P_C_A_K,H_D_M_P_C_A_K,"{""learning_rate"": 0.05, ""max_leaf_nodes"": 7}",True,29,29,0.620817620210149,"{""learning_rate"": 0.05, ""max_leaf_nodes"": 7}","[""H"", ""D"", ""M"", ""P"", ""C"", ""A"", ""K""]",disjoint,879,benchmark,P0,False,28,0.028367832931910263,2.7606178470648786,"post hoc; fixed-model conditional local-shift approximation, not achieved power",0.04072162262891632,-0.04072162262891632,0.009570572352229901,0.02160174391375768,0.059477752716414006,0.056257469860022655,-0.059477752716414006,-0.02160174391375768,-0.056257469860022655,0.06908945556082659,0.06714231547110788,False,False,False,0.028367832931910263,0.02642069284219156,0.015742190645566836,0.01553584723110633,0.03642262984099282,0.03447548975127412,0.02379698755464939,0.03626635132133314,0.03431921123161444,0.023434365620529213
