policy_id,availability,history_available,domain,n,budget,chosen_model,chosen_subset,baseline,full,family_unique_nonself_contrasts,q_primary_absolute,q_standardized,delta_vs_full,bootstrap_se_vs_full,primary_upper95_vs_full,standardized_upper95_vs_full,marginal_upper95_vs_full,delta_vs_benchmark,bootstrap_se_vs_benchmark,primary_upper95_vs_benchmark,standardized_upper95_vs_benchmark,marginal_upper95_vs_benchmark
ridge|history_unavailable|budget=00,history_unavailable,False,whole,1520,0,ridge::NONE,NONE,ridge::NONE,ridge::D_B_M_P_C_A_K,21,0.023125055144324436,2.606807609085381,-0.02346741632869842,0.011054424953440644,-0.0003423611843739842,0.005349342753993961,-0.00496595738796541,0.0,0.0,0.0,0.0,0.0
ridge|history_unavailable|budget=01,history_unavailable,False,whole,1520,1,ridge::B,B,ridge::NONE,ridge::D_B_M_P_C_A_K,21,0.023125055144324436,2.606807609085381,-0.0316711721471814,0.010174815228550975,-0.008546117002856967,-0.0051473863883569095,-0.014138607947515446,-0.008203755818482983,0.0032422692333455025,0.014921299325841453,0.0002482162897054982,-0.0027931336811956144
ridge|history_unavailable|budget=02,history_unavailable,False,whole,1520,2,ridge::B_A,B_A,ridge::NONE,ridge::D_B_M_P_C_A_K,21,0.023125055144324436,2.606807609085381,-0.01946810853291736,0.008602885534543586,0.0036569466114070755,0.0029579589386214133,-0.005177388026229841,0.00399930779578106,0.005414805425124162,0.027124362940105496,0.018114663779711528,0.013340307733172857
ridge|history_unavailable|budget=03,history_unavailable,False,whole,1520,3,ridge::B_C_A,B_C_A,ridge::NONE,ridge::D_B_M_P_C_A_K,21,0.023125055144324436,2.606807609085381,-0.01969787210042584,0.008511371672728234,0.003427183043898597,0.0024896363397958893,-0.005385110832192076,0.003769544228272581,0.005590785564260851,0.026894599372597017,0.018343646577952472,0.01334284514979483
ridge|history_unavailable|budget=04,history_unavailable,False,whole,1520,4,ridge::D,D,ridge::NONE,ridge::D_B_M_P_C_A_K,21,0.023125055144324436,2.606807609085381,0.0015501640250100701,0.005988456818122667,0.024675219169334506,0.01716091882517147,0.011338849653981443,0.02501758035370849,0.007864672637809855,0.048142635498032924,0.04551926882891681,0.03769763940660193
ridge|history_unavailable|budget=05,history_unavailable,False,whole,1520,5,ridge::D_B,D_B,ridge::NONE,ridge::D_B_M_P_C_A_K,21,0.023125055144324436,2.606807609085381,-0.00813060994130077,0.005204117695459641,0.014994445203023666,0.005435523665799299,0.0006787886268773344,0.01533680638739765,0.008433744070039753,0.03846186153172208,0.03732195460225599,0.02891369998942809
ridge|history_unavailable|budget=06,history_unavailable,False,whole,1520,6,ridge::D_B_A,D_B_A,ridge::NONE,ridge::D_B_M_P_C_A_K,21,0.023125055144324436,2.606807609085381,0.011916375111418631,0.0038616817939663853,0.035041430255743064,0.021983036595796687,0.018265696211046137,0.03538379144011705,0.010673211288085358,0.058508846584441485,0.06320679983927394,0.05263677004914867
ridge|history_unavailable|budget=07,history_unavailable,False,whole,1520,7,ridge::D_B_A,D_B_A,ridge::NONE,ridge::D_B_M_P_C_A_K,21,0.023125055144324436,2.606807609085381,0.011916375111418631,0.0038616817939663853,0.035041430255743064,0.021983036595796687,0.018265696211046137,0.03538379144011705,0.010673211288085358,0.058508846584441485,0.06320679983927394,0.05263677004914867
ridge|history_unavailable|budget=08,history_unavailable,False,whole,1520,8,ridge::D_B_A,D_B_A,ridge::NONE,ridge::D_B_M_P_C_A_K,21,0.023125055144324436,2.606807609085381,0.011916375111418631,0.0038616817939663853,0.035041430255743064,0.021983036595796687,0.018265696211046137,0.03538379144011705,0.010673211288085358,0.058508846584441485,0.06320679983927394,0.05263677004914867
ridge|history_unavailable|budget=09,history_unavailable,False,whole,1520,9,ridge::D_B_A,D_B_A,ridge::NONE,ridge::D_B_M_P_C_A_K,21,0.023125055144324436,2.606807609085381,0.011916375111418631,0.0038616817939663853,0.035041430255743064,0.021983036595796687,0.018265696211046137,0.03538379144011705,0.010673211288085358,0.058508846584441485,0.06320679983927394,0.05263677004914867
ridge|history_unavailable|budget=10,history_unavailable,False,whole,1520,10,ridge::D_B_A,D_B_A,ridge::NONE,ridge::D_B_M_P_C_A_K,21,0.023125055144324436,2.606807609085381,0.011916375111418631,0.0038616817939663853,0.035041430255743064,0.021983036595796687,0.018265696211046137,0.03538379144011705,0.010673211288085358,0.058508846584441485,0.06320679983927394,0.05263677004914867
ridge|history_unavailable|budget=11,history_unavailable,False,whole,1520,11,ridge::D_B_A,D_B_A,ridge::NONE,ridge::D_B_M_P_C_A_K,21,0.023125055144324436,2.606807609085381,0.011916375111418631,0.0038616817939663853,0.035041430255743064,0.021983036595796687,0.018265696211046137,0.03538379144011705,0.010673211288085358,0.058508846584441485,0.06320679983927394,0.05263677004914867
ridge|history_unavailable|budget=12,history_unavailable,False,whole,1520,12,ridge::D_B_A,D_B_A,ridge::NONE,ridge::D_B_M_P_C_A_K,21,0.023125055144324436,2.606807609085381,0.011916375111418631,0.0038616817939663853,0.035041430255743064,0.021983036595796687,0.018265696211046137,0.03538379144011705,0.010673211288085358,0.058508846584441485,0.06320679983927394,0.05263677004914867
ridge|history_unavailable|budget=13,history_unavailable,False,whole,1520,13,ridge::D_B_A,D_B_A,ridge::NONE,ridge::D_B_M_P_C_A_K,21,0.023125055144324436,2.606807609085381,0.011916375111418631,0.0038616817939663853,0.035041430255743064,0.021983036595796687,0.018265696211046137,0.03538379144011705,0.010673211288085358,0.058508846584441485,0.06320679983927394,0.05263677004914867
ridge|history_unavailable|budget=14,history_unavailable,False,whole,1520,14,ridge::D_B_A,D_B_A,ridge::NONE,ridge::D_B_M_P_C_A_K,21,0.023125055144324436,2.606807609085381,0.011916375111418631,0.0038616817939663853,0.035041430255743064,0.021983036595796687,0.018265696211046137,0.03538379144011705,0.010673211288085358,0.058508846584441485,0.06320679983927394,0.05263677004914867
ridge|history_unavailable|budget=15,history_unavailable,False,whole,1520,15,ridge::D_K,D_K,ridge::NONE,ridge::D_B_M_P_C_A_K,21,0.023125055144324436,2.606807609085381,-0.01973928363528954,0.005133350804380385,0.003385771509034897,-0.006357625698326189,-0.011406861705267004,0.003728132693408881,0.008488538957172786,0.026853187837733317,0.025856120636984586,0.01724404400772863
ridge|history_unavailable|budget=16,history_unavailable,False,whole,1520,16,ridge::D_A_K,D_A_K,ridge::NONE,ridge::D_B_M_P_C_A_K,21,0.023125055144324436,2.606807609085381,0.0009274614581034069,0.002891983981731301,0.024052516602427843,0.008466307307033601,0.005746133056816993,0.024394877786801827,0.010500515823298157,0.04751993293112626,0.05176770233429691,0.04122369550537998
ridge|history_unavailable|budget=17,history_unavailable,False,whole,1520,17,ridge::D_B_A_K,D_B_A_K,ridge::NONE,ridge::D_B_M_P_C_A_K,21,0.023125055144324436,2.606807609085381,-0.007252262169917478,0.0017756173498039577,0.015872792974406958,-0.002623569351624503,-0.004303742056157829,0.016215154158780942,0.010860992491170736,0.039340209303105375,0.044527672026984,0.03374356796278004
ridge|history_unavailable|budget=18,history_unavailable,False,whole,1520,18,ridge::D_B_A_K,D_B_A_K,ridge::NONE,ridge::D_B_M_P_C_A_K,21,0.023125055144324436,2.606807609085381,-0.007252262169917478,0.0017756173498039577,0.015872792974406958,-0.002623569351624503,-0.004303742056157829,0.016215154158780942,0.010860992491170736,0.039340209303105375,0.044527672026984,0.03374356796278004
ridge|history_unavailable|budget=19,history_unavailable,False,whole,1520,19,ridge::D_B_A_K,D_B_A_K,ridge::NONE,ridge::D_B_M_P_C_A_K,21,0.023125055144324436,2.606807609085381,-0.007252262169917478,0.0017756173498039577,0.015872792974406958,-0.002623569351624503,-0.004303742056157829,0.016215154158780942,0.010860992491170736,0.039340209303105375,0.044527672026984,0.03374356796278004
ridge|history_unavailable|budget=20,history_unavailable,False,whole,1520,20,ridge::D_B_A_K,D_B_A_K,ridge::NONE,ridge::D_B_M_P_C_A_K,21,0.023125055144324436,2.606807609085381,-0.007252262169917478,0.0017756173498039577,0.015872792974406958,-0.002623569351624503,-0.004303742056157829,0.016215154158780942,0.010860992491170736,0.039340209303105375,0.044527672026984,0.03374356796278004
ridge|history_unavailable|budget=21,history_unavailable,False,whole,1520,21,ridge::D_B_A_K,D_B_A_K,ridge::NONE,ridge::D_B_M_P_C_A_K,21,0.023125055144324436,2.606807609085381,-0.007252262169917478,0.0017756173498039577,0.015872792974406958,-0.002623569351624503,-0.004303742056157829,0.016215154158780942,0.010860992491170736,0.039340209303105375,0.044527672026984,0.03374356796278004
ridge|history_unavailable|budget=22,history_unavailable,False,whole,1520,22,ridge::D_B_A_K,D_B_A_K,ridge::NONE,ridge::D_B_M_P_C_A_K,21,0.023125055144324436,2.606807609085381,-0.007252262169917478,0.0017756173498039577,0.015872792974406958,-0.002623569351624503,-0.004303742056157829,0.016215154158780942,0.010860992491170736,0.039340209303105375,0.044527672026984,0.03374356796278004
ridge|history_unavailable|budget=23,history_unavailable,False,whole,1520,23,ridge::D_B_A_K,D_B_A_K,ridge::NONE,ridge::D_B_M_P_C_A_K,21,0.023125055144324436,2.606807609085381,-0.007252262169917478,0.0017756173498039577,0.015872792974406958,-0.002623569351624503,-0.004303742056157829,0.016215154158780942,0.010860992491170736,0.039340209303105375,0.044527672026984,0.03374356796278004
ridge|history_unavailable|budget=24,history_unavailable,False,whole,1520,24,ridge::D_B_A_K,D_B_A_K,ridge::NONE,ridge::D_B_M_P_C_A_K,21,0.023125055144324436,2.606807609085381,-0.007252262169917478,0.0017756173498039577,0.015872792974406958,-0.002623569351624503,-0.004303742056157829,0.016215154158780942,0.010860992491170736,0.039340209303105375,0.044527672026984,0.03374356796278004
ridge|history_unavailable|budget=25,history_unavailable,False,whole,1520,25,ridge::D_B_A_K,D_B_A_K,ridge::NONE,ridge::D_B_M_P_C_A_K,21,0.023125055144324436,2.606807609085381,-0.007252262169917478,0.0017756173498039577,0.015872792974406958,-0.002623569351624503,-0.004303742056157829,0.016215154158780942,0.010860992491170736,0.039340209303105375,0.044527672026984,0.03374356796278004
ridge|history_unavailable|budget=26,history_unavailable,False,whole,1520,26,ridge::D_B_A_K,D_B_A_K,ridge::NONE,ridge::D_B_M_P_C_A_K,21,0.023125055144324436,2.606807609085381,-0.007252262169917478,0.0017756173498039577,0.015872792974406958,-0.002623569351624503,-0.004303742056157829,0.016215154158780942,0.010860992491170736,0.039340209303105375,0.044527672026984,0.03374356796278004
ridge|history_unavailable|budget=27,history_unavailable,False,whole,1520,27,ridge::D_B_A_K,D_B_A_K,ridge::NONE,ridge::D_B_M_P_C_A_K,21,0.023125055144324436,2.606807609085381,-0.007252262169917478,0.0017756173498039577,0.015872792974406958,-0.002623569351624503,-0.004303742056157829,0.016215154158780942,0.010860992491170736,0.039340209303105375,0.044527672026984,0.03374356796278004
ridge|history_unavailable|budget=28,history_unavailable,False,whole,1520,28,ridge::D_B_P_A_K,D_B_P_A_K,ridge::NONE,ridge::D_B_M_P_C_A_K,21,0.023125055144324436,2.606807609085381,-0.003230092339159718,0.0009112663688491308,0.01989496280516472,-0.0008545962349401984,-0.0017451399792357382,0.020237323989538702,0.010930418510579284,0.043362379133863135,0.048730822133404475,0.03808462906359451
ridge|history_unavailable|budget=29,history_unavailable,False,whole,1520,29,ridge::D_B_P_A_K,D_B_P_A_K,ridge::NONE,ridge::D_B_M_P_C_A_K,21,0.023125055144324436,2.606807609085381,-0.003230092339159718,0.0009112663688491308,0.01989496280516472,-0.0008545962349401984,-0.0017451399792357382,0.020237323989538702,0.010930418510579284,0.043362379133863135,0.048730822133404475,0.03808462906359451
ridge|history_unavailable|budget=30,history_unavailable,False,whole,1520,30,ridge::D_B_P_A_K,D_B_P_A_K,ridge::NONE,ridge::D_B_M_P_C_A_K,21,0.023125055144324436,2.606807609085381,-0.003230092339159718,0.0009112663688491308,0.01989496280516472,-0.0008545962349401984,-0.0017451399792357382,0.020237323989538702,0.010930418510579284,0.043362379133863135,0.048730822133404475,0.03808462906359451
ridge|history_unavailable|budget=00,history_unavailable,False,disjoint,879,0,ridge::NONE,NONE,ridge::NONE,ridge::D_B_M_P_C_A_K,21,0.03103450671618057,2.5752381693336783,-0.058974120088800985,0.014907533904921808,-0.027939613372620416,-0.020583669766210407,-0.03410527122886698,0.0,0.0,0.0,0.0,0.0
ridge|history_unavailable|budget=01,history_unavailable,False,disjoint,879,1,ridge::B,B,ridge::NONE,ridge::D_B_M_P_C_A_K,21,0.03103450671618057,2.5752381693336783,-0.06603486608162867,0.013945850116627757,-0.035000359365448104,-0.030120980557482344,-0.042929762776578506,-0.007060745992827688,0.00430974809302541,0.02397376072335288,0.004037881796544379,0.00026246573505453365
ridge|history_unavailable|budget=02,history_unavailable,False,disjoint,879,2,ridge::B_A,B_A,ridge::NONE,ridge::D_B_M_P_C_A_K,21,0.03103450671618057,2.5752381693336783,-0.048966433693686806,0.012268512896948677,-0.017931926977506236,-0.01737209100050207,-0.028055748806835694,0.01000768639511418,0.006927991922481009,0.04104219311129475,0.027848915630722684,0.021518431909321088
ridge|history_unavailable|budget=03,history_unavailable,False,disjoint,879,3,ridge::B_C_A,B_C_A,ridge::NONE,ridge::D_B_M_P_C_A_K,21,0.03103450671618057,2.5752381693336783,-0.050122511441648254,0.012199888413199638,-0.019088004725467685,-0.01870489313836486,-0.029244718217660136,0.008851608647152731,0.007131248125612444,0.0398861153633333,0.027216271015219146,0.020631946281415653
ridge|history_unavailable|budget=04,history_unavailable,False,disjoint,879,4,ridge::D,D,ridge::NONE,ridge::D_B_M_P_C_A_K,21,0.03103450671618057,2.5752381693336783,-0.007746120843344029,0.007972941494833817,0.02328838587283654,0.01278610241601633,0.005819566509319082,0.05122799924545696,0.011036531504008927,0.08226250596163753,0.07964969643163437,0.06923228121013261
ridge|history_unavailable|budget=05,history_unavailable,False,disjoint,879,5,ridge::D_B,D_B,ridge::NONE,ridge::D_B_M_P_C_A_K,21,0.03103450671618057,2.5752381693336783,-0.01816748898036602,0.007080106683775855,0.01286701773581455,6.54719946480524e-05,-0.006583330996823835,0.040806631108434965,0.011660105799098174,0.07184113782461554,0.07083418062074155,0.06022005448732373
ridge|history_unavailable|budget=06,history_unavailable,False,disjoint,879,6,ridge::D_B_A,D_B_A,ridge::NONE,ridge::D_B_M_P_C_A_K,21,0.03103450671618057,2.5752381693336783,0.006494038611554953,0.005642385273800972,0.03752854532773552,0.021024524534733476,0.016126619888871353,0.06546815870035594,0.014258230685424667,0.09650266541653651,0.10218649858862623,0.08866874494684024
ridge|history_unavailable|budget=07,history_unavailable,False,disjoint,879,7,ridge::D_B_A,D_B_A,ridge::NONE,ridge::D_B_M_P_C_A_K,21,0.03103450671618057,2.5752381693336783,0.006494038611554953,0.005642385273800972,0.03752854532773552,0.021024524534733476,0.016126619888871353,0.06546815870035594,0.014258230685424667,0.09650266541653651,0.10218649858862623,0.08866874494684024
ridge|history_unavailable|budget=08,history_unavailable,False,disjoint,879,8,ridge::D_B_A,D_B_A,ridge::NONE,ridge::D_B_M_P_C_A_K,21,0.03103450671618057,2.5752381693336783,0.006494038611554953,0.005642385273800972,0.03752854532773552,0.021024524534733476,0.016126619888871353,0.06546815870035594,0.014258230685424667,0.09650266541653651,0.10218649858862623,0.08866874494684024
ridge|history_unavailable|budget=09,history_unavailable,False,disjoint,879,9,ridge::D_B_A,D_B_A,ridge::NONE,ridge::D_B_M_P_C_A_K,21,0.03103450671618057,2.5752381693336783,0.006494038611554953,0.005642385273800972,0.03752854532773552,0.021024524534733476,0.016126619888871353,0.06546815870035594,0.014258230685424667,0.09650266541653651,0.10218649858862623,0.08866874494684024
ridge|history_unavailable|budget=10,history_unavailable,False,disjoint,879,10,ridge::D_B_A,D_B_A,ridge::NONE,ridge::D_B_M_P_C_A_K,21,0.03103450671618057,2.5752381693336783,0.006494038611554953,0.005642385273800972,0.03752854532773552,0.021024524534733476,0.016126619888871353,0.06546815870035594,0.014258230685424667,0.09650266541653651,0.10218649858862623,0.08866874494684024
ridge|history_unavailable|budget=11,history_unavailable,False,disjoint,879,11,ridge::D_B_A,D_B_A,ridge::NONE,ridge::D_B_M_P_C_A_K,21,0.03103450671618057,2.5752381693336783,0.006494038611554953,0.005642385273800972,0.03752854532773552,0.021024524534733476,0.016126619888871353,0.06546815870035594,0.014258230685424667,0.09650266541653651,0.10218649858862623,0.08866874494684024
ridge|history_unavailable|budget=12,history_unavailable,False,disjoint,879,12,ridge::D_B_A,D_B_A,ridge::NONE,ridge::D_B_M_P_C_A_K,21,0.03103450671618057,2.5752381693336783,0.006494038611554953,0.005642385273800972,0.03752854532773552,0.021024524534733476,0.016126619888871353,0.06546815870035594,0.014258230685424667,0.09650266541653651,0.10218649858862623,0.08866874494684024
ridge|history_unavailable|budget=13,history_unavailable,False,disjoint,879,13,ridge::D_B_A,D_B_A,ridge::NONE,ridge::D_B_M_P_C_A_K,21,0.03103450671618057,2.5752381693336783,0.006494038611554953,0.005642385273800972,0.03752854532773552,0.021024524534733476,0.016126619888871353,0.06546815870035594,0.014258230685424667,0.09650266541653651,0.10218649858862623,0.08866874494684024
ridge|history_unavailable|budget=14,history_unavailable,False,disjoint,879,14,ridge::D_B_A,D_B_A,ridge::NONE,ridge::D_B_M_P_C_A_K,21,0.03103450671618057,2.5752381693336783,0.006494038611554953,0.005642385273800972,0.03752854532773552,0.021024524534733476,0.016126619888871353,0.06546815870035594,0.014258230685424667,0.09650266541653651,0.10218649858862623,0.08866874494684024
ridge|history_unavailable|budget=15,history_unavailable,False,disjoint,879,15,ridge::D_K,D_K,ridge::NONE,ridge::D_B_M_P_C_A_K,21,0.03103450671618057,2.5752381693336783,-0.025754518686933903,0.006802935609240571,0.005279988029246667,-0.008235339242498325,-0.014711809276488545,0.03321960140186708,0.011952628681215056,0.06425410811804766,0.06400046700560456,0.05326800547908308
ridge|history_unavailable|budget=16,history_unavailable,False,disjoint,879,16,ridge::D_A_K,D_A_K,ridge::NONE,ridge::D_B_M_P_C_A_K,21,0.03103450671618057,2.5752381693336783,-0.00021081816641377316,0.004041630549587717,0.030823688549766796,0.010197343091229568,0.006559943753669366,0.05876330192238721,0.014161439747219725,0.08979780863856779,0.09523238209214652,0.08270612871980175
ridge|history_unavailable|budget=17,history_unavailable,False,disjoint,879,17,ridge::D_B_A_K,D_B_A_K,ridge::NONE,ridge::D_B_M_P_C_A_K,21,0.03103450671618057,2.5752381693336783,-0.010227334395447985,0.0024845439890805654,0.020807172320732585,-0.0038290418813791546,-0.006061785997532,0.048746785693353,0.01446948804610418,0.07978129240953358,0.08600916360039787,0.07281042520680608
ridge|history_unavailable|budget=18,history_unavailable,False,disjoint,879,18,ridge::D_B_A_K,D_B_A_K,ridge::NONE,ridge::D_B_M_P_C_A_K,21,0.03103450671618057,2.5752381693336783,-0.010227334395447985,0.0024845439890805654,0.020807172320732585,-0.0038290418813791546,-0.006061785997532,0.048746785693353,0.01446948804610418,0.07978129240953358,0.08600916360039787,0.07281042520680608
ridge|history_unavailable|budget=19,history_unavailable,False,disjoint,879,19,ridge::D_B_A_K,D_B_A_K,ridge::NONE,ridge::D_B_M_P_C_A_K,21,0.03103450671618057,2.5752381693336783,-0.010227334395447985,0.0024845439890805654,0.020807172320732585,-0.0038290418813791546,-0.006061785997532,0.048746785693353,0.01446948804610418,0.07978129240953358,0.08600916360039787,0.07281042520680608
ridge|history_unavailable|budget=20,history_unavailable,False,disjoint,879,20,ridge::D_B_A_K,D_B_A_K,ridge::NONE,ridge::D_B_M_P_C_A_K,21,0.03103450671618057,2.5752381693336783,-0.010227334395447985,0.0024845439890805654,0.020807172320732585,-0.0038290418813791546,-0.006061785997532,0.048746785693353,0.01446948804610418,0.07978129240953358,0.08600916360039787,0.07281042520680608
ridge|history_unavailable|budget=21,history_unavailable,False,disjoint,879,21,ridge::D_B_A_K,D_B_A_K,ridge::NONE,ridge::D_B_M_P_C_A_K,21,0.03103450671618057,2.5752381693336783,-0.010227334395447985,0.0024845439890805654,0.020807172320732585,-0.0038290418813791546,-0.006061785997532,0.048746785693353,0.01446948804610418,0.07978129240953358,0.08600916360039787,0.07281042520680608
ridge|history_unavailable|budget=22,history_unavailable,False,disjoint,879,22,ridge::D_B_A_K,D_B_A_K,ridge::NONE,ridge::D_B_M_P_C_A_K,21,0.03103450671618057,2.5752381693336783,-0.010227334395447985,0.0024845439890805654,0.020807172320732585,-0.0038290418813791546,-0.006061785997532,0.048746785693353,0.01446948804610418,0.07978129240953358,0.08600916360039787,0.07281042520680608
ridge|history_unavailable|budget=23,history_unavailable,False,disjoint,879,23,ridge::D_B_A_K,D_B_A_K,ridge::NONE,ridge::D_B_M_P_C_A_K,21,0.03103450671618057,2.5752381693336783,-0.010227334395447985,0.0024845439890805654,0.020807172320732585,-0.0038290418813791546,-0.006061785997532,0.048746785693353,0.01446948804610418,0.07978129240953358,0.08600916360039787,0.07281042520680608
ridge|history_unavailable|budget=24,history_unavailable,False,disjoint,879,24,ridge::D_B_A_K,D_B_A_K,ridge::NONE,ridge::D_B_M_P_C_A_K,21,0.03103450671618057,2.5752381693336783,-0.010227334395447985,0.0024845439890805654,0.020807172320732585,-0.0038290418813791546,-0.006061785997532,0.048746785693353,0.01446948804610418,0.07978129240953358,0.08600916360039787,0.07281042520680608
ridge|history_unavailable|budget=25,history_unavailable,False,disjoint,879,25,ridge::D_B_A_K,D_B_A_K,ridge::NONE,ridge::D_B_M_P_C_A_K,21,0.03103450671618057,2.5752381693336783,-0.010227334395447985,0.0024845439890805654,0.020807172320732585,-0.0038290418813791546,-0.006061785997532,0.048746785693353,0.01446948804610418,0.07978129240953358,0.08600916360039787,0.07281042520680608
ridge|history_unavailable|budget=26,history_unavailable,False,disjoint,879,26,ridge::D_B_A_K,D_B_A_K,ridge::NONE,ridge::D_B_M_P_C_A_K,21,0.03103450671618057,2.5752381693336783,-0.010227334395447985,0.0024845439890805654,0.020807172320732585,-0.0038290418813791546,-0.006061785997532,0.048746785693353,0.01446948804610418,0.07978129240953358,0.08600916360039787,0.07281042520680608
ridge|history_unavailable|budget=27,history_unavailable,False,disjoint,879,27,ridge::D_B_A_K,D_B_A_K,ridge::NONE,ridge::D_B_M_P_C_A_K,21,0.03103450671618057,2.5752381693336783,-0.010227334395447985,0.0024845439890805654,0.020807172320732585,-0.0038290418813791546,-0.006061785997532,0.048746785693353,0.01446948804610418,0.07978129240953358,0.08600916360039787,0.07281042520680608
ridge|history_unavailable|budget=28,history_unavailable,False,disjoint,879,28,ridge::D_B_P_A_K,D_B_P_A_K,ridge::NONE,ridge::D_B_M_P_C_A_K,21,0.03103450671618057,2.5752381693336783,-0.002913101428580589,0.0013519519740668566,0.02812140528759998,0.0005684968981423955,-0.0007623032387411256,0.056061018660220396,0.014790922744475809,0.08709552537640097,0.09415116747146014,0.08063373955683599
ridge|history_unavailable|budget=29,history_unavailable,False,disjoint,879,29,ridge::D_B_P_A_K,D_B_P_A_K,ridge::NONE,ridge::D_B_M_P_C_A_K,21,0.03103450671618057,2.5752381693336783,-0.002913101428580589,0.0013519519740668566,0.02812140528759998,0.0005684968981423955,-0.0007623032387411256,0.056061018660220396,0.014790922744475809,0.08709552537640097,0.09415116747146014,0.08063373955683599
ridge|history_unavailable|budget=30,history_unavailable,False,disjoint,879,30,ridge::D_B_P_A_K,D_B_P_A_K,ridge::NONE,ridge::D_B_M_P_C_A_K,21,0.03103450671618057,2.5752381693336783,-0.002913101428580589,0.0013519519740668566,0.02812140528759998,0.0005684968981423955,-0.0007623032387411256,0.056061018660220396,0.014790922744475809,0.08709552537640097,0.09415116747146014,0.08063373955683599
ridge|history_available|budget=00,history_available,True,whole,1520,0,P0,P0,P0,ridge::H_D_B_M_P_C_A_K,25,0.02229214816222482,2.65580397971585,-0.038987217708090216,0.010575285651947966,-0.016695069545865394,-0.01090133198701488,-0.020673297551104138,0.0,0.0,0.0,0.0,0.0
ridge|history_available|budget=01,history_available,True,whole,1520,1,ridge::H_B,H_B,P0,ridge::H_D_B_M_P_C_A_K,25,0.02229214816222482,2.65580397971585,-0.04236810420889159,0.01004400263599375,-0.020075956046666767,-0.015693202035942898,-0.02530599037997175,-0.003380886500801372,0.0024230667534464326,0.01891126166142345,0.0030543038261188274,0.0005064763691249741
ridge|history_available|budget=02,history_available,True,whole,1520,2,ridge::H_B_A,H_B_A,P0,ridge::H_D_B_M_P_C_A_K,25,0.02229214816222482,2.65580397971585,-0.02870995657471831,0.008842383206171645,-0.006417808412493488,-0.00522632006559506,-0.013820468280772009,0.010277261133371907,0.0041345615407442655,0.03256940929559673,0.021257846127660622,0.017179309500946163
ridge|history_available|budget=03,history_available,True,whole,1520,3,ridge::H_B_A,H_B_A,P0,ridge::H_D_B_M_P_C_A_K,25,0.02229214816222482,2.65580397971585,-0.02870995657471831,0.008842383206171645,-0.006417808412493488,-0.00522632006559506,-0.013820468280772009,0.010277261133371907,0.0041345615407442655,0.03256940929559673,0.021257846127660622,0.017179309500946163
ridge|history_available|budget=04,history_available,True,whole,1520,4,ridge::H_D,H_D,P0,ridge::H_D_B_M_P_C_A_K,25,0.02229214816222482,2.65580397971585,-0.0032762751193714523,0.004738898270474741,0.01901587304285337,0.009309309766823922,0.004591460379271186,0.035710942588718764,0.008321102579471584,0.058003090750943585,0.057810159934903224,0.04891114370125624
ridge|history_available|budget=05,history_available,True,whole,1520,5,ridge::H_D_B,H_D_B,P0,ridge::H_D_B_M_P_C_A_K,25,0.02229214816222482,2.65580397971585,-0.008977919000090484,0.004312014443449202,0.013314229162134338,0.0024739461194141325,-0.0017334677362757962,0.030009298707999732,0.0085029544729023,0.052301446870224554,0.052591479036476346,0.043397086388209376
ridge|history_available|budget=06,history_available,True,whole,1520,6,ridge::H_D_B_A,H_D_B_A,P0,ridge::H_D_B_M_P_C_A_K,25,0.02229214816222482,2.65580397971585,0.010247036400673926,0.003571331043872158,0.03253918456289875,0.019731791599872366,0.01638013988576586,0.04923425410876414,0.010296756331351619,0.07152640227098897,0.07658042055173214,0.06579491128734564
ridge|history_available|budget=07,history_available,True,whole,1520,7,ridge::H_D_B_M_A,H_D_B_M_A,P0,ridge::H_D_B_M_P_C_A_K,25,0.02229214816222482,2.65580397971585,0.014281677147523486,0.0035906056237889226,0.03657382530974831,0.023817621852772218,0.020270568959459105,0.0532688948556137,0.01035219431447045,0.07556104301783853,0.08076229371477611,0.06988658995917929
ridge|history_available|budget=08,history_available,True,whole,1520,8,ridge::H_D_B_M_A,H_D_B_M_A,P0,ridge::H_D_B_M_P_C_A_K,25,0.02229214816222482,2.65580397971585,0.014281677147523486,0.0035906056237889226,0.03657382530974831,0.023817621852772218,0.020270568959459105,0.0532688948556137,0.01035219431447045,0.07556104301783853,0.08076229371477611,0.06988658995917929
ridge|history_available|budget=09,history_available,True,whole,1520,9,ridge::H_D_B_M_A,H_D_B_M_A,P0,ridge::H_D_B_M_P_C_A_K,25,0.02229214816222482,2.65580397971585,0.014281677147523486,0.0035906056237889226,0.03657382530974831,0.023817621852772218,0.020270568959459105,0.0532688948556137,0.01035219431447045,0.07556104301783853,0.08076229371477611,0.06988658995917929
ridge|history_available|budget=10,history_available,True,whole,1520,10,ridge::H_D_B_M_A,H_D_B_M_A,P0,ridge::H_D_B_M_P_C_A_K,25,0.02229214816222482,2.65580397971585,0.014281677147523486,0.0035906056237889226,0.03657382530974831,0.023817621852772218,0.020270568959459105,0.0532688948556137,0.01035219431447045,0.07556104301783853,0.08076229371477611,0.06988658995917929
ridge|history_available|budget=11,history_available,True,whole,1520,11,ridge::H_D_B_M_A,H_D_B_M_A,P0,ridge::H_D_B_M_P_C_A_K,25,0.02229214816222482,2.65580397971585,0.014281677147523486,0.0035906056237889226,0.03657382530974831,0.023817621852772218,0.020270568959459105,0.0532688948556137,0.01035219431447045,0.07556104301783853,0.08076229371477611,0.06988658995917929
ridge|history_available|budget=12,history_available,True,whole,1520,12,ridge::H_D_B_M_A,H_D_B_M_A,P0,ridge::H_D_B_M_P_C_A_K,25,0.02229214816222482,2.65580397971585,0.014281677147523486,0.0035906056237889226,0.03657382530974831,0.023817621852772218,0.020270568959459105,0.0532688948556137,0.01035219431447045,0.07556104301783853,0.08076229371477611,0.06988658995917929
ridge|history_available|budget=13,history_available,True,whole,1520,13,ridge::H_D_B_M_A,H_D_B_M_A,P0,ridge::H_D_B_M_P_C_A_K,25,0.02229214816222482,2.65580397971585,0.014281677147523486,0.0035906056237889226,0.03657382530974831,0.023817621852772218,0.020270568959459105,0.0532688948556137,0.01035219431447045,0.07556104301783853,0.08076229371477611,0.06988658995917929
ridge|history_available|budget=14,history_available,True,whole,1520,14,ridge::H_D_B_M_A,H_D_B_M_A,P0,ridge::H_D_B_M_P_C_A_K,25,0.02229214816222482,2.65580397971585,0.014281677147523486,0.0035906056237889226,0.03657382530974831,0.023817621852772218,0.020270568959459105,0.0532688948556137,0.01035219431447045,0.07556104301783853,0.08076229371477611,0.06988658995917929
ridge|history_available|budget=15,history_available,True,whole,1520,15,ridge::H_D_K,H_D_K,P0,ridge::H_D_B_M_P_C_A_K,25,0.02229214816222482,2.65580397971585,-0.02342257605671627,0.003909447693090332,-0.0011304278944914495,-0.01303984931491602,-0.01694610342124169,0.015564641651373945,0.008683702905832162,0.03785678981359877,0.038626854387353096,0.029598133813646198
ridge|history_available|budget=16,history_available,True,whole,1520,16,ridge::H_D_A_K,H_D_A_K,P0,ridge::H_D_B_M_P_C_A_K,25,0.02229214816222482,2.65580397971585,-0.003985548313498621,0.00233165800278537,0.0183065998487262,0.0022068782896350744,-0.00017262896064730972,0.035001669394591595,0.010261685539156728,0.057293817556816416,0.06225469468807662,0.05181091958842381
ridge|history_available|budget=17,history_available,True,whole,1520,17,ridge::H_D_B_A_K,H_D_B_A_K,P0,ridge::H_D_B_M_P_C_A_K,25,0.02229214816222482,2.65580397971585,-0.008023949274609699,0.0017265181579970948,0.014268198887615123,-0.0034386554795493357,-0.005021534674286488,0.030963268433480517,0.010465198790732861,0.05325541659570534,0.05875678503042635,0.04788515578618301
ridge|history_available|budget=18,history_available,True,whole,1520,18,ridge::H_D_B_M_A_K,H_D_B_M_A_K,P0,ridge::H_D_B_M_P_C_A_K,25,0.02229214816222482,2.65580397971585,-0.0006678158039821191,0.0015732584089912817,0.021624332358242702,0.003510450139738353,0.0018985286864033613,0.0383194019041081,0.010571644882660786,0.06061155006633292,0.06639561845562131,0.05544252649751821
ridge|history_available|budget=19,history_available,True,whole,1520,19,ridge::H_D_B_M_A_K,H_D_B_M_A_K,P0,ridge::H_D_B_M_P_C_A_K,25,0.02229214816222482,2.65580397971585,-0.0006678158039821191,0.0015732584089912817,0.021624332358242702,0.003510450139738353,0.0018985286864033613,0.0383194019041081,0.010571644882660786,0.06061155006633292,0.06639561845562131,0.05544252649751821
ridge|history_available|budget=20,history_available,True,whole,1520,20,ridge::H_D_B_M_A_K,H_D_B_M_A_K,P0,ridge::H_D_B_M_P_C_A_K,25,0.02229214816222482,2.65580397971585,-0.0006678158039821191,0.0015732584089912817,0.021624332358242702,0.003510450139738353,0.0018985286864033613,0.0383194019041081,0.010571644882660786,0.06061155006633292,0.06639561845562131,0.05544252649751821
ridge|history_available|budget=21,history_available,True,whole,1520,21,ridge::H_D_B_M_A_K,H_D_B_M_A_K,P0,ridge::H_D_B_M_P_C_A_K,25,0.02229214816222482,2.65580397971585,-0.0006678158039821191,0.0015732584089912817,0.021624332358242702,0.003510450139738353,0.0018985286864033613,0.0383194019041081,0.010571644882660786,0.06061155006633292,0.06639561845562131,0.05544252649751821
ridge|history_available|budget=22,history_available,True,whole,1520,22,ridge::H_D_B_M_A_K,H_D_B_M_A_K,P0,ridge::H_D_B_M_P_C_A_K,25,0.02229214816222482,2.65580397971585,-0.0006678158039821191,0.0015732584089912817,0.021624332358242702,0.003510450139738353,0.0018985286864033613,0.0383194019041081,0.010571644882660786,0.06061155006633292,0.06639561845562131,0.05544252649751821
ridge|history_available|budget=23,history_available,True,whole,1520,23,ridge::H_D_B_M_A_K,H_D_B_M_A_K,P0,ridge::H_D_B_M_P_C_A_K,25,0.02229214816222482,2.65580397971585,-0.0006678158039821191,0.0015732584089912817,0.021624332358242702,0.003510450139738353,0.0018985286864033613,0.0383194019041081,0.010571644882660786,0.06061155006633292,0.06639561845562131,0.05544252649751821
ridge|history_available|budget=24,history_available,True,whole,1520,24,ridge::H_D_B_M_A_K,H_D_B_M_A_K,P0,ridge::H_D_B_M_P_C_A_K,25,0.02229214816222482,2.65580397971585,-0.0006678158039821191,0.0015732584089912817,0.021624332358242702,0.003510450139738353,0.0018985286864033613,0.0383194019041081,0.010571644882660786,0.06061155006633292,0.06639561845562131,0.05544252649751821
ridge|history_available|budget=25,history_available,True,whole,1520,25,ridge::H_D_B_M_A_K,H_D_B_M_A_K,P0,ridge::H_D_B_M_P_C_A_K,25,0.02229214816222482,2.65580397971585,-0.0006678158039821191,0.0015732584089912817,0.021624332358242702,0.003510450139738353,0.0018985286864033613,0.0383194019041081,0.010571644882660786,0.06061155006633292,0.06639561845562131,0.05544252649751821
ridge|history_available|budget=26,history_available,True,whole,1520,26,ridge::H_D_B_M_A_K,H_D_B_M_A_K,P0,ridge::H_D_B_M_P_C_A_K,25,0.02229214816222482,2.65580397971585,-0.0006678158039821191,0.0015732584089912817,0.021624332358242702,0.003510450139738353,0.0018985286864033613,0.0383194019041081,0.010571644882660786,0.06061155006633292,0.06639561845562131,0.05544252649751821
ridge|history_available|budget=27,history_available,True,whole,1520,27,ridge::H_D_B_M_A_K,H_D_B_M_A_K,P0,ridge::H_D_B_M_P_C_A_K,25,0.02229214816222482,2.65580397971585,-0.0006678158039821191,0.0015732584089912817,0.021624332358242702,0.003510450139738353,0.0018985286864033613,0.0383194019041081,0.010571644882660786,0.06061155006633292,0.06639561845562131,0.05544252649751821
ridge|history_available|budget=28,history_available,True,whole,1520,28,ridge::H_D_B_P_A_K,H_D_B_P_A_K,P0,ridge::H_D_B_M_P_C_A_K,25,0.02229214816222482,2.65580397971585,-0.005940529371703196,0.0011559389753784555,0.016351618790521626,-0.002870582040584432,-0.0040104726615814434,0.03304668833638702,0.010483525350922718,0.05533883649861184,0.06088887668481958,0.049870108858006024
ridge|history_available|budget=29,history_available,True,whole,1520,29,ridge::H_D_B_M_P_A_K,H_D_B_M_P_A_K,P0,ridge::H_D_B_M_P_C_A_K,25,0.02229214816222482,2.65580397971585,-0.0005301792756530199,0.00035922490433771805,0.0217619688865718,0.0004238516549001371,3.955622700658188e-05,0.038457038432437196,0.01052621769592646,0.06074918659466202,0.0664126092806341,0.05544129974840354
ridge|history_available|budget=30,history_available,True,whole,1520,30,ridge::H_D_B_M_P_A_K,H_D_B_M_P_A_K,P0,ridge::H_D_B_M_P_C_A_K,25,0.02229214816222482,2.65580397971585,-0.0005301792756530199,0.00035922490433771805,0.0217619688865718,0.0004238516549001371,3.955622700658188e-05,0.038457038432437196,0.01052621769592646,0.06074918659466202,0.0664126092806341,0.05544129974840354
ridge|history_available|budget=00,history_available,True,disjoint,879,0,P0,P0,P0,ridge::H_D_B_M_P_C_A_K,25,0.029735024026618886,2.623851463746673,-0.06260187166830444,0.01428164411046526,-0.032866847641685557,-0.02512895886435112,-0.03804047404676056,0.0,0.0,0.0,0.0,0.0
ridge|history_available|budget=01,history_available,True,disjoint,879,1,ridge::H_B,H_B,P0,ridge::H_D_B_M_P_C_A_K,25,0.029735024026618886,2.623851463746673,-0.06641707284460452,0.013710457419252229,-0.03668204881798563,-0.030442869076463125,-0.0428297836212541,-0.003815201176300076,0.0032844730092763965,0.02591982285031881,0.004802768136726237,0.0015938786585478915
ridge|history_available|budget=02,history_available,True,disjoint,879,2,ridge::H_B_A,H_B_A,P0,ridge::H_D_B_M_P_C_A_K,25,0.029735024026618886,2.623851463746673,-0.049411595180267054,0.012456292028015186,-0.019676571153648167,-0.01672813510970339,-0.027859834412871085,0.013190276488037389,0.005345511018037668,0.042925300514656275,0.027216103397189495,0.02202364860710916
ridge|history_available|budget=03,history_available,True,disjoint,879,3,ridge::H_B_A,H_B_A,P0,ridge::H_D_B_M_P_C_A_K,25,0.029735024026618886,2.623851463746673,-0.049411595180267054,0.012456292028015186,-0.019676571153648167,-0.01672813510970339,-0.027859834412871085,0.013190276488037389,0.005345511018037668,0.042925300514656275,0.027216103397189495,0.02202364860710916
ridge|history_available|budget=04,history_available,True,disjoint,879,4,ridge::H_D,H_D,P0,ridge::H_D_B_M_P_C_A_K,25,0.029735024026618886,2.623851463746673,-0.012722203781118657,0.006435819758750473,0.01701282024550023,0.004164431313288534,-0.00177929332621507,0.049879667887185786,0.011481266504554919,0.07961469191380467,0.08000480581082786,0.06844277736334664
ridge|history_available|budget=05,history_available,True,disjoint,879,5,ridge::H_D_B,H_D_B,P0,ridge::H_D_B_M_P_C_A_K,25,0.029735024026618886,2.623851463746673,-0.01927459821132471,0.005944958373096252,0.010460425815294175,-0.003675910482163069,-0.009353546879613543,0.04332727345697973,0.01163783724997228,0.07306229748359862,0.07386322976016506,0.062347194463074226
ridge|history_available|budget=06,history_available,True,disjoint,879,6,ridge::H_D_B_A,H_D_B_A,P0,ridge::H_D_B_M_P_C_A_K,25,0.029735024026618886,2.623851463746673,0.0034593905033358796,0.005260068477296833,0.033194414529954766,0.01726102887689891,0.012122462033461356,0.06606126217164032,0.013720159247817816,0.09579628619825921,0.10206092209686456,0.08781141445896645
ridge|history_available|budget=07,history_available,True,disjoint,879,7,ridge::H_D_B_M_A,H_D_B_M_A,P0,ridge::H_D_B_M_P_C_A_K,25,0.029735024026618886,2.623851463746673,0.00943960630464813,0.005297384490038593,0.039174630331267016,0.023339156352864814,0.018420565222671142,0.07204147797295257,0.0138243506476883,0.10177650199957146,0.10831452065523678,0.09397056592558078
ridge|history_available|budget=08,history_available,True,disjoint,879,8,ridge::H_D_B_M_A,H_D_B_M_A,P0,ridge::H_D_B_M_P_C_A_K,25,0.029735024026618886,2.623851463746673,0.00943960630464813,0.005297384490038593,0.039174630331267016,0.023339156352864814,0.018420565222671142,0.07204147797295257,0.0138243506476883,0.10177650199957146,0.10831452065523678,0.09397056592558078
ridge|history_available|budget=09,history_available,True,disjoint,879,9,ridge::H_D_B_M_A,H_D_B_M_A,P0,ridge::H_D_B_M_P_C_A_K,25,0.029735024026618886,2.623851463746673,0.00943960630464813,0.005297384490038593,0.039174630331267016,0.023339156352864814,0.018420565222671142,0.07204147797295257,0.0138243506476883,0.10177650199957146,0.10831452065523678,0.09397056592558078
ridge|history_available|budget=10,history_available,True,disjoint,879,10,ridge::H_D_B_M_A,H_D_B_M_A,P0,ridge::H_D_B_M_P_C_A_K,25,0.029735024026618886,2.623851463746673,0.00943960630464813,0.005297384490038593,0.039174630331267016,0.023339156352864814,0.018420565222671142,0.07204147797295257,0.0138243506476883,0.10177650199957146,0.10831452065523678,0.09397056592558078
ridge|history_available|budget=11,history_available,True,disjoint,879,11,ridge::H_D_B_M_A,H_D_B_M_A,P0,ridge::H_D_B_M_P_C_A_K,25,0.029735024026618886,2.623851463746673,0.00943960630464813,0.005297384490038593,0.039174630331267016,0.023339156352864814,0.018420565222671142,0.07204147797295257,0.0138243506476883,0.10177650199957146,0.10831452065523678,0.09397056592558078
ridge|history_available|budget=12,history_available,True,disjoint,879,12,ridge::H_D_B_M_A,H_D_B_M_A,P0,ridge::H_D_B_M_P_C_A_K,25,0.029735024026618886,2.623851463746673,0.00943960630464813,0.005297384490038593,0.039174630331267016,0.023339156352864814,0.018420565222671142,0.07204147797295257,0.0138243506476883,0.10177650199957146,0.10831452065523678,0.09397056592558078
ridge|history_available|budget=13,history_available,True,disjoint,879,13,ridge::H_D_B_M_A,H_D_B_M_A,P0,ridge::H_D_B_M_P_C_A_K,25,0.029735024026618886,2.623851463746673,0.00943960630464813,0.005297384490038593,0.039174630331267016,0.023339156352864814,0.018420565222671142,0.07204147797295257,0.0138243506476883,0.10177650199957146,0.10831452065523678,0.09397056592558078
ridge|history_available|budget=14,history_available,True,disjoint,879,14,ridge::H_D_B_M_A,H_D_B_M_A,P0,ridge::H_D_B_M_P_C_A_K,25,0.029735024026618886,2.623851463746673,0.00943960630464813,0.005297384490038593,0.039174630331267016,0.023339156352864814,0.018420565222671142,0.07204147797295257,0.0138243506476883,0.10177650199957146,0.10831452065523678,0.09397056592558078
ridge|history_available|budget=15,history_available,True,disjoint,879,15,ridge::H_D_K,H_D_K,P0,ridge::H_D_B_M_P_C_A_K,25,0.029735024026618886,2.623851463746673,-0.03095103082633932,0.0052179566132235095,-0.0012160067997204344,-0.01725988772896618,-0.02252158434424791,0.03165084084196512,0.011995926860005973,0.06138586486858401,0.06312637109258983,0.05172874216315941
ridge|history_available|budget=16,history_available,True,disjoint,879,16,ridge::H_D_A_K,H_D_A_K,P0,ridge::H_D_B_M_P_C_A_K,25,0.029735024026618886,2.623851463746673,-0.007952479697858283,0.0032794600323413532,0.021782544328760603,0.0006523363082992888,-0.002387519048259029,0.05464939197044616,0.013724801618239567,0.08438441599706505,0.09066123278609675,0.07709193228467848
ridge|history_available|budget=17,history_available,True,disjoint,879,17,ridge::H_D_B_A_K,H_D_B_A_K,P0,ridge::H_D_B_M_P_C_A_K,25,0.029735024026618886,2.623851463746673,-0.013195566538378944,0.002411236883257322,0.016539457488239942,-0.006868839112804254,-0.009066738257851198,0.0494063051299255,0.013888360489807575,0.07914132915654438,0.08584730013014857,0.07231332415878848
ridge|history_available|budget=18,history_available,True,disjoint,879,18,ridge::H_D_B_M_A_K,H_D_B_M_A_K,P0,ridge::H_D_B_M_P_C_A_K,25,0.029735024026618886,2.623851463746673,-0.001688359014916263,0.0021646498812666276,0.028046665011702623,0.00399136074454424,0.0019272481049331215,0.06091351265338818,0.01408989186592145,0.09064853668000707,0.09788329604981852,0.08352062489998202
ridge|history_available|budget=19,history_available,True,disjoint,879,19,ridge::H_D_B_M_A_K,H_D_B_M_A_K,P0,ridge::H_D_B_M_P_C_A_K,25,0.029735024026618886,2.623851463746673,-0.001688359014916263,0.0021646498812666276,0.028046665011702623,0.00399136074454424,0.0019272481049331215,0.06091351265338818,0.01408989186592145,0.09064853668000707,0.09788329604981852,0.08352062489998202
ridge|history_available|budget=20,history_available,True,disjoint,879,20,ridge::H_D_B_M_A_K,H_D_B_M_A_K,P0,ridge::H_D_B_M_P_C_A_K,25,0.029735024026618886,2.623851463746673,-0.001688359014916263,0.0021646498812666276,0.028046665011702623,0.00399136074454424,0.0019272481049331215,0.06091351265338818,0.01408989186592145,0.09064853668000707,0.09788329604981852,0.08352062489998202
ridge|history_available|budget=21,history_available,True,disjoint,879,21,ridge::H_D_B_M_A_K,H_D_B_M_A_K,P0,ridge::H_D_B_M_P_C_A_K,25,0.029735024026618886,2.623851463746673,-0.001688359014916263,0.0021646498812666276,0.028046665011702623,0.00399136074454424,0.0019272481049331215,0.06091351265338818,0.01408989186592145,0.09064853668000707,0.09788329604981852,0.08352062489998202
ridge|history_available|budget=22,history_available,True,disjoint,879,22,ridge::H_D_B_M_A_K,H_D_B_M_A_K,P0,ridge::H_D_B_M_P_C_A_K,25,0.029735024026618886,2.623851463746673,-0.001688359014916263,0.0021646498812666276,0.028046665011702623,0.00399136074454424,0.0019272481049331215,0.06091351265338818,0.01408989186592145,0.09064853668000707,0.09788329604981852,0.08352062489998202
ridge|history_available|budget=23,history_available,True,disjoint,879,23,ridge::H_D_B_M_A_K,H_D_B_M_A_K,P0,ridge::H_D_B_M_P_C_A_K,25,0.029735024026618886,2.623851463746673,-0.001688359014916263,0.0021646498812666276,0.028046665011702623,0.00399136074454424,0.0019272481049331215,0.06091351265338818,0.01408989186592145,0.09064853668000707,0.09788329604981852,0.08352062489998202
ridge|history_available|budget=24,history_available,True,disjoint,879,24,ridge::H_D_B_M_A_K,H_D_B_M_A_K,P0,ridge::H_D_B_M_P_C_A_K,25,0.029735024026618886,2.623851463746673,-0.001688359014916263,0.0021646498812666276,0.028046665011702623,0.00399136074454424,0.0019272481049331215,0.06091351265338818,0.01408989186592145,0.09064853668000707,0.09788329604981852,0.08352062489998202
ridge|history_available|budget=25,history_available,True,disjoint,879,25,ridge::H_D_B_M_A_K,H_D_B_M_A_K,P0,ridge::H_D_B_M_P_C_A_K,25,0.029735024026618886,2.623851463746673,-0.001688359014916263,0.0021646498812666276,0.028046665011702623,0.00399136074454424,0.0019272481049331215,0.06091351265338818,0.01408989186592145,0.09064853668000707,0.09788329604981852,0.08352062489998202
ridge|history_available|budget=26,history_available,True,disjoint,879,26,ridge::H_D_B_M_A_K,H_D_B_M_A_K,P0,ridge::H_D_B_M_P_C_A_K,25,0.029735024026618886,2.623851463746673,-0.001688359014916263,0.0021646498812666276,0.028046665011702623,0.00399136074454424,0.0019272481049331215,0.06091351265338818,0.01408989186592145,0.09064853668000707,0.09788329604981852,0.08352062489998202
ridge|history_available|budget=27,history_available,True,disjoint,879,27,ridge::H_D_B_M_A_K,H_D_B_M_A_K,P0,ridge::H_D_B_M_P_C_A_K,25,0.029735024026618886,2.623851463746673,-0.001688359014916263,0.0021646498812666276,0.028046665011702623,0.00399136074454424,0.0019272481049331215,0.06091351265338818,0.01408989186592145,0.09064853668000707,0.09788329604981852,0.08352062489998202
ridge|history_available|budget=28,history_available,True,disjoint,879,28,ridge::H_D_B_P_A_K,H_D_B_P_A_K,P0,ridge::H_D_B_M_P_C_A_K,25,0.029735024026618886,2.623851463746673,-0.008615692953436893,0.001651647167564499,0.021119331073181993,-0.004282016115229736,-0.005928846694108691,0.05398617871486755,0.01415779516097481,0.08372120274148644,0.09113413027141687,0.07673409998576931
ridge|history_available|budget=29,history_available,True,disjoint,879,29,ridge::H_D_B_M_P_A_K,H_D_B_M_P_A_K,P0,ridge::H_D_B_M_P_C_A_K,25,0.029735024026618886,2.623851463746673,3.794070236273761e-05,0.0005261953324369135,0.029772964728981624,0.0014185990955940006,0.0008740340808488176,0.06263981237066718,0.014246879578770928,0.09237483639728607,0.10002150820724787,0.08573581071347744
ridge|history_available|budget=30,history_available,True,disjoint,879,30,ridge::H_D_B_M_P_A_K,H_D_B_M_P_A_K,P0,ridge::H_D_B_M_P_C_A_K,25,0.029735024026618886,2.623851463746673,3.794070236273761e-05,0.0005261953324369135,0.029772964728981624,0.0014185990955940006,0.0008740340808488176,0.06263981237066718,0.014246879578770928,0.09237483639728607,0.10002150820724787,0.08573581071347744
