policy_id,algorithm,availability,budget,selected_subset,source_model,uses_history,selected_additional_items,development_oof_log_loss,evaluation_domain,n,events,event_rate,log_loss,brier,roc_auc,average_precision,calibration_intercept,calibration_slope,full_model,baseline_model,unrestricted_policy_source,delta_full_log_loss,delta_baseline_log_loss,delta_budget30_policy_log_loss,table_row_order,tight_mle_calibration_slope,tight_mle_calibration_intercept,slope_numerical_difference,gradient_inf
ridge|history_available|budget=00,ridge,history_available,0,P0,P0,True,0,0.6620828063230408,all,1520,853,0.5611842105263158,0.6606246186097116,0.2339267641349458,0.6069046367789143,0.6211904240601227,-0.0796930407733823,1.080387736924288,ridge::H_D_B_M_P_C_A_K,P0,ridge::H_D_B_M_P_A_K,-0.0389872177080953,0.0,-0.0384570384324417,0,1.0805330150762045,-0.0797308423920984,0.0001452781519164,2.886579864025407e-16
ridge|history_available|budget=01,ridge,history_available,1,H_B,ridge::H_B,True,1,0.6578158495921907,all,1520,853,0.5611842105263158,0.6572437321089197,0.2322817476455345,0.622201208891451,0.6331735139207219,-0.0674936931098295,1.0168351503426765,ridge::H_D_B_M_P_C_A_K,P0,ridge::H_D_B_M_P_A_K,-0.0423681042088871,-0.0033808865007918,-0.0418379249332335,1,1.0174273428503378,-0.0676612952475672,0.0005921925076612,6.398390589287087e-17
ridge|history_available|budget=04,ridge,history_available,4,H_D,ridge::H_D,True,4,0.6396754472363618,all,1520,853,0.5611842105263158,0.696335561198437,0.2443954024786482,0.6011317319066141,0.6079220115969909,0.0991572947870941,0.4110314273390901,ridge::H_D_B_M_P_C_A_K,P0,ridge::H_D_B_M_P_A_K,-0.0032762751193698,0.0357109425887254,-0.0027460958437163,2,0.4110834326986737,0.0991786542744034,5.200535958360675e-05,3.6732294837383893e-13
ridge|history_available|budget=11,ridge,history_available,11,H_D_B_M_A,ridge::H_D_B_M_A,True,7,0.6362310759849575,all,1520,853,0.5611842105263158,0.7138935134653298,0.2481909507850573,0.5967886513952871,0.5923178047193032,0.096020479311114,0.3357150721950441,ridge::H_D_B_M_P_C_A_K,P0,ridge::H_D_B_M_P_A_K,0.0142816771475229,0.0532688948556182,0.0148118564231765,3,0.3360924588368022,0.0958363271439636,0.0003773866417581,2.2782546901654508e-11
ridge|history_available|budget=30,ridge,history_available,30,H_D_B_M_P_A_K,ridge::H_D_B_M_P_A_K,True,29,0.6292921291184919,all,1520,853,0.5611842105263158,0.6990816570421533,0.2433204910487976,0.6186191781014534,0.6247415009313724,0.0907460082266492,0.4103266295234491,ridge::H_D_B_M_P_C_A_K,P0,ridge::H_D_B_M_P_A_K,-0.0005301792756535,0.0384570384324417,0.0,4,0.410377250807904,0.0907674865008246,5.062128445487701e-05,1.6352616647481794e-11
hgb|history_available|budget=00,hgb,history_available,0,H,hgb::H,True,0,0.6620826133717034,all,1520,853,0.5611842105263158,0.6606404546592651,0.2339346493805511,0.6069046367789143,0.6211904240601227,-0.0811179968483887,1.084395362146343,hgb::H_D_B_M_P_C_A_K,P0,hgb::H_D_M_P_C_A_K,-0.0099857375836369,1.583604955357476e-05,-0.0198280532036639,5,1.0845411536911844,-0.0811545577403448,0.0001457915448415,1.437446652935729e-16
hgb|history_available|budget=01,hgb,history_available,1,H_B,hgb::H_B,True,1,0.656149609502737,all,1520,853,0.5611842105263158,0.6568702773889398,0.2321400731749633,0.6239403744786458,0.6341535533299149,-0.0639342530377603,1.0144943686537435,hgb::H_D_B_M_P_C_A_K,P0,hgb::H_D_M_P_C_A_K,-0.0137559148539623,-0.0037543412207717,-0.0235982304739893,6,1.0153958171793058,-0.0643852679668278,0.0009014485255622,3.710482213878813e-17
hgb|history_available|budget=04,hgb,history_available,4,H_D,hgb::H_D,True,4,0.6440872421067338,all,1520,853,0.5611842105263158,0.678946040590467,0.2406777805140672,0.6059449759293858,0.6147655179549928,0.0753915937157538,0.5530972018618944,hgb::H_D_B_M_P_C_A_K,P0,hgb::H_D_M_P_C_A_K,0.0083198483475649,0.0183214219807554,-0.001522467272462,7,0.5531670320915926,0.0754041296296358,6.983022969819785e-05,1.290850399597514e-09
hgb|history_available|budget=11,hgb,history_available,11,H_D_B_M_C_A,hgb::H_D_B_M_C_A,True,8,0.6314904390595096,all,1520,853,0.5611842105263158,0.7023321544326471,0.2474330469193881,0.5938850621582527,0.5906384405914374,0.0898593102467147,0.3830719241183876,hgb::H_D_B_M_P_C_A_K,P0,hgb::H_D_M_P_C_A_K,0.0317059621897449,0.0417075358229355,0.0218636465697179,8,0.3835951280285801,0.0895885057397167,0.0005232039101925,3.652699487906381e-14
hgb|history_available|budget=30,hgb,history_available,30,H_D_M_P_C_A_K,hgb::H_D_M_P_C_A_K,True,29,0.620817620210149,all,1520,853,0.5611842105263158,0.6804685078629291,0.2412464945792528,0.6135299876439272,0.6329191388382875,0.0709371623461629,0.5341421881465279,hgb::H_D_B_M_P_C_A_K,P0,hgb::H_D_M_P_C_A_K,0.009842315620027,0.0198438892532175,0.0,9,0.5342361642451308,0.0709658744777968,9.397609860284371e-05,2.827234060899884e-16
ridge|history_unavailable|budget=00,ridge,history_unavailable,0,NONE,ridge::NONE,False,0,0.6853643289188563,all,1520,853,0.5611842105263158,0.6856435498450167,0.2462575669084758,0.5,0.5611842105263158,,,ridge::D_B_M_P_C_A_K,prevalence,ridge::D_B_P_A_K,-0.023467416328708,0.0,-0.0202373239895485,10,,,,
ridge|history_unavailable|budget=01,ridge,history_unavailable,1,B,ridge::B,False,1,0.6777381954029948,all,1520,853,0.5611842105263158,0.677439794026549,0.2422015180703603,0.5628964532973841,0.5956643760292615,-0.0221305507739392,1.025536456226468,ridge::D_B_M_P_C_A_K,prevalence,ridge::D_B_P_A_K,-0.0316711721471758,-0.0082037558184677,-0.0284410798080163,11,1.0256477080757245,-0.0221380100454436,0.0001112518492563,3.320351157763325e-12
ridge|history_unavailable|budget=04,ridge,history_unavailable,4,D,ridge::D,False,4,0.6621656516928427,all,1520,853,0.5611842105263158,0.7106611301987357,0.255033793709848,0.5383750094472107,0.5741672182055861,0.1885442066048283,0.1922415419083337,ridge::D_B_M_P_C_A_K,prevalence,ridge::D_B_P_A_K,0.0015501640250108,0.0250175803537189,0.0047802563641703,12,0.1924089951099664,0.1883491898944864,0.0001674532016327,8.964058022911231e-16
ridge|history_unavailable|budget=11,ridge,history_unavailable,11,D_B_A,ridge::D_B_A,False,6,0.6545563941969289,all,1520,853,0.5611842105263158,0.721027341285142,0.255547113885935,0.5598091927072806,0.5741083368886817,0.1528753303488234,0.2229574296122149,ridge::D_B_M_P_C_A_K,prevalence,ridge::D_B_P_A_K,0.0119163751114171,0.0353837914401252,0.0151464674505766,13,0.2230557014893171,0.1526845796665782,9.827187710226282e-05,5.003526923926045e-13
ridge|history_unavailable|budget=30,ridge,history_unavailable,30,D_B_P_A_K,ridge::D_B_P_A_K,False,28,0.645554504910448,all,1520,853,0.5611842105263158,0.7058808738345653,0.2499479404746488,0.5899453555754363,0.6161062617778498,0.1248610418629192,0.3496940246349226,ridge::D_B_M_P_C_A_K,prevalence,ridge::D_B_P_A_K,-0.0032300923391594,0.0202373239895485,0.0,14,0.3502195574559676,0.1246848917469974,0.000525532821045,1.3244668656776122e-12
hgb|history_unavailable|budget=00,hgb,history_unavailable,0,NONE,hgb::NONE,False,0,0.6853643289188563,all,1520,853,0.5611842105263158,0.6856435498450167,0.2462575669084758,0.5,0.5611842105263158,,,hgb::D_B_M_P_C_A_K,prevalence,hgb::D_M_P_C_A_K,-0.0271617537323615,0.0,-0.037158030080581,15,,,,
hgb|history_unavailable|budget=01,hgb,history_unavailable,1,B,hgb::B,False,1,0.6760966845523163,all,1520,853,0.5611842105263158,0.6818963925562068,0.244384633098109,0.5628648161265205,0.5956103880310231,0.0648416820443912,0.6722019939140648,hgb::D_B_M_P_C_A_K,prevalence,hgb::D_M_P_C_A_K,-0.0309089110211714,-0.0037471572888099,-0.0409051873693909,16,0.6738827001836803,0.0645335076122064,0.0016807062696155,8.66806626476091e-15
hgb|history_unavailable|budget=04,hgb,history_unavailable,4,D,hgb::D,False,4,0.6641680792622449,all,1520,853,0.5611842105263158,0.7155203709602128,0.2556306860152753,0.5405078820495965,0.5743955177580684,0.2060226187862699,0.1333591419149467,hgb::D_B_M_P_C_A_K,prevalence,hgb::D_M_P_C_A_K,0.0027150673828345,0.029876821115196,-0.0072812089653849,17,0.1333571305766352,0.2060140647621915,-2.011338311402877e-06,4.689231459272043e-16
hgb|history_unavailable|budget=11,hgb,history_unavailable,11,D_B_M_C_A,hgb::D_B_M_C_A,False,8,0.6485929332417237,all,1520,853,0.5611842105263158,0.7389412284305829,0.2622249317417124,0.5458150174619607,0.5585632994154737,0.2058446139719711,0.0897320163267534,hgb::D_B_M_P_C_A_K,prevalence,hgb::D_M_P_C_A_K,0.0261359248532045,0.0532976785855661,0.016139648504985,18,0.0897269319264343,0.2058354725364093,-5.084400319016469e-06,5.857887274666944e-16
hgb|history_unavailable|budget=30,hgb,history_unavailable,30,D_M_P_C_A_K,hgb::D_M_P_C_A_K,False,29,0.6317969039258379,all,1520,853,0.5611842105263158,0.7228015799255978,0.2601222744294738,0.5482194424475921,0.5956288465679509,0.1898640771647257,0.1758916444926418,hgb::D_B_M_P_C_A_K,prevalence,hgb::D_M_P_C_A_K,0.0099962763482195,0.037158030080581,0.0,19,0.1759425341014244,0.1896013958167565,5.088960878263382e-05,9.384835744787411e-15
ridge|history_available|budget=00,ridge,history_available,0,P0,P0,True,0,0.6620828063230408,development_disjoint_id,879,471,0.5358361774744027,0.6792964560352486,0.2429983377977798,0.5816785312851256,0.5810244792658218,-0.1137472152492714,0.8310644602975442,ridge::H_D_B_M_P_C_A_K,P0,ridge::H_D_B_M_P_A_K,-0.0626018716683074,0.0,-0.0626398123706696,0,0.8311469081291066,-0.1138032578812344,8.244783156241553e-05,2.038282322598933e-13
ridge|history_available|budget=01,ridge,history_available,1,H_B,ridge::H_B,True,1,0.6578158495921907,development_disjoint_id,879,471,0.5358361774744027,0.6754812548589502,0.2410629235091362,0.5978440739353066,0.5923299344429761,-0.1157121856704025,0.8305121983813483,ridge::H_D_B_M_P_C_A_K,P0,ridge::H_D_B_M_P_A_K,-0.0664170728446058,-0.0038152011762984,-0.066455013546968,1,0.8308250127876886,-0.1158570595419053,0.0003128144063403,7.802094200131829e-13
ridge|history_available|budget=04,ridge,history_available,4,H_D,ridge::H_D,True,4,0.6396754472363618,development_disjoint_id,879,471,0.5358361774744027,0.7291761239224367,0.259439201358289,0.559887702427043,0.5558222218173108,0.0690667319629308,0.2288044461637454,ridge::H_D_B_M_P_C_A_K,P0,ridge::H_D_B_M_P_A_K,-0.0127222037811193,0.0498796678871881,-0.0127601444834815,2,0.2290025717616316,0.0689602295195231,0.0001981255978862,1.1113631343167633e-13
ridge|history_available|budget=11,ridge,history_available,11,H_D_B_M_A,ridge::H_D_B_M_A,True,7,0.6362310759849575,development_disjoint_id,879,471,0.5358361774744027,0.751337934008204,0.2653526333528357,0.553398588734857,0.5378000186318561,0.0713055666956855,0.1754605103572176,ridge::H_D_B_M_P_C_A_K,P0,ridge::H_D_B_M_P_A_K,0.009439606304648,0.0720414779729554,0.0094016656022858,3,0.175480433789031,0.0712196735973974,1.992343181339562e-05,3.8593879395379716e-14
ridge|history_available|budget=30,ridge,history_available,30,H_D_B_M_P_A_K,ridge::H_D_B_M_P_A_K,True,29,0.6292921291184919,development_disjoint_id,879,471,0.5358361774744027,0.7419362684059182,0.2629529626124035,0.5682683901586112,0.5645952467038565,0.0714315576666169,0.2249949937053985,ridge::H_D_B_M_P_C_A_K,P0,ridge::H_D_B_M_P_A_K,3.79407023621825e-05,0.0626398123706696,0.0,4,0.2250320558037887,0.0713546871762586,3.706209839024477e-05,4.392865296291514e-13
hgb|history_available|budget=00,hgb,history_available,0,H,hgb::H,True,0,0.6620826133717034,development_disjoint_id,879,471,0.5358361774744027,0.6792772451151128,0.24298995328863,0.5816785312851256,0.5810244792658218,-0.1148423471491505,0.8341471396671067,hgb::H_D_B_M_P_C_A_K,P0,hgb::H_D_M_P_C_A_K,-0.0291848669311742,-1.921092013579262e-05,-0.0407408335490535,5,0.8342299717382444,-0.1148983809299763,8.283207113768398e-05,1.9625913838085897e-13
hgb|history_available|budget=01,hgb,history_available,1,H_B,hgb::H_B,True,1,0.656149609502737,development_disjoint_id,879,471,0.5358361774744027,0.6731212166859277,0.2399875949587723,0.6021606094667167,0.5946084611990128,-0.1307132135024334,0.8754061672214093,hgb::H_D_B_M_P_C_A_K,P0,hgb::H_D_M_P_C_A_K,-0.0353408953603593,-0.0061752393493208,-0.0468968619782386,6,0.8760924027199605,-0.1310801313053984,0.0006862354985511,1.9620116427752528e-13
hgb|history_available|budget=04,hgb,history_available,4,H_D,hgb::H_D,True,4,0.6440872421067338,development_disjoint_id,879,471,0.5358361774744027,0.7088619972558207,0.2545275103305595,0.5681330918779401,0.5669500601272593,0.0431604912581281,0.343965522326745,hgb::H_D_B_M_P_C_A_K,P0,hgb::H_D_M_P_C_A_K,0.0003998852095336,0.029565541220572,-0.0111560814083456,7,0.3445746878355276,0.0428543008784079,0.0006091655087825,6.078833567593771e-17
hgb|history_available|budget=11,hgb,history_available,11,H_D_B_M_C_A,hgb::H_D_B_M_C_A,True,8,0.6314904390595096,development_disjoint_id,879,471,0.5358361774744027,0.737820619516944,0.2627645133685637,0.5598720910869656,0.5439563412629402,0.0609912361946927,0.2067357666676487,hgb::H_D_B_M_P_C_A_K,P0,hgb::H_D_M_P_C_A_K,0.0293585074706569,0.0585241634816954,0.0178025408527776,8,0.2067963629479753,0.0609124425630172,6.059628032664688e-05,9.771097655527968e-15
hgb|history_available|budget=30,hgb,history_available,30,H_D_M_P_C_A_K,hgb::H_D_M_P_C_A_K,True,29,0.620817620210149,development_disjoint_id,879,471,0.5358361774744027,0.7200180786641663,0.2592527158067836,0.5581366304483576,0.5668525484520317,0.070056114409013,0.253669983622535,hgb::H_D_B_M_P_C_A_K,P0,hgb::H_D_M_P_C_A_K,0.0115559666178792,0.0407216226289177,0.0,9,0.2538714326401919,0.069974181723496,0.0002014490176568,1.6527405809064659e-15
ridge|history_unavailable|budget=00,ridge,history_unavailable,0,NONE,ridge::NONE,False,0,0.6853643289188563,development_disjoint_id,879,471,0.5358361774744027,0.6919851207085788,0.2494119169053635,0.5,0.5358361774744027,,,ridge::D_B_M_P_C_A_K,prevalence,ridge::D_B_P_A_K,-0.0589741200888043,0.0,-0.0560610186602237,10,,,,
ridge|history_unavailable|budget=01,ridge,history_unavailable,1,B,ridge::B,False,1,0.6777381954029948,development_disjoint_id,879,471,0.5358361774744027,0.6849243747157531,0.2458864245585491,0.5586934349111194,0.5686568804316146,-0.0989581170732724,0.9451993142646292,ridge::D_B_M_P_C_A_K,prevalence,ridge::D_B_P_A_K,-0.06603486608163,-0.0070607459928256,-0.0631217646530494,11,0.9453161512474458,-0.0989799160945684,0.0001168369828166,8.405613457201839e-16
ridge|history_unavailable|budget=04,ridge,history_unavailable,4,D,ridge::D,False,4,0.6621656516928427,development_disjoint_id,879,471,0.5358361774744027,0.7432131199540394,0.2699624715065152,0.4911978060863411,0.5159959864931893,0.1658576217570664,-0.0873742814345821,ridge::D_B_M_P_C_A_K,prevalence,ridge::D_B_P_A_K,-0.0077461208433436,0.0512279992454606,-0.0048330194147631,12,-0.087475352821108,0.1659500204407899,-0.0001010713865259,5.444627717959781e-10
ridge|history_unavailable|budget=11,ridge,history_unavailable,11,D_B_A,ridge::D_B_A,False,6,0.6545563941969289,development_disjoint_id,879,471,0.5358361774744027,0.7574532794089385,0.272226805943763,0.5127336497231589,0.5162478592901284,0.1379734590877461,0.0154760624515066,ridge::D_B_M_P_C_A_K,prevalence,ridge::D_B_P_A_K,0.0064940386115553,0.0654681587003597,0.0094071400401359,13,0.0154054379291158,0.1379382226029537,-7.062452239071926e-05,1.2587220761334322e-10
ridge|history_unavailable|budget=30,ridge,history_unavailable,30,D_B_P_A_K,ridge::D_B_P_A_K,False,28,0.645554504910448,development_disjoint_id,879,471,0.5358361774744027,0.7480461393688025,0.2691527102544747,0.5383050247699929,0.5532981301139266,0.1085105047751014,0.1304001028212236,ridge::D_B_M_P_C_A_K,prevalence,ridge::D_B_P_A_K,-0.0029131014285805,0.0560610186602237,0.0,14,0.1304019143538582,0.1084363780032448,1.8115326346213043e-06,1.2336970750280327e-16
hgb|history_unavailable|budget=00,hgb,history_unavailable,0,NONE,hgb::NONE,False,0,0.6853643289188563,development_disjoint_id,879,471,0.5358361774744027,0.6919851207085788,0.2494119169053635,0.5,0.5358361774744027,,,hgb::D_B_M_P_C_A_K,prevalence,hgb::D_M_P_C_A_K,-0.0636004035317773,0.0,-0.0751083802006883,15,,,,
hgb|history_unavailable|budget=01,hgb,history_unavailable,1,B,hgb::B,False,1,0.6760966845523163,development_disjoint_id,879,471,0.5358361774744027,0.6890689608595347,0.2478690890774511,0.5584878856000999,0.568526348994058,-0.0276163814870372,0.6459211964708802,hgb::D_B_M_P_C_A_K,prevalence,hgb::D_M_P_C_A_K,-0.0665165633808213,-0.002916159849044,-0.0780245400497323,16,0.6471725317307596,-0.0277003221240003,0.0012513352598794,3.2983677728154426e-13
hgb|history_unavailable|budget=04,hgb,history_unavailable,4,D,hgb::D,False,4,0.6641680792622449,development_disjoint_id,879,471,0.5358361774744027,0.7434261099690316,0.2690321093728349,0.4936123600183173,0.521040887898593,0.1731537727019186,-0.116171230113404,hgb::D_B_M_P_C_A_K,prevalence,hgb::D_M_P_C_A_K,-0.0121594142713244,0.0514409892604528,-0.0236673909402355,17,-0.1163517036962441,0.1732825002164348,-0.0001804735828401,1.2607453477102563e-09
hgb|history_unavailable|budget=11,hgb,history_unavailable,11,D_B_M_C_A,hgb::D_B_M_C_A,False,8,0.6485929332417237,development_disjoint_id,879,471,0.5358361774744027,0.7740791399480531,0.27805316271475,0.5082037592106907,0.512266933604518,0.178797668043953,-0.0856926127934963,hgb::D_B_M_P_C_A_K,prevalence,hgb::D_M_P_C_A_K,0.018493615707697,0.0820940192394743,0.006985639038786,18,-0.0857386669238236,0.1789035710673338,-4.605413032733596e-05,2.0587084867088315e-09
hgb|history_unavailable|budget=30,hgb,history_unavailable,30,D_M_P_C_A_K,hgb::D_M_P_C_A_K,False,29,0.6317969039258379,development_disjoint_id,879,471,0.5358361774744027,0.7670935009092671,0.280460319648998,0.4806315307439324,0.5236320354383216,0.1817799233452553,-0.1473512933152062,hgb::D_B_M_P_C_A_K,prevalence,hgb::D_M_P_C_A_K,0.011507976668911,0.0751083802006883,0.0,19,-0.1474841317229503,0.1818753305187421,-0.0001328384077441,1.7929164321007126e-17
