algorithm,has_history,domain,model,collection_items,log_loss,pareto_nondominated
ridge,True,extended_K,ridge::H,0,0.6606312282641579,False
ridge,True,extended_K,ridge::H_D,4,0.696335561198437,False
ridge,True,extended_K,ridge::H_B,1,0.6572437321089197,True
ridge,True,extended_K,ridge::H_D_B,5,0.6906339173177158,False
ridge,True,extended_K,ridge::H_M,1,0.6586768755905318,False
ridge,True,extended_K,ridge::H_D_M,5,0.6997384329956161,False
ridge,True,extended_K,ridge::H_B_M,2,0.6568610223434429,False
ridge,True,extended_K,ridge::H_D_B_M,6,0.6954715126760604,False
ridge,True,extended_K,ridge::H_P,11,0.6621286536698835,False
ridge,True,extended_K,ridge::H_D_P,15,0.6986899073247446,False
ridge,True,extended_K,ridge::H_B_P,12,0.6598279763958999,False
ridge,True,extended_K,ridge::H_D_B_P,16,0.6944128008236358,False
ridge,True,extended_K,ridge::H_M_P,12,0.6600336679303875,False
ridge,True,extended_K,ridge::H_D_M_P,16,0.7008698443347471,False
ridge,True,extended_K,ridge::H_B_M_P,13,0.6590211712988748,False
ridge,True,extended_K,ridge::H_D_B_M_P,17,0.6971059702039143,False
ridge,True,extended_K,ridge::H_C,1,0.6602863066610634,False
ridge,True,extended_K,ridge::H_D_C,5,0.6959838922065951,False
ridge,True,extended_K,ridge::H_B_C,2,0.6567785122587828,True
ridge,True,extended_K,ridge::H_D_B_C,6,0.6908208436129027,False
ridge,True,extended_K,ridge::H_M_C,2,0.658167884322826,False
ridge,True,extended_K,ridge::H_D_M_C,6,0.69943445071303,False
ridge,True,extended_K,ridge::H_B_M_C,3,0.6562303994931902,True
ridge,True,extended_K,ridge::H_D_B_M_C,7,0.6952109364585862,False
ridge,True,extended_K,ridge::H_P_C,12,0.6616781456941965,False
ridge,True,extended_K,ridge::H_D_P_C,16,0.6986708024712186,False
ridge,True,extended_K,ridge::H_B_P_C,13,0.6592588775492048,False
ridge,True,extended_K,ridge::H_D_B_P_C,17,0.6941116093155131,False
ridge,True,extended_K,ridge::H_M_P_C,13,0.6594039241702615,False
ridge,True,extended_K,ridge::H_D_M_P_C,17,0.7007023505178803,False
ridge,True,extended_K,ridge::H_B_M_P_C,14,0.6583944317582967,False
ridge,True,extended_K,ridge::H_D_B_M_P_C,18,0.6968980896802975,False
ridge,True,extended_K,ridge::H_A,1,0.6742887322988218,False
ridge,True,extended_K,ridge::H_D_A,5,0.715401927734172,False
ridge,True,extended_K,ridge::H_B_A,2,0.670901879743086,False
ridge,True,extended_K,ridge::H_D_B_A,6,0.7098588727184805,False
ridge,True,extended_K,ridge::H_M_A,2,0.6720357150766995,False
ridge,True,extended_K,ridge::H_D_M_A,6,0.7184336206077944,False
ridge,True,extended_K,ridge::H_B_M_A,3,0.6701807686552006,False
ridge,True,extended_K,ridge::H_D_B_M_A,7,0.7138935134653298,False
ridge,True,extended_K,ridge::H_P_A,12,0.6750709856321985,False
ridge,True,extended_K,ridge::H_D_P_A,16,0.7171619204988859,False
ridge,True,extended_K,ridge::H_B_P_A,13,0.6724829626187756,False
ridge,True,extended_K,ridge::H_D_B_P_A,17,0.7118585932917908,False
ridge,True,extended_K,ridge::H_M_P_A,13,0.6727609997705459,False
ridge,True,extended_K,ridge::H_D_M_P_A,17,0.7188339045550516,False
ridge,True,extended_K,ridge::H_B_M_P_A,14,0.6714963847820993,False
ridge,True,extended_K,ridge::H_D_B_M_P_A,18,0.7144361762043625,False
ridge,True,extended_K,ridge::H_C_A,2,0.673886294585218,False
ridge,True,extended_K,ridge::H_D_C_A,6,0.715419672435277,False
ridge,True,extended_K,ridge::H_B_C_A,3,0.6705150579141685,False
ridge,True,extended_K,ridge::H_D_B_C_A,7,0.7098517951300329,False
ridge,True,extended_K,ridge::H_M_C_A,3,0.6715730525470757,False
ridge,True,extended_K,ridge::H_D_M_C_A,7,0.718439360494326,False
ridge,True,extended_K,ridge::H_B_M_C_A,4,0.6697576515800546,False
ridge,True,extended_K,ridge::H_D_B_M_C_A,8,0.7139171723994294,False
ridge,True,extended_K,ridge::H_P_C_A,13,0.6746938373935905,False
ridge,True,extended_K,ridge::H_D_P_C_A,17,0.7170315707748213,False
ridge,True,extended_K,ridge::H_B_P_C_A,14,0.6720438834546396,False
ridge,True,extended_K,ridge::H_D_B_P_C_A,18,0.7117752028899608,False
ridge,True,extended_K,ridge::H_M_P_C_A,14,0.6722856762631964,False
ridge,True,extended_K,ridge::H_D_M_P_C_A,18,0.7187786294879878,False
ridge,True,extended_K,ridge::H_B_M_P_C_A,15,0.6709921690475126,False
ridge,True,extended_K,ridge::H_D_B_M_P_C_A,19,0.7145134991871509,False
ridge,True,extended_K,ridge::H_K,11,0.6351676477812879,True
ridge,True,extended_K,ridge::H_D_K,15,0.6761892602610897,False
ridge,True,extended_K,ridge::H_B_K,12,0.6338130840816668,True
ridge,True,extended_K,ridge::H_D_B_K,16,0.6721516016125267,False
ridge,True,extended_K,ridge::H_M_K,12,0.6387484495874224,False
ridge,True,extended_K,ridge::H_D_M_K,16,0.6834292271841736,False
ridge,True,extended_K,ridge::H_B_M_K,13,0.6379933943920627,False
ridge,True,extended_K,ridge::H_D_B_M_K,17,0.6797274514236356,False
ridge,True,extended_K,ridge::H_P_K,22,0.6383396625211173,False
ridge,True,extended_K,ridge::H_D_P_K,26,0.6795920519511104,False
ridge,True,extended_K,ridge::H_B_P_K,23,0.6373822838844373,False
ridge,True,extended_K,ridge::H_D_B_P_K,27,0.6761586138450525,False
ridge,True,extended_K,ridge::H_M_P_K,23,0.641075070409414,False
ridge,True,extended_K,ridge::H_D_M_P_K,27,0.6851873170727695,False
ridge,True,extended_K,ridge::H_B_M_P_K,24,0.6409353825958194,False
ridge,True,extended_K,ridge::H_D_B_M_P_K,28,0.6818293096962674,False
ridge,True,extended_K,ridge::H_C_K,12,0.6356315146224345,False
ridge,True,extended_K,ridge::H_D_C_K,16,0.6761452525621875,False
ridge,True,extended_K,ridge::H_B_C_K,13,0.6337863909234275,True
ridge,True,extended_K,ridge::H_D_B_C_K,17,0.6722108740030356,False
ridge,True,extended_K,ridge::H_M_C_K,13,0.6388321206398848,False
ridge,True,extended_K,ridge::H_D_M_C_K,17,0.6835373004019112,False
ridge,True,extended_K,ridge::H_B_M_C_K,14,0.6379007066273498,False
ridge,True,extended_K,ridge::H_D_B_M_C_K,18,0.6802104479685608,False
ridge,True,extended_K,ridge::H_P_C_K,23,0.6382822170567879,False
ridge,True,extended_K,ridge::H_D_P_C_K,27,0.6797163390369511,False
ridge,True,extended_K,ridge::H_B_P_C_K,24,0.6372428057277129,False
ridge,True,extended_K,ridge::H_D_B_P_C_K,28,0.6762372787720276,False
ridge,True,extended_K,ridge::H_M_P_C_K,24,0.640987201268177,False
ridge,True,extended_K,ridge::H_D_M_P_C_K,28,0.6852682871410465,False
ridge,True,extended_K,ridge::H_B_M_P_C_K,25,0.6407660645154758,False
ridge,True,extended_K,ridge::H_D_B_M_P_C_K,29,0.6820157799477475,False
ridge,True,extended_K,ridge::H_A_K,12,0.6501515978228789,False
ridge,True,extended_K,ridge::H_D_A_K,16,0.695626288004309,False
ridge,True,extended_K,ridge::H_B_A_K,13,0.6483197883101659,False
ridge,True,extended_K,ridge::H_D_B_A_K,17,0.6915878870431961,False
ridge,True,extended_K,ridge::H_M_A_K,13,0.6530427785376762,False
ridge,True,extended_K,ridge::H_D_M_A_K,17,0.7026708437617717,False
ridge,True,extended_K,ridge::H_B_M_A_K,14,0.6521251813472393,False
ridge,True,extended_K,ridge::H_D_B_M_A_K,18,0.6989440205138234,False
ridge,True,extended_K,ridge::H_P_A_K,23,0.6517969705723333,False
ridge,True,extended_K,ridge::H_D_P_A_K,27,0.6979035659146017,False
ridge,True,extended_K,ridge::H_B_P_A_K,24,0.6504578081230348,False
ridge,True,extended_K,ridge::H_D_B_P_A_K,28,0.6936713069461021,False
ridge,True,extended_K,ridge::H_M_P_A_K,24,0.6542679690447977,False
ridge,True,extended_K,ridge::H_D_M_P_A_K,28,0.7029852720717704,False
ridge,True,extended_K,ridge::H_B_M_P_A_K,25,0.653799909576714,False
ridge,True,extended_K,ridge::H_D_B_M_P_A_K,29,0.6990816570421533,False
ridge,True,extended_K,ridge::H_C_A_K,13,0.6501716809860897,False
ridge,True,extended_K,ridge::H_D_C_A_K,17,0.6962479760099048,False
ridge,True,extended_K,ridge::H_B_C_A_K,14,0.6482735925433976,False
ridge,True,extended_K,ridge::H_D_B_C_A_K,18,0.691733433507991,False
ridge,True,extended_K,ridge::H_M_C_A_K,14,0.6531209313155801,False
ridge,True,extended_K,ridge::H_D_M_C_A_K,18,0.7026930299912642,False
ridge,True,extended_K,ridge::H_B_M_C_A_K,15,0.6521105854275352,False
ridge,True,extended_K,ridge::H_D_B_M_C_A_K,19,0.698737874564083,False
ridge,True,extended_K,ridge::H_P_C_A_K,24,0.6517753895430212,False
ridge,True,extended_K,ridge::H_D_P_C_A_K,28,0.6981684182958569,False
ridge,True,extended_K,ridge::H_B_P_C_A_K,25,0.6503700645058986,False
ridge,True,extended_K,ridge::H_D_B_P_C_A_K,29,0.693848164905966,False
ridge,True,extended_K,ridge::H_M_P_C_A_K,25,0.6542957330703671,False
ridge,True,extended_K,ridge::H_D_M_P_C_A_K,29,0.7034613200262488,False
ridge,True,extended_K,ridge::H_B_M_P_C_A_K,26,0.6537133462576045,False
ridge,True,extended_K,ridge::H_D_B_M_P_C_A_K,30,0.6996118363178069,False
ridge,True,extended_K,P0,0,0.6606246186097116,True
ridge,True,extended_K,prevalence,0,0.6856435498450167,False
ridge,True,original_noK,ridge::H,0,0.6606312282641579,False
ridge,True,original_noK,ridge::H_D,4,0.696335561198437,False
ridge,True,original_noK,ridge::H_B,1,0.6572437321089197,True
ridge,True,original_noK,ridge::H_D_B,5,0.6906339173177158,False
ridge,True,original_noK,ridge::H_M,1,0.6586768755905318,False
ridge,True,original_noK,ridge::H_D_M,5,0.6997384329956161,False
ridge,True,original_noK,ridge::H_B_M,2,0.6568610223434429,False
ridge,True,original_noK,ridge::H_D_B_M,6,0.6954715126760604,False
ridge,True,original_noK,ridge::H_P,11,0.6621286536698835,False
ridge,True,original_noK,ridge::H_D_P,15,0.6986899073247446,False
ridge,True,original_noK,ridge::H_B_P,12,0.6598279763958999,False
ridge,True,original_noK,ridge::H_D_B_P,16,0.6944128008236358,False
ridge,True,original_noK,ridge::H_M_P,12,0.6600336679303875,False
ridge,True,original_noK,ridge::H_D_M_P,16,0.7008698443347471,False
ridge,True,original_noK,ridge::H_B_M_P,13,0.6590211712988748,False
ridge,True,original_noK,ridge::H_D_B_M_P,17,0.6971059702039143,False
ridge,True,original_noK,ridge::H_C,1,0.6602863066610634,False
ridge,True,original_noK,ridge::H_D_C,5,0.6959838922065951,False
ridge,True,original_noK,ridge::H_B_C,2,0.6567785122587828,True
ridge,True,original_noK,ridge::H_D_B_C,6,0.6908208436129027,False
ridge,True,original_noK,ridge::H_M_C,2,0.658167884322826,False
ridge,True,original_noK,ridge::H_D_M_C,6,0.69943445071303,False
ridge,True,original_noK,ridge::H_B_M_C,3,0.6562303994931902,True
ridge,True,original_noK,ridge::H_D_B_M_C,7,0.6952109364585862,False
ridge,True,original_noK,ridge::H_P_C,12,0.6616781456941965,False
ridge,True,original_noK,ridge::H_D_P_C,16,0.6986708024712186,False
ridge,True,original_noK,ridge::H_B_P_C,13,0.6592588775492048,False
ridge,True,original_noK,ridge::H_D_B_P_C,17,0.6941116093155131,False
ridge,True,original_noK,ridge::H_M_P_C,13,0.6594039241702615,False
ridge,True,original_noK,ridge::H_D_M_P_C,17,0.7007023505178803,False
ridge,True,original_noK,ridge::H_B_M_P_C,14,0.6583944317582967,False
ridge,True,original_noK,ridge::H_D_B_M_P_C,18,0.6968980896802975,False
ridge,True,original_noK,ridge::H_A,1,0.6742887322988218,False
ridge,True,original_noK,ridge::H_D_A,5,0.715401927734172,False
ridge,True,original_noK,ridge::H_B_A,2,0.670901879743086,False
ridge,True,original_noK,ridge::H_D_B_A,6,0.7098588727184805,False
ridge,True,original_noK,ridge::H_M_A,2,0.6720357150766995,False
ridge,True,original_noK,ridge::H_D_M_A,6,0.7184336206077944,False
ridge,True,original_noK,ridge::H_B_M_A,3,0.6701807686552006,False
ridge,True,original_noK,ridge::H_D_B_M_A,7,0.7138935134653298,False
ridge,True,original_noK,ridge::H_P_A,12,0.6750709856321985,False
ridge,True,original_noK,ridge::H_D_P_A,16,0.7171619204988859,False
ridge,True,original_noK,ridge::H_B_P_A,13,0.6724829626187756,False
ridge,True,original_noK,ridge::H_D_B_P_A,17,0.7118585932917908,False
ridge,True,original_noK,ridge::H_M_P_A,13,0.6727609997705459,False
ridge,True,original_noK,ridge::H_D_M_P_A,17,0.7188339045550516,False
ridge,True,original_noK,ridge::H_B_M_P_A,14,0.6714963847820993,False
ridge,True,original_noK,ridge::H_D_B_M_P_A,18,0.7144361762043625,False
ridge,True,original_noK,ridge::H_C_A,2,0.673886294585218,False
ridge,True,original_noK,ridge::H_D_C_A,6,0.715419672435277,False
ridge,True,original_noK,ridge::H_B_C_A,3,0.6705150579141685,False
ridge,True,original_noK,ridge::H_D_B_C_A,7,0.7098517951300329,False
ridge,True,original_noK,ridge::H_M_C_A,3,0.6715730525470757,False
ridge,True,original_noK,ridge::H_D_M_C_A,7,0.718439360494326,False
ridge,True,original_noK,ridge::H_B_M_C_A,4,0.6697576515800546,False
ridge,True,original_noK,ridge::H_D_B_M_C_A,8,0.7139171723994294,False
ridge,True,original_noK,ridge::H_P_C_A,13,0.6746938373935905,False
ridge,True,original_noK,ridge::H_D_P_C_A,17,0.7170315707748213,False
ridge,True,original_noK,ridge::H_B_P_C_A,14,0.6720438834546396,False
ridge,True,original_noK,ridge::H_D_B_P_C_A,18,0.7117752028899608,False
ridge,True,original_noK,ridge::H_M_P_C_A,14,0.6722856762631964,False
ridge,True,original_noK,ridge::H_D_M_P_C_A,18,0.7187786294879878,False
ridge,True,original_noK,ridge::H_B_M_P_C_A,15,0.6709921690475126,False
ridge,True,original_noK,ridge::H_D_B_M_P_C_A,19,0.7145134991871509,False
ridge,True,original_noK,P0,0,0.6606246186097116,True
ridge,True,original_noK,prevalence,0,0.6856435498450167,False
ridge_fixed,True,extended_K,ridge_fixed::H,0,0.6607078047863713,False
ridge_fixed,True,extended_K,ridge_fixed::H_D,4,0.6682722636818231,False
ridge_fixed,True,extended_K,ridge_fixed::H_B,1,0.6572625288428798,True
ridge_fixed,True,extended_K,ridge_fixed::H_D_B,5,0.6638423304551029,False
ridge_fixed,True,extended_K,ridge_fixed::H_M,1,0.6587198786190033,False
ridge_fixed,True,extended_K,ridge_fixed::H_D_M,5,0.6692139372910054,False
ridge_fixed,True,extended_K,ridge_fixed::H_B_M,2,0.6567912061809835,False
ridge_fixed,True,extended_K,ridge_fixed::H_D_B_M,6,0.6659944713197946,False
ridge_fixed,True,extended_K,ridge_fixed::H_P,11,0.6621651245678533,False
ridge_fixed,True,extended_K,ridge_fixed::H_D_P,15,0.6706042100306358,False
ridge_fixed,True,extended_K,ridge_fixed::H_B_P,12,0.6598279763958999,False
ridge_fixed,True,extended_K,ridge_fixed::H_D_B_P,16,0.6670974847699516,False
ridge_fixed,True,extended_K,ridge_fixed::H_M_P,12,0.6600336679303875,False
ridge_fixed,True,extended_K,ridge_fixed::H_D_M_P,16,0.6707238606189796,False
ridge_fixed,True,extended_K,ridge_fixed::H_B_M_P,13,0.6590211712988748,False
ridge_fixed,True,extended_K,ridge_fixed::H_D_B_M_P,17,0.6683199722866878,False
ridge_fixed,True,extended_K,ridge_fixed::H_C,1,0.6602863066610634,False
ridge_fixed,True,extended_K,ridge_fixed::H_D_C,5,0.6680511603354788,False
ridge_fixed,True,extended_K,ridge_fixed::H_B_C,2,0.6567785122587828,True
ridge_fixed,True,extended_K,ridge_fixed::H_D_B_C,6,0.6636390905340731,False
ridge_fixed,True,extended_K,ridge_fixed::H_M_C,2,0.658167884322826,False
ridge_fixed,True,extended_K,ridge_fixed::H_D_M_C,6,0.6690420117593091,False
ridge_fixed,True,extended_K,ridge_fixed::H_B_M_C,3,0.6562303994931902,True
ridge_fixed,True,extended_K,ridge_fixed::H_D_B_M_C,7,0.6659889708777176,False
ridge_fixed,True,extended_K,ridge_fixed::H_P_C,12,0.6616781456941965,False
ridge_fixed,True,extended_K,ridge_fixed::H_D_P_C,16,0.6704459177456633,False
ridge_fixed,True,extended_K,ridge_fixed::H_B_P_C,13,0.6592588775492048,False
ridge_fixed,True,extended_K,ridge_fixed::H_D_B_P_C,17,0.6668790725770694,False
ridge_fixed,True,extended_K,ridge_fixed::H_M_P_C,13,0.6594039241702615,False
ridge_fixed,True,extended_K,ridge_fixed::H_D_M_P_C,17,0.670455539095167,False
ridge_fixed,True,extended_K,ridge_fixed::H_B_M_P_C,14,0.6583944317582967,False
ridge_fixed,True,extended_K,ridge_fixed::H_D_B_M_P_C,18,0.6681167402062508,False
ridge_fixed,True,extended_K,ridge_fixed::H_A,1,0.6742887322988218,False
ridge_fixed,True,extended_K,ridge_fixed::H_D_A,5,0.683932365298994,False
ridge_fixed,True,extended_K,ridge_fixed::H_B_A,2,0.670901879743086,False
ridge_fixed,True,extended_K,ridge_fixed::H_D_B_A,6,0.679312289506655,False
ridge_fixed,True,extended_K,ridge_fixed::H_M_A,2,0.6720357150766995,False
ridge_fixed,True,extended_K,ridge_fixed::H_D_M_A,6,0.6846312712303366,False
ridge_fixed,True,extended_K,ridge_fixed::H_B_M_A,3,0.6701807686552006,False
ridge_fixed,True,extended_K,ridge_fixed::H_D_B_M_A,7,0.6812635301028807,False
ridge_fixed,True,extended_K,ridge_fixed::H_P_A,12,0.6750709856321985,False
ridge_fixed,True,extended_K,ridge_fixed::H_D_P_A,16,0.6853698207496618,False
ridge_fixed,True,extended_K,ridge_fixed::H_B_P_A,13,0.6724829626187756,False
ridge_fixed,True,extended_K,ridge_fixed::H_D_B_P_A,17,0.6815209115895507,False
ridge_fixed,True,extended_K,ridge_fixed::H_M_P_A,13,0.6727609997705459,False
ridge_fixed,True,extended_K,ridge_fixed::H_D_M_P_A,17,0.6854153008673608,False
ridge_fixed,True,extended_K,ridge_fixed::H_B_M_P_A,14,0.6714963847820993,False
ridge_fixed,True,extended_K,ridge_fixed::H_D_B_M_P_A,18,0.6822722587129216,False
ridge_fixed,True,extended_K,ridge_fixed::H_C_A,2,0.673886294585218,False
ridge_fixed,True,extended_K,ridge_fixed::H_D_C_A,6,0.683984577511112,False
ridge_fixed,True,extended_K,ridge_fixed::H_B_C_A,3,0.6705150579141685,False
ridge_fixed,True,extended_K,ridge_fixed::H_D_B_C_A,7,0.679476092507189,False
ridge_fixed,True,extended_K,ridge_fixed::H_M_C_A,3,0.6715730525470757,False
ridge_fixed,True,extended_K,ridge_fixed::H_D_M_C_A,7,0.6846464078599233,False
ridge_fixed,True,extended_K,ridge_fixed::H_B_M_C_A,4,0.6697576515800546,False
ridge_fixed,True,extended_K,ridge_fixed::H_D_B_M_C_A,8,0.681401357810119,False
ridge_fixed,True,extended_K,ridge_fixed::H_P_C_A,13,0.6746938373935905,False
ridge_fixed,True,extended_K,ridge_fixed::H_D_P_C_A,17,0.6854357454374514,False
ridge_fixed,True,extended_K,ridge_fixed::H_B_P_C_A,14,0.6720438834546396,False
ridge_fixed,True,extended_K,ridge_fixed::H_D_B_P_C_A,18,0.6813656691530267,False
ridge_fixed,True,extended_K,ridge_fixed::H_M_P_C_A,14,0.6722856762631964,False
ridge_fixed,True,extended_K,ridge_fixed::H_D_M_P_C_A,18,0.685375151630653,False
ridge_fixed,True,extended_K,ridge_fixed::H_B_M_P_C_A,15,0.6709921690475126,False
ridge_fixed,True,extended_K,ridge_fixed::H_D_B_M_P_C_A,19,0.6822809942359324,False
ridge_fixed,True,extended_K,ridge_fixed::H_K,11,0.6356101895683843,True
ridge_fixed,True,extended_K,ridge_fixed::H_D_K,15,0.6490734489213348,False
ridge_fixed,True,extended_K,ridge_fixed::H_B_K,12,0.6338130840816668,True
ridge_fixed,True,extended_K,ridge_fixed::H_D_B_K,16,0.6458486393858707,False
ridge_fixed,True,extended_K,ridge_fixed::H_M_K,12,0.6388820106730839,False
ridge_fixed,True,extended_K,ridge_fixed::H_D_M_K,16,0.6539784157757851,False
ridge_fixed,True,extended_K,ridge_fixed::H_B_M_K,13,0.6380022376216871,False
ridge_fixed,True,extended_K,ridge_fixed::H_D_B_M_K,17,0.6516412683986014,False
ridge_fixed,True,extended_K,ridge_fixed::H_P_K,22,0.6383396625211173,False
ridge_fixed,True,extended_K,ridge_fixed::H_D_P_K,26,0.652482848440456,False
ridge_fixed,True,extended_K,ridge_fixed::H_B_P_K,23,0.6373822838844373,False
ridge_fixed,True,extended_K,ridge_fixed::H_D_B_P_K,27,0.6498516600099753,False
ridge_fixed,True,extended_K,ridge_fixed::H_M_P_K,23,0.641075070409414,False
ridge_fixed,True,extended_K,ridge_fixed::H_D_M_P_K,27,0.656153317890229,False
ridge_fixed,True,extended_K,ridge_fixed::H_B_M_P_K,24,0.6409353825958194,False
ridge_fixed,True,extended_K,ridge_fixed::H_D_B_M_P_K,28,0.6542428701338902,False
ridge_fixed,True,extended_K,ridge_fixed::H_C_K,12,0.6356315146224345,False
ridge_fixed,True,extended_K,ridge_fixed::H_D_C_K,16,0.6491471452904848,False
ridge_fixed,True,extended_K,ridge_fixed::H_B_C_K,13,0.6337863909234275,True
ridge_fixed,True,extended_K,ridge_fixed::H_D_B_C_K,17,0.6460620353892694,False
ridge_fixed,True,extended_K,ridge_fixed::H_M_C_K,13,0.6388321206398848,False
ridge_fixed,True,extended_K,ridge_fixed::H_D_M_C_K,17,0.6540025513103442,False
ridge_fixed,True,extended_K,ridge_fixed::H_B_M_C_K,14,0.6379007066273498,False
ridge_fixed,True,extended_K,ridge_fixed::H_D_B_M_C_K,18,0.6517183090295074,False
ridge_fixed,True,extended_K,ridge_fixed::H_P_C_K,23,0.6382822170567879,False
ridge_fixed,True,extended_K,ridge_fixed::H_D_P_C_K,27,0.6524217916057453,False
ridge_fixed,True,extended_K,ridge_fixed::H_B_P_C_K,24,0.6372428057277129,False
ridge_fixed,True,extended_K,ridge_fixed::H_D_B_P_C_K,28,0.6499822105266921,False
ridge_fixed,True,extended_K,ridge_fixed::H_M_P_C_K,24,0.640987201268177,False
ridge_fixed,True,extended_K,ridge_fixed::H_D_M_P_C_K,28,0.6561671401393482,False
ridge_fixed,True,extended_K,ridge_fixed::H_B_M_P_C_K,25,0.6407660645154758,False
ridge_fixed,True,extended_K,ridge_fixed::H_D_B_M_P_C_K,29,0.6541148364938529,False
ridge_fixed,True,extended_K,ridge_fixed::H_A_K,12,0.6501515978228789,False
ridge_fixed,True,extended_K,ridge_fixed::H_D_A_K,16,0.6653986489499348,False
ridge_fixed,True,extended_K,ridge_fixed::H_B_A_K,13,0.6483197883101659,False
ridge_fixed,True,extended_K,ridge_fixed::H_D_B_A_K,17,0.6620550963146992,False
ridge_fixed,True,extended_K,ridge_fixed::H_M_A_K,13,0.6530427785376762,False
ridge_fixed,True,extended_K,ridge_fixed::H_D_M_A_K,17,0.669911124300147,False
ridge_fixed,True,extended_K,ridge_fixed::H_B_M_A_K,14,0.6521251813472393,False
ridge_fixed,True,extended_K,ridge_fixed::H_D_B_M_A_K,18,0.6673359016048794,False
ridge_fixed,True,extended_K,ridge_fixed::H_P_A_K,23,0.6517969705723333,False
ridge_fixed,True,extended_K,ridge_fixed::H_D_P_A_K,27,0.6672996964032644,False
ridge_fixed,True,extended_K,ridge_fixed::H_B_P_A_K,24,0.6504578081230348,False
ridge_fixed,True,extended_K,ridge_fixed::H_D_B_P_A_K,28,0.6642320308355043,False
ridge_fixed,True,extended_K,ridge_fixed::H_M_P_A_K,24,0.6542679690447977,False
ridge_fixed,True,extended_K,ridge_fixed::H_D_M_P_A_K,28,0.6708531184535861,False
ridge_fixed,True,extended_K,ridge_fixed::H_B_M_P_A_K,25,0.653799909576714,False
ridge_fixed,True,extended_K,ridge_fixed::H_D_B_M_P_A_K,29,0.668390723316977,False
ridge_fixed,True,extended_K,ridge_fixed::H_C_A_K,13,0.6501716809860897,False
ridge_fixed,True,extended_K,ridge_fixed::H_D_C_A_K,17,0.6656476236205365,False
ridge_fixed,True,extended_K,ridge_fixed::H_B_C_A_K,14,0.6482735925433976,False
ridge_fixed,True,extended_K,ridge_fixed::H_D_B_C_A_K,18,0.6621077170800765,False
ridge_fixed,True,extended_K,ridge_fixed::H_M_C_A_K,14,0.6531209313155801,False
ridge_fixed,True,extended_K,ridge_fixed::H_D_M_C_A_K,18,0.6700593780923504,False
ridge_fixed,True,extended_K,ridge_fixed::H_B_M_C_A_K,15,0.6521105854275352,False
ridge_fixed,True,extended_K,ridge_fixed::H_D_B_M_C_A_K,19,0.6675434445578637,False
ridge_fixed,True,extended_K,ridge_fixed::H_P_C_A_K,24,0.6517753895430212,False
ridge_fixed,True,extended_K,ridge_fixed::H_D_P_C_A_K,28,0.6674679378135926,False
ridge_fixed,True,extended_K,ridge_fixed::H_B_P_C_A_K,25,0.6503700645058986,False
ridge_fixed,True,extended_K,ridge_fixed::H_D_B_P_C_A_K,29,0.6644266127232892,False
ridge_fixed,True,extended_K,ridge_fixed::H_M_P_C_A_K,25,0.6542957330703671,False
ridge_fixed,True,extended_K,ridge_fixed::H_D_M_P_C_A_K,29,0.6709702843373756,False
ridge_fixed,True,extended_K,ridge_fixed::H_B_M_P_C_A_K,26,0.6537133462576045,False
ridge_fixed,True,extended_K,ridge_fixed::H_D_B_M_P_C_A_K,30,0.668513811583723,False
ridge_fixed,True,extended_K,P0,0,0.6606246186097116,True
ridge_fixed,True,extended_K,prevalence,0,0.6856435498450167,False
ridge_fixed,True,original_noK,ridge_fixed::H,0,0.6607078047863713,False
ridge_fixed,True,original_noK,ridge_fixed::H_D,4,0.6682722636818231,False
ridge_fixed,True,original_noK,ridge_fixed::H_B,1,0.6572625288428798,True
ridge_fixed,True,original_noK,ridge_fixed::H_D_B,5,0.6638423304551029,False
ridge_fixed,True,original_noK,ridge_fixed::H_M,1,0.6587198786190033,False
ridge_fixed,True,original_noK,ridge_fixed::H_D_M,5,0.6692139372910054,False
ridge_fixed,True,original_noK,ridge_fixed::H_B_M,2,0.6567912061809835,False
ridge_fixed,True,original_noK,ridge_fixed::H_D_B_M,6,0.6659944713197946,False
ridge_fixed,True,original_noK,ridge_fixed::H_P,11,0.6621651245678533,False
ridge_fixed,True,original_noK,ridge_fixed::H_D_P,15,0.6706042100306358,False
ridge_fixed,True,original_noK,ridge_fixed::H_B_P,12,0.6598279763958999,False
ridge_fixed,True,original_noK,ridge_fixed::H_D_B_P,16,0.6670974847699516,False
ridge_fixed,True,original_noK,ridge_fixed::H_M_P,12,0.6600336679303875,False
ridge_fixed,True,original_noK,ridge_fixed::H_D_M_P,16,0.6707238606189796,False
ridge_fixed,True,original_noK,ridge_fixed::H_B_M_P,13,0.6590211712988748,False
ridge_fixed,True,original_noK,ridge_fixed::H_D_B_M_P,17,0.6683199722866878,False
ridge_fixed,True,original_noK,ridge_fixed::H_C,1,0.6602863066610634,False
ridge_fixed,True,original_noK,ridge_fixed::H_D_C,5,0.6680511603354788,False
ridge_fixed,True,original_noK,ridge_fixed::H_B_C,2,0.6567785122587828,True
ridge_fixed,True,original_noK,ridge_fixed::H_D_B_C,6,0.6636390905340731,False
ridge_fixed,True,original_noK,ridge_fixed::H_M_C,2,0.658167884322826,False
ridge_fixed,True,original_noK,ridge_fixed::H_D_M_C,6,0.6690420117593091,False
ridge_fixed,True,original_noK,ridge_fixed::H_B_M_C,3,0.6562303994931902,True
ridge_fixed,True,original_noK,ridge_fixed::H_D_B_M_C,7,0.6659889708777176,False
ridge_fixed,True,original_noK,ridge_fixed::H_P_C,12,0.6616781456941965,False
ridge_fixed,True,original_noK,ridge_fixed::H_D_P_C,16,0.6704459177456633,False
ridge_fixed,True,original_noK,ridge_fixed::H_B_P_C,13,0.6592588775492048,False
ridge_fixed,True,original_noK,ridge_fixed::H_D_B_P_C,17,0.6668790725770694,False
ridge_fixed,True,original_noK,ridge_fixed::H_M_P_C,13,0.6594039241702615,False
ridge_fixed,True,original_noK,ridge_fixed::H_D_M_P_C,17,0.670455539095167,False
ridge_fixed,True,original_noK,ridge_fixed::H_B_M_P_C,14,0.6583944317582967,False
ridge_fixed,True,original_noK,ridge_fixed::H_D_B_M_P_C,18,0.6681167402062508,False
ridge_fixed,True,original_noK,ridge_fixed::H_A,1,0.6742887322988218,False
ridge_fixed,True,original_noK,ridge_fixed::H_D_A,5,0.683932365298994,False
ridge_fixed,True,original_noK,ridge_fixed::H_B_A,2,0.670901879743086,False
ridge_fixed,True,original_noK,ridge_fixed::H_D_B_A,6,0.679312289506655,False
ridge_fixed,True,original_noK,ridge_fixed::H_M_A,2,0.6720357150766995,False
ridge_fixed,True,original_noK,ridge_fixed::H_D_M_A,6,0.6846312712303366,False
ridge_fixed,True,original_noK,ridge_fixed::H_B_M_A,3,0.6701807686552006,False
ridge_fixed,True,original_noK,ridge_fixed::H_D_B_M_A,7,0.6812635301028807,False
ridge_fixed,True,original_noK,ridge_fixed::H_P_A,12,0.6750709856321985,False
ridge_fixed,True,original_noK,ridge_fixed::H_D_P_A,16,0.6853698207496618,False
ridge_fixed,True,original_noK,ridge_fixed::H_B_P_A,13,0.6724829626187756,False
ridge_fixed,True,original_noK,ridge_fixed::H_D_B_P_A,17,0.6815209115895507,False
ridge_fixed,True,original_noK,ridge_fixed::H_M_P_A,13,0.6727609997705459,False
ridge_fixed,True,original_noK,ridge_fixed::H_D_M_P_A,17,0.6854153008673608,False
ridge_fixed,True,original_noK,ridge_fixed::H_B_M_P_A,14,0.6714963847820993,False
ridge_fixed,True,original_noK,ridge_fixed::H_D_B_M_P_A,18,0.6822722587129216,False
ridge_fixed,True,original_noK,ridge_fixed::H_C_A,2,0.673886294585218,False
ridge_fixed,True,original_noK,ridge_fixed::H_D_C_A,6,0.683984577511112,False
ridge_fixed,True,original_noK,ridge_fixed::H_B_C_A,3,0.6705150579141685,False
ridge_fixed,True,original_noK,ridge_fixed::H_D_B_C_A,7,0.679476092507189,False
ridge_fixed,True,original_noK,ridge_fixed::H_M_C_A,3,0.6715730525470757,False
ridge_fixed,True,original_noK,ridge_fixed::H_D_M_C_A,7,0.6846464078599233,False
ridge_fixed,True,original_noK,ridge_fixed::H_B_M_C_A,4,0.6697576515800546,False
ridge_fixed,True,original_noK,ridge_fixed::H_D_B_M_C_A,8,0.681401357810119,False
ridge_fixed,True,original_noK,ridge_fixed::H_P_C_A,13,0.6746938373935905,False
ridge_fixed,True,original_noK,ridge_fixed::H_D_P_C_A,17,0.6854357454374514,False
ridge_fixed,True,original_noK,ridge_fixed::H_B_P_C_A,14,0.6720438834546396,False
ridge_fixed,True,original_noK,ridge_fixed::H_D_B_P_C_A,18,0.6813656691530267,False
ridge_fixed,True,original_noK,ridge_fixed::H_M_P_C_A,14,0.6722856762631964,False
ridge_fixed,True,original_noK,ridge_fixed::H_D_M_P_C_A,18,0.685375151630653,False
ridge_fixed,True,original_noK,ridge_fixed::H_B_M_P_C_A,15,0.6709921690475126,False
ridge_fixed,True,original_noK,ridge_fixed::H_D_B_M_P_C_A,19,0.6822809942359324,False
ridge_fixed,True,original_noK,P0,0,0.6606246186097116,True
ridge_fixed,True,original_noK,prevalence,0,0.6856435498450167,False
hgb,True,extended_K,hgb::H,0,0.6606404546592651,False
hgb,True,extended_K,hgb::H_D,4,0.678946040590467,False
hgb,True,extended_K,hgb::H_B,1,0.6568702773889398,True
hgb,True,extended_K,hgb::H_D_B,5,0.676607610700868,False
hgb,True,extended_K,hgb::H_M,1,0.6689721153143604,False
hgb,True,extended_K,hgb::H_D_M,5,0.6748177527282346,False
hgb,True,extended_K,hgb::H_B_M,2,0.6640167344252859,False
hgb,True,extended_K,hgb::H_D_B_M,6,0.6760603115833138,False
hgb,True,extended_K,hgb::H_P,11,0.6712570279915516,False
hgb,True,extended_K,hgb::H_D_P,15,0.6825493667969228,False
hgb,True,extended_K,hgb::H_B_P,12,0.6684092245346652,False
hgb,True,extended_K,hgb::H_D_B_P,16,0.6821399651135525,False
hgb,True,extended_K,hgb::H_M_P,12,0.6791926135271623,False
hgb,True,extended_K,hgb::H_D_M_P,16,0.6773237255779168,False
hgb,True,extended_K,hgb::H_B_M_P,13,0.6747292133818054,False
hgb,True,extended_K,hgb::H_D_B_M_P,17,0.6768713802667373,False
hgb,True,extended_K,hgb::H_C,1,0.6598634794142396,False
hgb,True,extended_K,hgb::H_D_C,5,0.6751280687070844,False
hgb,True,extended_K,hgb::H_B_C,2,0.6558155420534334,True
hgb,True,extended_K,hgb::H_D_B_C,6,0.6745540444896211,False
hgb,True,extended_K,hgb::H_M_C,2,0.6641978953179671,False
hgb,True,extended_K,hgb::H_D_M_C,6,0.6695443458541026,False
hgb,True,extended_K,hgb::H_B_M_C,3,0.6606598628283672,False
hgb,True,extended_K,hgb::H_D_B_M_C,7,0.6715127586629135,False
hgb,True,extended_K,hgb::H_P_C,12,0.6701169175859116,False
hgb,True,extended_K,hgb::H_D_P_C,16,0.6791958587280479,False
hgb,True,extended_K,hgb::H_B_P_C,13,0.6682978141974423,False
hgb,True,extended_K,hgb::H_D_B_P_C,17,0.6778852413639604,False
hgb,True,extended_K,hgb::H_M_P_C,13,0.674212564406082,False
hgb,True,extended_K,hgb::H_D_M_P_C,17,0.6776303095591135,False
hgb,True,extended_K,hgb::H_B_M_P_C,14,0.6696991384319606,False
hgb,True,extended_K,hgb::H_D_B_M_P_C,18,0.6748366909861884,False
hgb,True,extended_K,hgb::H_A,1,0.676010880607885,False
hgb,True,extended_K,hgb::H_D_A,5,0.6992102353810714,False
hgb,True,extended_K,hgb::H_B_A,2,0.6657139341103271,False
hgb,True,extended_K,hgb::H_D_B_A,6,0.6899146794672921,False
hgb,True,extended_K,hgb::H_M_A,2,0.7301846991381126,False
hgb,True,extended_K,hgb::H_D_M_A,6,0.712369652396558,False
hgb,True,extended_K,hgb::H_B_M_A,3,0.7235395745933321,False
hgb,True,extended_K,hgb::H_D_B_M_A,7,0.7067668330766513,False
hgb,True,extended_K,hgb::H_P_A,12,0.6767851694980827,False
hgb,True,extended_K,hgb::H_D_P_A,16,0.6970566834188282,False
hgb,True,extended_K,hgb::H_B_P_A,13,0.6704466797926858,False
hgb,True,extended_K,hgb::H_D_B_P_A,17,0.6852939171958616,False
hgb,True,extended_K,hgb::H_M_P_A,13,0.708885974371388,False
hgb,True,extended_K,hgb::H_D_M_P_A,17,0.7027754309756401,False
hgb,True,extended_K,hgb::H_B_M_P_A,14,0.6975605047573598,False
hgb,True,extended_K,hgb::H_D_B_M_P_A,18,0.6900413905220814,False
hgb,True,extended_K,hgb::H_C_A,2,0.6734837350999657,False
hgb,True,extended_K,hgb::H_D_C_A,6,0.6932854905270107,False
hgb,True,extended_K,hgb::H_B_C_A,3,0.6630082177459525,False
hgb,True,extended_K,hgb::H_D_B_C_A,7,0.6896532419099539,False
hgb,True,extended_K,hgb::H_M_C_A,3,0.7266627440883094,False
hgb,True,extended_K,hgb::H_D_M_C_A,7,0.7095091099137313,False
hgb,True,extended_K,hgb::H_B_M_C_A,4,0.6756968626743632,False
hgb,True,extended_K,hgb::H_D_B_M_C_A,8,0.7023321544326471,False
hgb,True,extended_K,hgb::H_P_C_A,13,0.6759877295776269,False
hgb,True,extended_K,hgb::H_D_P_C_A,17,0.6951268008591114,False
hgb,True,extended_K,hgb::H_B_P_C_A,14,0.6705149117694813,False
hgb,True,extended_K,hgb::H_D_B_P_C_A,18,0.6813289153693709,False
hgb,True,extended_K,hgb::H_M_P_C_A,14,0.70337008074198,False
hgb,True,extended_K,hgb::H_D_M_P_C_A,18,0.7013587058177174,False
hgb,True,extended_K,hgb::H_B_M_P_C_A,15,0.6953787578512874,False
hgb,True,extended_K,hgb::H_D_B_M_P_C_A,19,0.6907357562051548,False
hgb,True,extended_K,hgb::H_K,11,0.6383826710445061,True
hgb,True,extended_K,hgb::H_D_K,15,0.6531649646243419,False
hgb,True,extended_K,hgb::H_B_K,12,0.63957236756448,False
hgb,True,extended_K,hgb::H_D_B_K,16,0.6553765381254444,False
hgb,True,extended_K,hgb::H_M_K,12,0.6404632636703346,False
hgb,True,extended_K,hgb::H_D_M_K,16,0.6546810788743754,False
hgb,True,extended_K,hgb::H_B_M_K,13,0.6415221518446494,False
hgb,True,extended_K,hgb::H_D_B_M_K,17,0.6574153264229246,False
hgb,True,extended_K,hgb::H_P_K,22,0.6503375492658051,False
hgb,True,extended_K,hgb::H_D_P_K,26,0.6590442856701104,False
hgb,True,extended_K,hgb::H_B_P_K,23,0.6493460456961226,False
hgb,True,extended_K,hgb::H_D_B_P_K,27,0.6598556150613786,False
hgb,True,extended_K,hgb::H_M_P_K,23,0.6511548920592183,False
hgb,True,extended_K,hgb::H_D_M_P_K,27,0.6588566825523102,False
hgb,True,extended_K,hgb::H_B_M_P_K,24,0.6500437287480479,False
hgb,True,extended_K,hgb::H_D_B_M_P_K,28,0.6595803126229609,False
hgb,True,extended_K,hgb::H_C_K,12,0.63828407864871,True
hgb,True,extended_K,hgb::H_D_C_K,16,0.6549018277369842,False
hgb,True,extended_K,hgb::H_B_C_K,13,0.6393156802685044,False
hgb,True,extended_K,hgb::H_D_B_C_K,17,0.6532730699663573,False
hgb,True,extended_K,hgb::H_M_C_K,13,0.6404291495761203,False
hgb,True,extended_K,hgb::H_D_M_C_K,17,0.6548242906069663,False
hgb,True,extended_K,hgb::H_B_M_C_K,14,0.641601019627117,False
hgb,True,extended_K,hgb::H_D_B_M_C_K,18,0.6569931844162159,False
hgb,True,extended_K,hgb::H_P_C_K,23,0.6503375492658051,False
hgb,True,extended_K,hgb::H_D_P_C_K,27,0.6587889467746251,False
hgb,True,extended_K,hgb::H_B_P_C_K,24,0.6493460456961226,False
hgb,True,extended_K,hgb::H_D_B_P_C_K,28,0.65906238206233,False
hgb,True,extended_K,hgb::H_M_P_C_K,24,0.661930645494688,False
hgb,True,extended_K,hgb::H_D_M_P_C_K,28,0.6604056435202801,False
hgb,True,extended_K,hgb::H_B_M_P_C_K,25,0.6500437287480479,False
hgb,True,extended_K,hgb::H_D_B_M_P_C_K,29,0.6603588238062442,False
hgb,True,extended_K,hgb::H_A_K,12,0.6492341806137224,False
hgb,True,extended_K,hgb::H_D_A_K,16,0.670709883284274,False
hgb,True,extended_K,hgb::H_B_A_K,13,0.6492729875744836,False
hgb,True,extended_K,hgb::H_D_B_A_K,17,0.6680200149720282,False
hgb,True,extended_K,hgb::H_M_A_K,13,0.6491482398720784,False
hgb,True,extended_K,hgb::H_D_M_A_K,17,0.6888621804895473,False
hgb,True,extended_K,hgb::H_B_M_A_K,14,0.6503962476805654,False
hgb,True,extended_K,hgb::H_D_B_M_A_K,18,0.6792729050006168,False
hgb,True,extended_K,hgb::H_P_A_K,23,0.6549756897218798,False
hgb,True,extended_K,hgb::H_D_P_A_K,27,0.671392411256179,False
hgb,True,extended_K,hgb::H_B_P_A_K,24,0.6519716459855144,False
hgb,True,extended_K,hgb::H_D_B_P_A_K,28,0.6669462239847584,False
hgb,True,extended_K,hgb::H_M_P_A_K,24,0.6833823445441876,False
hgb,True,extended_K,hgb::H_D_M_P_A_K,28,0.6807476623159968,False
hgb,True,extended_K,hgb::H_B_M_P_A_K,25,0.6539996197888926,False
hgb,True,extended_K,hgb::H_D_B_M_P_A_K,29,0.6750648999711554,False
hgb,True,extended_K,hgb::H_C_A_K,13,0.671166859318028,False
hgb,True,extended_K,hgb::H_D_C_A_K,17,0.6694228436203545,False
hgb,True,extended_K,hgb::H_B_C_A_K,14,0.6491753452074955,False
hgb,True,extended_K,hgb::H_D_B_C_A_K,18,0.664670332958225,False
hgb,True,extended_K,hgb::H_M_C_A_K,14,0.6896368232275345,False
hgb,True,extended_K,hgb::H_D_M_C_A_K,18,0.6908573909774216,False
hgb,True,extended_K,hgb::H_B_M_C_A_K,15,0.6504196502391941,False
hgb,True,extended_K,hgb::H_D_B_M_C_A_K,19,0.6809865551237508,False
hgb,True,extended_K,hgb::H_P_C_A_K,24,0.6549756897218798,False
hgb,True,extended_K,hgb::H_D_P_C_A_K,28,0.6687003440049031,False
hgb,True,extended_K,hgb::H_B_P_C_A_K,25,0.6519716459855144,False
hgb,True,extended_K,hgb::H_D_B_P_C_A_K,29,0.6663645743713242,False
hgb,True,extended_K,hgb::H_M_P_C_A_K,25,0.6802193034506154,False
hgb,True,extended_K,hgb::H_D_M_P_C_A_K,29,0.6804685078629291,False
hgb,True,extended_K,hgb::H_B_M_P_C_A_K,26,0.6754013890935684,False
hgb,True,extended_K,hgb::H_D_B_M_P_C_A_K,30,0.6706261922429021,False
hgb,True,extended_K,P0,0,0.6606246186097116,True
hgb,True,extended_K,prevalence,0,0.6856435498450167,False
hgb,True,original_noK,hgb::H,0,0.6606404546592651,False
hgb,True,original_noK,hgb::H_D,4,0.678946040590467,False
hgb,True,original_noK,hgb::H_B,1,0.6568702773889398,True
hgb,True,original_noK,hgb::H_D_B,5,0.676607610700868,False
hgb,True,original_noK,hgb::H_M,1,0.6689721153143604,False
hgb,True,original_noK,hgb::H_D_M,5,0.6748177527282346,False
hgb,True,original_noK,hgb::H_B_M,2,0.6640167344252859,False
hgb,True,original_noK,hgb::H_D_B_M,6,0.6760603115833138,False
hgb,True,original_noK,hgb::H_P,11,0.6712570279915516,False
hgb,True,original_noK,hgb::H_D_P,15,0.6825493667969228,False
hgb,True,original_noK,hgb::H_B_P,12,0.6684092245346652,False
hgb,True,original_noK,hgb::H_D_B_P,16,0.6821399651135525,False
hgb,True,original_noK,hgb::H_M_P,12,0.6791926135271623,False
hgb,True,original_noK,hgb::H_D_M_P,16,0.6773237255779168,False
hgb,True,original_noK,hgb::H_B_M_P,13,0.6747292133818054,False
hgb,True,original_noK,hgb::H_D_B_M_P,17,0.6768713802667373,False
hgb,True,original_noK,hgb::H_C,1,0.6598634794142396,False
hgb,True,original_noK,hgb::H_D_C,5,0.6751280687070844,False
hgb,True,original_noK,hgb::H_B_C,2,0.6558155420534334,True
hgb,True,original_noK,hgb::H_D_B_C,6,0.6745540444896211,False
hgb,True,original_noK,hgb::H_M_C,2,0.6641978953179671,False
hgb,True,original_noK,hgb::H_D_M_C,6,0.6695443458541026,False
hgb,True,original_noK,hgb::H_B_M_C,3,0.6606598628283672,False
hgb,True,original_noK,hgb::H_D_B_M_C,7,0.6715127586629135,False
hgb,True,original_noK,hgb::H_P_C,12,0.6701169175859116,False
hgb,True,original_noK,hgb::H_D_P_C,16,0.6791958587280479,False
hgb,True,original_noK,hgb::H_B_P_C,13,0.6682978141974423,False
hgb,True,original_noK,hgb::H_D_B_P_C,17,0.6778852413639604,False
hgb,True,original_noK,hgb::H_M_P_C,13,0.674212564406082,False
hgb,True,original_noK,hgb::H_D_M_P_C,17,0.6776303095591135,False
hgb,True,original_noK,hgb::H_B_M_P_C,14,0.6696991384319606,False
hgb,True,original_noK,hgb::H_D_B_M_P_C,18,0.6748366909861884,False
hgb,True,original_noK,hgb::H_A,1,0.676010880607885,False
hgb,True,original_noK,hgb::H_D_A,5,0.6992102353810714,False
hgb,True,original_noK,hgb::H_B_A,2,0.6657139341103271,False
hgb,True,original_noK,hgb::H_D_B_A,6,0.6899146794672921,False
hgb,True,original_noK,hgb::H_M_A,2,0.7301846991381126,False
hgb,True,original_noK,hgb::H_D_M_A,6,0.712369652396558,False
hgb,True,original_noK,hgb::H_B_M_A,3,0.7235395745933321,False
hgb,True,original_noK,hgb::H_D_B_M_A,7,0.7067668330766513,False
hgb,True,original_noK,hgb::H_P_A,12,0.6767851694980827,False
hgb,True,original_noK,hgb::H_D_P_A,16,0.6970566834188282,False
hgb,True,original_noK,hgb::H_B_P_A,13,0.6704466797926858,False
hgb,True,original_noK,hgb::H_D_B_P_A,17,0.6852939171958616,False
hgb,True,original_noK,hgb::H_M_P_A,13,0.708885974371388,False
hgb,True,original_noK,hgb::H_D_M_P_A,17,0.7027754309756401,False
hgb,True,original_noK,hgb::H_B_M_P_A,14,0.6975605047573598,False
hgb,True,original_noK,hgb::H_D_B_M_P_A,18,0.6900413905220814,False
hgb,True,original_noK,hgb::H_C_A,2,0.6734837350999657,False
hgb,True,original_noK,hgb::H_D_C_A,6,0.6932854905270107,False
hgb,True,original_noK,hgb::H_B_C_A,3,0.6630082177459525,False
hgb,True,original_noK,hgb::H_D_B_C_A,7,0.6896532419099539,False
hgb,True,original_noK,hgb::H_M_C_A,3,0.7266627440883094,False
hgb,True,original_noK,hgb::H_D_M_C_A,7,0.7095091099137313,False
hgb,True,original_noK,hgb::H_B_M_C_A,4,0.6756968626743632,False
hgb,True,original_noK,hgb::H_D_B_M_C_A,8,0.7023321544326471,False
hgb,True,original_noK,hgb::H_P_C_A,13,0.6759877295776269,False
hgb,True,original_noK,hgb::H_D_P_C_A,17,0.6951268008591114,False
hgb,True,original_noK,hgb::H_B_P_C_A,14,0.6705149117694813,False
hgb,True,original_noK,hgb::H_D_B_P_C_A,18,0.6813289153693709,False
hgb,True,original_noK,hgb::H_M_P_C_A,14,0.70337008074198,False
hgb,True,original_noK,hgb::H_D_M_P_C_A,18,0.7013587058177174,False
hgb,True,original_noK,hgb::H_B_M_P_C_A,15,0.6953787578512874,False
hgb,True,original_noK,hgb::H_D_B_M_P_C_A,19,0.6907357562051548,False
hgb,True,original_noK,P0,0,0.6606246186097116,True
hgb,True,original_noK,prevalence,0,0.6856435498450167,False
ridge,False,extended_K,ridge::NONE,0,0.6856435498450167,True
ridge,False,extended_K,ridge::D,4,0.7106611301987357,False
ridge,False,extended_K,ridge::B,1,0.677439794026549,True
ridge,False,extended_K,ridge::D_B,5,0.7009803562324246,False
ridge,False,extended_K,ridge::M,1,0.6808909327175335,False
ridge,False,extended_K,ridge::D_M,5,0.7073804956534814,False
ridge,False,extended_K,ridge::B_M,2,0.6742810892764769,True
ridge,False,extended_K,ridge::D_B_M,6,0.7001204632134115,False
ridge,False,extended_K,ridge::P,11,0.6860368493654568,False
ridge,False,extended_K,ridge::D_P,15,0.7143852356982644,False
ridge,False,extended_K,ridge::B_P,12,0.6807002634376358,False
ridge,False,extended_K,ridge::D_B_P,16,0.7063264572501596,False
ridge,False,extended_K,ridge::M_P,12,0.6842669716030487,False
ridge,False,extended_K,ridge::D_M_P,16,0.7102324100256724,False
ridge,False,extended_K,ridge::B_M_P,13,0.6773648492273466,False
ridge,False,extended_K,ridge::D_B_M_P,17,0.7043353101017589,False
ridge,False,extended_K,ridge::C,1,0.685115998708473,False
ridge,False,extended_K,ridge::D_C,5,0.71091669279504,False
ridge,False,extended_K,ridge::B_C,2,0.6766124314072357,False
ridge,False,extended_K,ridge::D_B_C,6,0.7010745337738935,False
ridge,False,extended_K,ridge::M_C,2,0.6803620611067617,False
ridge,False,extended_K,ridge::D_M_C,6,0.7079222439118925,False
ridge,False,extended_K,ridge::B_M_C,3,0.6735780902944525,True
ridge,False,extended_K,ridge::D_B_M_C,7,0.7007123406488637,False
ridge,False,extended_K,ridge::P_C,12,0.685904784500768,False
ridge,False,extended_K,ridge::D_P_C,16,0.7148489961818975,False
ridge,False,extended_K,ridge::B_P_C,13,0.6797682464779038,False
ridge,False,extended_K,ridge::D_B_P_C,17,0.706356669385832,False
ridge,False,extended_K,ridge::M_P_C,13,0.6841454318288797,False
ridge,False,extended_K,ridge::D_M_P_C,17,0.7108118022230695,False
ridge,False,extended_K,ridge::B_M_P_C,14,0.6765303696163217,False
ridge,False,extended_K,ridge::D_B_M_P_C,18,0.7045775851734855,False
ridge,False,extended_K,ridge::A,1,0.6967690937084243,False
ridge,False,extended_K,ridge::D_A,5,0.7307561196494881,False
ridge,False,extended_K,ridge::B_A,2,0.6896428576408007,False
ridge,False,extended_K,ridge::D_B_A,6,0.721027341285142,False
ridge,False,extended_K,ridge::M_A,2,0.6910968417107293,False
ridge,False,extended_K,ridge::D_M_A,6,0.7272826575982986,False
ridge,False,extended_K,ridge::B_M_A,3,0.6863806560519313,False
ridge,False,extended_K,ridge::D_B_M_A,7,0.7198832056380401,False
ridge,False,extended_K,ridge::P_A,12,0.6934465378622365,False
ridge,False,extended_K,ridge::D_P_A,16,0.7327988594506704,False
ridge,False,extended_K,ridge::B_P_A,13,0.6917583334379683,False
ridge,False,extended_K,ridge::D_B_P_A,17,0.7240623632467075,False
ridge,False,extended_K,ridge::M_P_A,13,0.6887779329464403,False
ridge,False,extended_K,ridge::D_M_P_A,17,0.7287433396903711,False
ridge,False,extended_K,ridge::B_M_P_A,14,0.6882812315062049,False
ridge,False,extended_K,ridge::D_B_M_P_A,18,0.721642473385492,False
ridge,False,extended_K,ridge::C_A,2,0.6966535834095664,False
ridge,False,extended_K,ridge::D_C_A,6,0.7315670994168143,False
ridge,False,extended_K,ridge::B_C_A,3,0.689413094073297,False
ridge,False,extended_K,ridge::D_B_C_A,7,0.7219390738758652,False
ridge,False,extended_K,ridge::M_C_A,3,0.6876174024081855,False
ridge,False,extended_K,ridge::D_M_C_A,7,0.728460820048312,False
ridge,False,extended_K,ridge::B_M_C_A,4,0.6862360408312737,False
ridge,False,extended_K,ridge::D_B_M_C_A,8,0.7210542982703989,False
ridge,False,extended_K,ridge::P_C_A,13,0.6930699715077313,False
ridge,False,extended_K,ridge::D_P_C_A,17,0.7341824291632196,False
ridge,False,extended_K,ridge::B_P_C_A,14,0.6913619415022128,False
ridge,False,extended_K,ridge::D_B_P_C_A,18,0.7247149336832018,False
ridge,False,extended_K,ridge::M_P_C_A,14,0.688383427823019,False
ridge,False,extended_K,ridge::D_M_P_C_A,18,0.7300197943395154,False
ridge,False,extended_K,ridge::B_M_P_C_A,15,0.6880212884406041,False
ridge,False,extended_K,ridge::D_B_M_P_C_A,19,0.7228282840722543,False
ridge,False,extended_K,ridge::K,11,0.658037908287812,True
ridge,False,extended_K,ridge::D_K,15,0.6893716825384361,False
ridge,False,extended_K,ridge::B_K,12,0.6528338910005475,True
ridge,False,extended_K,ridge::D_B_K,16,0.6818852017549667,False
ridge,False,extended_K,ridge::M_K,12,0.6592878584997254,False
ridge,False,extended_K,ridge::D_M_K,16,0.6916734597952447,False
ridge,False,extended_K,ridge::B_M_K,13,0.6552804678335662,False
ridge,False,extended_K,ridge::D_B_M_K,17,0.6855186018604125,False
ridge,False,extended_K,ridge::P_K,22,0.661970526359566,False
ridge,False,extended_K,ridge::D_P_K,26,0.6948938547550048,False
ridge,False,extended_K,ridge::B_P_K,23,0.6576856629831351,False
ridge,False,extended_K,ridge::D_B_P_K,27,0.688334126329859,False
ridge,False,extended_K,ridge::M_P_K,23,0.6624747283481627,False
ridge,False,extended_K,ridge::D_M_P_K,27,0.6958403015172919,False
ridge,False,extended_K,ridge::B_M_P_K,24,0.659562500595995,False
ridge,False,extended_K,ridge::D_B_M_P_K,28,0.6902932676106529,False
ridge,False,extended_K,ridge::C_K,12,0.6577914542596741,False
ridge,False,extended_K,ridge::D_C_K,16,0.6894405313296978,False
ridge,False,extended_K,ridge::B_C_K,13,0.652237315068973,True
ridge,False,extended_K,ridge::D_B_C_K,17,0.6818986393286821,False
ridge,False,extended_K,ridge::M_C_K,13,0.6589655330464331,False
ridge,False,extended_K,ridge::D_M_C_K,17,0.6923235624623448,False
ridge,False,extended_K,ridge::B_M_C_K,14,0.6548792499896149,False
ridge,False,extended_K,ridge::D_B_M_C_K,18,0.6858969485095997,False
ridge,False,extended_K,ridge::P_C_K,23,0.6612553582464039,False
ridge,False,extended_K,ridge::D_P_C_K,27,0.6948789717579044,False
ridge,False,extended_K,ridge::B_P_C_K,24,0.6568999430523016,False
ridge,False,extended_K,ridge::D_B_P_C_K,28,0.6881898025410765,False
ridge,False,extended_K,ridge::M_P_C_K,24,0.661979648815949,False
ridge,False,extended_K,ridge::D_M_P_C_K,28,0.6960545801447949,False
ridge,False,extended_K,ridge::B_M_P_C_K,25,0.6589681841620904,False
ridge,False,extended_K,ridge::D_B_M_P_C_K,29,0.6906410876249356,False
ridge,False,extended_K,ridge::A_K,12,0.6711736090830889,False
ridge,False,extended_K,ridge::D_A_K,16,0.7100384276318275,False
ridge,False,extended_K,ridge::B_A_K,13,0.666372948792042,False
ridge,False,extended_K,ridge::D_B_A_K,17,0.7018587040038085,False
ridge,False,extended_K,ridge::M_A_K,13,0.6717640402690699,False
ridge,False,extended_K,ridge::D_M_A_K,17,0.7119994035192497,False
ridge,False,extended_K,ridge::B_M_A_K,14,0.6684455708595938,False
ridge,False,extended_K,ridge::D_B_M_A_K,18,0.7052913847663693,False
ridge,False,extended_K,ridge::P_A_K,23,0.6734403296927775,False
ridge,False,extended_K,ridge::D_P_A_K,27,0.7135054749112824,False
ridge,False,extended_K,ridge::B_P_A_K,24,0.6694519731390196,False
ridge,False,extended_K,ridge::D_B_P_A_K,28,0.7058808738345653,False
ridge,False,extended_K,ridge::M_P_A_K,24,0.6736895523672849,False
ridge,False,extended_K,ridge::D_M_P_A_K,28,0.7141489181873719,False
ridge,False,extended_K,ridge::B_M_P_A_K,25,0.6710814498493852,False
ridge,False,extended_K,ridge::D_B_M_P_A_K,29,0.707894194264699,False
ridge,False,extended_K,ridge::C_A_K,13,0.6710668213007681,False
ridge,False,extended_K,ridge::D_C_A_K,17,0.7107381113389857,False
ridge,False,extended_K,ridge::B_C_A_K,14,0.6661703469907019,False
ridge,False,extended_K,ridge::D_B_C_A_K,18,0.7029559093361989,False
ridge,False,extended_K,ridge::M_C_A_K,14,0.6719367901625388,False
ridge,False,extended_K,ridge::D_M_C_A_K,18,0.7135060337975708,False
ridge,False,extended_K,ridge::B_M_C_A_K,15,0.6685092046744535,False
ridge,False,extended_K,ridge::D_B_M_C_A_K,19,0.7066702984463461,False
ridge,False,extended_K,ridge::P_C_A_K,24,0.6732299500327832,False
ridge,False,extended_K,ridge::D_P_C_A_K,28,0.7142305219917716,False
ridge,False,extended_K,ridge::B_P_C_A_K,25,0.6691156150654222,False
ridge,False,extended_K,ridge::D_B_P_C_A_K,29,0.7068537085508356,False
ridge,False,extended_K,ridge::M_P_C_A_K,25,0.6737236397497659,False
ridge,False,extended_K,ridge::D_M_P_C_A_K,29,0.7153202418676694,False
ridge,False,extended_K,ridge::B_M_P_C_A_K,26,0.6710031106527569,False
ridge,False,extended_K,ridge::D_B_M_P_C_A_K,30,0.7091109661737248,False
ridge,False,extended_K,prevalence,0,0.6856435498450167,True
ridge,False,original_noK,ridge::NONE,0,0.6856435498450167,True
ridge,False,original_noK,ridge::D,4,0.7106611301987357,False
ridge,False,original_noK,ridge::B,1,0.677439794026549,True
ridge,False,original_noK,ridge::D_B,5,0.7009803562324246,False
ridge,False,original_noK,ridge::M,1,0.6808909327175335,False
ridge,False,original_noK,ridge::D_M,5,0.7073804956534814,False
ridge,False,original_noK,ridge::B_M,2,0.6742810892764769,True
ridge,False,original_noK,ridge::D_B_M,6,0.7001204632134115,False
ridge,False,original_noK,ridge::P,11,0.6860368493654568,False
ridge,False,original_noK,ridge::D_P,15,0.7143852356982644,False
ridge,False,original_noK,ridge::B_P,12,0.6807002634376358,False
ridge,False,original_noK,ridge::D_B_P,16,0.7063264572501596,False
ridge,False,original_noK,ridge::M_P,12,0.6842669716030487,False
ridge,False,original_noK,ridge::D_M_P,16,0.7102324100256724,False
ridge,False,original_noK,ridge::B_M_P,13,0.6773648492273466,False
ridge,False,original_noK,ridge::D_B_M_P,17,0.7043353101017589,False
ridge,False,original_noK,ridge::C,1,0.685115998708473,False
ridge,False,original_noK,ridge::D_C,5,0.71091669279504,False
ridge,False,original_noK,ridge::B_C,2,0.6766124314072357,False
ridge,False,original_noK,ridge::D_B_C,6,0.7010745337738935,False
ridge,False,original_noK,ridge::M_C,2,0.6803620611067617,False
ridge,False,original_noK,ridge::D_M_C,6,0.7079222439118925,False
ridge,False,original_noK,ridge::B_M_C,3,0.6735780902944525,True
ridge,False,original_noK,ridge::D_B_M_C,7,0.7007123406488637,False
ridge,False,original_noK,ridge::P_C,12,0.685904784500768,False
ridge,False,original_noK,ridge::D_P_C,16,0.7148489961818975,False
ridge,False,original_noK,ridge::B_P_C,13,0.6797682464779038,False
ridge,False,original_noK,ridge::D_B_P_C,17,0.706356669385832,False
ridge,False,original_noK,ridge::M_P_C,13,0.6841454318288797,False
ridge,False,original_noK,ridge::D_M_P_C,17,0.7108118022230695,False
ridge,False,original_noK,ridge::B_M_P_C,14,0.6765303696163217,False
ridge,False,original_noK,ridge::D_B_M_P_C,18,0.7045775851734855,False
ridge,False,original_noK,ridge::A,1,0.6967690937084243,False
ridge,False,original_noK,ridge::D_A,5,0.7307561196494881,False
ridge,False,original_noK,ridge::B_A,2,0.6896428576408007,False
ridge,False,original_noK,ridge::D_B_A,6,0.721027341285142,False
ridge,False,original_noK,ridge::M_A,2,0.6910968417107293,False
ridge,False,original_noK,ridge::D_M_A,6,0.7272826575982986,False
ridge,False,original_noK,ridge::B_M_A,3,0.6863806560519313,False
ridge,False,original_noK,ridge::D_B_M_A,7,0.7198832056380401,False
ridge,False,original_noK,ridge::P_A,12,0.6934465378622365,False
ridge,False,original_noK,ridge::D_P_A,16,0.7327988594506704,False
ridge,False,original_noK,ridge::B_P_A,13,0.6917583334379683,False
ridge,False,original_noK,ridge::D_B_P_A,17,0.7240623632467075,False
ridge,False,original_noK,ridge::M_P_A,13,0.6887779329464403,False
ridge,False,original_noK,ridge::D_M_P_A,17,0.7287433396903711,False
ridge,False,original_noK,ridge::B_M_P_A,14,0.6882812315062049,False
ridge,False,original_noK,ridge::D_B_M_P_A,18,0.721642473385492,False
ridge,False,original_noK,ridge::C_A,2,0.6966535834095664,False
ridge,False,original_noK,ridge::D_C_A,6,0.7315670994168143,False
ridge,False,original_noK,ridge::B_C_A,3,0.689413094073297,False
ridge,False,original_noK,ridge::D_B_C_A,7,0.7219390738758652,False
ridge,False,original_noK,ridge::M_C_A,3,0.6876174024081855,False
ridge,False,original_noK,ridge::D_M_C_A,7,0.728460820048312,False
ridge,False,original_noK,ridge::B_M_C_A,4,0.6862360408312737,False
ridge,False,original_noK,ridge::D_B_M_C_A,8,0.7210542982703989,False
ridge,False,original_noK,ridge::P_C_A,13,0.6930699715077313,False
ridge,False,original_noK,ridge::D_P_C_A,17,0.7341824291632196,False
ridge,False,original_noK,ridge::B_P_C_A,14,0.6913619415022128,False
ridge,False,original_noK,ridge::D_B_P_C_A,18,0.7247149336832018,False
ridge,False,original_noK,ridge::M_P_C_A,14,0.688383427823019,False
ridge,False,original_noK,ridge::D_M_P_C_A,18,0.7300197943395154,False
ridge,False,original_noK,ridge::B_M_P_C_A,15,0.6880212884406041,False
ridge,False,original_noK,ridge::D_B_M_P_C_A,19,0.7228282840722543,False
ridge,False,original_noK,prevalence,0,0.6856435498450167,True
ridge_fixed,False,extended_K,ridge_fixed::NONE,0,0.6856435498450167,True
ridge_fixed,False,extended_K,ridge_fixed::D,4,0.6868493066876922,False
ridge_fixed,False,extended_K,ridge_fixed::B,1,0.677439794026549,True
ridge_fixed,False,extended_K,ridge_fixed::D_B,5,0.6782610561877807,False
ridge_fixed,False,extended_K,ridge_fixed::M,1,0.6799469663559442,False
ridge_fixed,False,extended_K,ridge_fixed::D_M,5,0.6826358436694001,False
ridge_fixed,False,extended_K,ridge_fixed::B_M,2,0.6742810892764769,True
ridge_fixed,False,extended_K,ridge_fixed::D_B_M,6,0.6765270147953751,False
ridge_fixed,False,extended_K,ridge_fixed::P,11,0.6870789281175402,False
ridge_fixed,False,extended_K,ridge_fixed::D_P,15,0.6899636686563089,False
ridge_fixed,False,extended_K,ridge_fixed::B_P,12,0.6807002634376358,False
ridge_fixed,False,extended_K,ridge_fixed::D_B_P,16,0.6828081660454275,False
ridge_fixed,False,extended_K,ridge_fixed::M_P,12,0.6815015264227682,False
ridge_fixed,False,extended_K,ridge_fixed::D_M_P,16,0.6853659145522563,False
ridge_fixed,False,extended_K,ridge_fixed::B_M_P,13,0.6773648492273466,False
ridge_fixed,False,extended_K,ridge_fixed::D_B_M_P,17,0.6803586846891888,False
ridge_fixed,False,extended_K,ridge_fixed::C,1,0.6848892262402849,False
ridge_fixed,False,extended_K,ridge_fixed::D_C,5,0.6866799837243998,False
ridge_fixed,False,extended_K,ridge_fixed::B_C,2,0.6766124314072357,False
ridge_fixed,False,extended_K,ridge_fixed::D_B_C,6,0.678149695096429,False
ridge_fixed,False,extended_K,ridge_fixed::M_C,2,0.6792970886993044,False
ridge_fixed,False,extended_K,ridge_fixed::D_M_C,6,0.6827807801152355,False
ridge_fixed,False,extended_K,ridge_fixed::B_M_C,3,0.6735780902944525,True
ridge_fixed,False,extended_K,ridge_fixed::D_B_M_C,7,0.6767741538859647,False
ridge_fixed,False,extended_K,ridge_fixed::P_C,12,0.6862730153653215,False
ridge_fixed,False,extended_K,ridge_fixed::D_P_C,16,0.689862727310767,False
ridge_fixed,False,extended_K,ridge_fixed::B_P_C,13,0.6797682464779038,False
ridge_fixed,False,extended_K,ridge_fixed::D_B_P_C,17,0.6827817286386232,False
ridge_fixed,False,extended_K,ridge_fixed::M_P_C,13,0.6807576392979802,False
ridge_fixed,False,extended_K,ridge_fixed::D_M_P_C,17,0.6854633490509352,False
ridge_fixed,False,extended_K,ridge_fixed::B_M_P_C,14,0.6765303696163217,False
ridge_fixed,False,extended_K,ridge_fixed::D_B_M_P_C,18,0.6803352214911252,False
ridge_fixed,False,extended_K,ridge_fixed::A,1,0.6967690937084243,False
ridge_fixed,False,extended_K,ridge_fixed::D_A,5,0.7021793555683171,False
ridge_fixed,False,extended_K,ridge_fixed::B_A,2,0.6896428576408007,False
ridge_fixed,False,extended_K,ridge_fixed::D_B_A,6,0.6939976723385386,False
ridge_fixed,False,extended_K,ridge_fixed::M_A,2,0.6910968417107293,False
ridge_fixed,False,extended_K,ridge_fixed::D_M_A,6,0.6978941461607561,False
ridge_fixed,False,extended_K,ridge_fixed::B_M_A,3,0.6863806560519313,False
ridge_fixed,False,extended_K,ridge_fixed::D_B_M_A,7,0.692166607319507,False
ridge_fixed,False,extended_K,ridge_fixed::P_A,12,0.697519519995956,False
ridge_fixed,False,extended_K,ridge_fixed::D_P_A,16,0.7042566319362981,False
ridge_fixed,False,extended_K,ridge_fixed::B_P_A,13,0.6917583334379683,False
ridge_fixed,False,extended_K,ridge_fixed::D_B_P_A,17,0.696769721142331,False
ridge_fixed,False,extended_K,ridge_fixed::M_P_A,13,0.6919622110901643,False
ridge_fixed,False,extended_K,ridge_fixed::D_M_P_A,17,0.6994532040895722,False
ridge_fixed,False,extended_K,ridge_fixed::B_M_P_A,14,0.6882812315062049,False
ridge_fixed,False,extended_K,ridge_fixed::D_B_M_P_A,18,0.6940856023383204,False
ridge_fixed,False,extended_K,ridge_fixed::C_A,2,0.6966535834095664,False
ridge_fixed,False,extended_K,ridge_fixed::D_C_A,6,0.7026783715718511,False
ridge_fixed,False,extended_K,ridge_fixed::B_C_A,3,0.689413094073297,False
ridge_fixed,False,extended_K,ridge_fixed::D_B_C_A,7,0.6944134339152416,False
ridge_fixed,False,extended_K,ridge_fixed::M_C_A,3,0.6910115491211328,False
ridge_fixed,False,extended_K,ridge_fixed::D_M_C_A,7,0.6985083441546103,False
ridge_fixed,False,extended_K,ridge_fixed::B_M_C_A,4,0.6862360408312737,False
ridge_fixed,False,extended_K,ridge_fixed::D_B_M_C_A,8,0.6927792686583069,False
ridge_fixed,False,extended_K,ridge_fixed::P_C_A,13,0.6973268299556493,False
ridge_fixed,False,extended_K,ridge_fixed::D_P_C_A,17,0.704559949591395,False
ridge_fixed,False,extended_K,ridge_fixed::B_P_C_A,14,0.6913619415022128,False
ridge_fixed,False,extended_K,ridge_fixed::D_B_P_C_A,18,0.6970217636524865,False
ridge_fixed,False,extended_K,ridge_fixed::M_P_C_A,14,0.6918166409874114,False
ridge_fixed,False,extended_K,ridge_fixed::D_M_P_C_A,18,0.6999965892842004,False
ridge_fixed,False,extended_K,ridge_fixed::B_M_P_C_A,15,0.6880212884406041,False
ridge_fixed,False,extended_K,ridge_fixed::D_B_M_P_C_A,19,0.694565615651307,False
ridge_fixed,False,extended_K,ridge_fixed::K,11,0.6583518541404016,True
ridge_fixed,False,extended_K,ridge_fixed::D_K,15,0.6662749544394736,False
ridge_fixed,False,extended_K,ridge_fixed::B_K,12,0.6528338910005475,True
ridge_fixed,False,extended_K,ridge_fixed::D_B_K,16,0.6596940162000948,False
ridge_fixed,False,extended_K,ridge_fixed::M_K,12,0.6592878584997254,False
ridge_fixed,False,extended_K,ridge_fixed::D_M_K,16,0.6677137021916781,False
ridge_fixed,False,extended_K,ridge_fixed::B_M_K,13,0.6552804678335662,False
ridge_fixed,False,extended_K,ridge_fixed::D_B_M_K,17,0.6625869806154916,False
ridge_fixed,False,extended_K,ridge_fixed::P_K,22,0.661970526359566,False
ridge_fixed,False,extended_K,ridge_fixed::D_P_K,26,0.6710381685328014,False
ridge_fixed,False,extended_K,ridge_fixed::B_P_K,23,0.6576856629831351,False
ridge_fixed,False,extended_K,ridge_fixed::D_B_P_K,27,0.6654988512614038,False
ridge_fixed,False,extended_K,ridge_fixed::M_P_K,23,0.6624747283481627,False
ridge_fixed,False,extended_K,ridge_fixed::D_M_P_K,27,0.6713531979819107,False
ridge_fixed,False,extended_K,ridge_fixed::B_M_P_K,24,0.659562500595995,False
ridge_fixed,False,extended_K,ridge_fixed::D_B_M_P_K,28,0.667042691421227,False
ridge_fixed,False,extended_K,ridge_fixed::C_K,12,0.6577914542596741,False
ridge_fixed,False,extended_K,ridge_fixed::D_C_K,16,0.6661890288921699,False
ridge_fixed,False,extended_K,ridge_fixed::B_C_K,13,0.652237315068973,True
ridge_fixed,False,extended_K,ridge_fixed::D_B_C_K,17,0.6595085645031791,False
ridge_fixed,False,extended_K,ridge_fixed::M_C_K,13,0.6589655330464331,False
ridge_fixed,False,extended_K,ridge_fixed::D_M_C_K,17,0.6678301446140482,False
ridge_fixed,False,extended_K,ridge_fixed::B_M_C_K,14,0.6548792499896149,False
ridge_fixed,False,extended_K,ridge_fixed::D_B_M_C_K,18,0.6626823441848146,False
ridge_fixed,False,extended_K,ridge_fixed::P_C_K,23,0.6612553582464039,False
ridge_fixed,False,extended_K,ridge_fixed::D_P_C_K,27,0.6707716531819047,False
ridge_fixed,False,extended_K,ridge_fixed::B_P_C_K,24,0.6568999430523016,False
ridge_fixed,False,extended_K,ridge_fixed::D_B_P_C_K,28,0.6651399075693862,False
ridge_fixed,False,extended_K,ridge_fixed::M_P_C_K,24,0.661979648815949,False
ridge_fixed,False,extended_K,ridge_fixed::D_M_P_C_K,28,0.6713735976778893,False
ridge_fixed,False,extended_K,ridge_fixed::B_M_P_C_K,25,0.6589681841620904,False
ridge_fixed,False,extended_K,ridge_fixed::D_B_M_P_C_K,29,0.6670730485431332,False
ridge_fixed,False,extended_K,ridge_fixed::A_K,12,0.6711736090830889,False
ridge_fixed,False,extended_K,ridge_fixed::D_A_K,16,0.6823409560853778,False
ridge_fixed,False,extended_K,ridge_fixed::B_A_K,13,0.666372948792042,False
ridge_fixed,False,extended_K,ridge_fixed::D_B_A_K,17,0.6757643665502623,False
ridge_fixed,False,extended_K,ridge_fixed::M_A_K,13,0.6717640402690699,False
ridge_fixed,False,extended_K,ridge_fixed::D_M_A_K,17,0.6833564918359376,False
ridge_fixed,False,extended_K,ridge_fixed::B_M_A_K,14,0.6684455708595938,False
ridge_fixed,False,extended_K,ridge_fixed::D_B_M_A_K,18,0.6784009650362811,False
ridge_fixed,False,extended_K,ridge_fixed::P_A_K,23,0.6734403296927775,False
ridge_fixed,False,extended_K,ridge_fixed::D_P_A_K,27,0.6852640454025044,False
ridge_fixed,False,extended_K,ridge_fixed::B_P_A_K,24,0.6694519731390196,False
ridge_fixed,False,extended_K,ridge_fixed::D_B_P_A_K,28,0.6794527802359973,False
ridge_fixed,False,extended_K,ridge_fixed::M_P_A_K,24,0.6736895523672849,False
ridge_fixed,False,extended_K,ridge_fixed::D_M_P_A_K,28,0.6853612385684914,False
ridge_fixed,False,extended_K,ridge_fixed::B_M_P_A_K,25,0.6710814498493852,False
ridge_fixed,False,extended_K,ridge_fixed::D_B_M_P_A_K,29,0.6808472494133316,False
ridge_fixed,False,extended_K,ridge_fixed::C_A_K,13,0.6710668213007681,False
ridge_fixed,False,extended_K,ridge_fixed::D_C_A_K,17,0.6827311006266209,False
ridge_fixed,False,extended_K,ridge_fixed::B_C_A_K,14,0.6661703469907019,False
ridge_fixed,False,extended_K,ridge_fixed::D_B_C_A_K,18,0.6761451523491497,False
ridge_fixed,False,extended_K,ridge_fixed::M_C_A_K,14,0.6719367901625388,False
ridge_fixed,False,extended_K,ridge_fixed::D_M_C_A_K,18,0.6840585738234571,False
ridge_fixed,False,extended_K,ridge_fixed::B_M_C_A_K,15,0.6685092046744535,False
ridge_fixed,False,extended_K,ridge_fixed::D_B_M_C_A_K,19,0.6790911476449201,False
ridge_fixed,False,extended_K,ridge_fixed::P_C_A_K,24,0.6732299500327832,False
ridge_fixed,False,extended_K,ridge_fixed::D_P_C_A_K,28,0.6855026806501163,False
ridge_fixed,False,extended_K,ridge_fixed::B_P_C_A_K,25,0.6691156150654222,False
ridge_fixed,False,extended_K,ridge_fixed::D_B_P_C_A_K,29,0.6796415381611642,False
ridge_fixed,False,extended_K,ridge_fixed::M_P_C_A_K,25,0.6737236397497659,False
ridge_fixed,False,extended_K,ridge_fixed::D_M_P_C_A_K,29,0.6859909636684781,False
ridge_fixed,False,extended_K,ridge_fixed::B_M_P_C_A_K,26,0.6710031106527569,False
ridge_fixed,False,extended_K,ridge_fixed::D_B_M_P_C_A_K,30,0.6814445696947606,False
ridge_fixed,False,extended_K,prevalence,0,0.6856435498450167,True
ridge_fixed,False,original_noK,ridge_fixed::NONE,0,0.6856435498450167,True
ridge_fixed,False,original_noK,ridge_fixed::D,4,0.6868493066876922,False
ridge_fixed,False,original_noK,ridge_fixed::B,1,0.677439794026549,True
ridge_fixed,False,original_noK,ridge_fixed::D_B,5,0.6782610561877807,False
ridge_fixed,False,original_noK,ridge_fixed::M,1,0.6799469663559442,False
ridge_fixed,False,original_noK,ridge_fixed::D_M,5,0.6826358436694001,False
ridge_fixed,False,original_noK,ridge_fixed::B_M,2,0.6742810892764769,True
ridge_fixed,False,original_noK,ridge_fixed::D_B_M,6,0.6765270147953751,False
ridge_fixed,False,original_noK,ridge_fixed::P,11,0.6870789281175402,False
ridge_fixed,False,original_noK,ridge_fixed::D_P,15,0.6899636686563089,False
ridge_fixed,False,original_noK,ridge_fixed::B_P,12,0.6807002634376358,False
ridge_fixed,False,original_noK,ridge_fixed::D_B_P,16,0.6828081660454275,False
ridge_fixed,False,original_noK,ridge_fixed::M_P,12,0.6815015264227682,False
ridge_fixed,False,original_noK,ridge_fixed::D_M_P,16,0.6853659145522563,False
ridge_fixed,False,original_noK,ridge_fixed::B_M_P,13,0.6773648492273466,False
ridge_fixed,False,original_noK,ridge_fixed::D_B_M_P,17,0.6803586846891888,False
ridge_fixed,False,original_noK,ridge_fixed::C,1,0.6848892262402849,False
ridge_fixed,False,original_noK,ridge_fixed::D_C,5,0.6866799837243998,False
ridge_fixed,False,original_noK,ridge_fixed::B_C,2,0.6766124314072357,False
ridge_fixed,False,original_noK,ridge_fixed::D_B_C,6,0.678149695096429,False
ridge_fixed,False,original_noK,ridge_fixed::M_C,2,0.6792970886993044,False
ridge_fixed,False,original_noK,ridge_fixed::D_M_C,6,0.6827807801152355,False
ridge_fixed,False,original_noK,ridge_fixed::B_M_C,3,0.6735780902944525,True
ridge_fixed,False,original_noK,ridge_fixed::D_B_M_C,7,0.6767741538859647,False
ridge_fixed,False,original_noK,ridge_fixed::P_C,12,0.6862730153653215,False
ridge_fixed,False,original_noK,ridge_fixed::D_P_C,16,0.689862727310767,False
ridge_fixed,False,original_noK,ridge_fixed::B_P_C,13,0.6797682464779038,False
ridge_fixed,False,original_noK,ridge_fixed::D_B_P_C,17,0.6827817286386232,False
ridge_fixed,False,original_noK,ridge_fixed::M_P_C,13,0.6807576392979802,False
ridge_fixed,False,original_noK,ridge_fixed::D_M_P_C,17,0.6854633490509352,False
ridge_fixed,False,original_noK,ridge_fixed::B_M_P_C,14,0.6765303696163217,False
ridge_fixed,False,original_noK,ridge_fixed::D_B_M_P_C,18,0.6803352214911252,False
ridge_fixed,False,original_noK,ridge_fixed::A,1,0.6967690937084243,False
ridge_fixed,False,original_noK,ridge_fixed::D_A,5,0.7021793555683171,False
ridge_fixed,False,original_noK,ridge_fixed::B_A,2,0.6896428576408007,False
ridge_fixed,False,original_noK,ridge_fixed::D_B_A,6,0.6939976723385386,False
ridge_fixed,False,original_noK,ridge_fixed::M_A,2,0.6910968417107293,False
ridge_fixed,False,original_noK,ridge_fixed::D_M_A,6,0.6978941461607561,False
ridge_fixed,False,original_noK,ridge_fixed::B_M_A,3,0.6863806560519313,False
ridge_fixed,False,original_noK,ridge_fixed::D_B_M_A,7,0.692166607319507,False
ridge_fixed,False,original_noK,ridge_fixed::P_A,12,0.697519519995956,False
ridge_fixed,False,original_noK,ridge_fixed::D_P_A,16,0.7042566319362981,False
ridge_fixed,False,original_noK,ridge_fixed::B_P_A,13,0.6917583334379683,False
ridge_fixed,False,original_noK,ridge_fixed::D_B_P_A,17,0.696769721142331,False
ridge_fixed,False,original_noK,ridge_fixed::M_P_A,13,0.6919622110901643,False
ridge_fixed,False,original_noK,ridge_fixed::D_M_P_A,17,0.6994532040895722,False
ridge_fixed,False,original_noK,ridge_fixed::B_M_P_A,14,0.6882812315062049,False
ridge_fixed,False,original_noK,ridge_fixed::D_B_M_P_A,18,0.6940856023383204,False
ridge_fixed,False,original_noK,ridge_fixed::C_A,2,0.6966535834095664,False
ridge_fixed,False,original_noK,ridge_fixed::D_C_A,6,0.7026783715718511,False
ridge_fixed,False,original_noK,ridge_fixed::B_C_A,3,0.689413094073297,False
ridge_fixed,False,original_noK,ridge_fixed::D_B_C_A,7,0.6944134339152416,False
ridge_fixed,False,original_noK,ridge_fixed::M_C_A,3,0.6910115491211328,False
ridge_fixed,False,original_noK,ridge_fixed::D_M_C_A,7,0.6985083441546103,False
ridge_fixed,False,original_noK,ridge_fixed::B_M_C_A,4,0.6862360408312737,False
ridge_fixed,False,original_noK,ridge_fixed::D_B_M_C_A,8,0.6927792686583069,False
ridge_fixed,False,original_noK,ridge_fixed::P_C_A,13,0.6973268299556493,False
ridge_fixed,False,original_noK,ridge_fixed::D_P_C_A,17,0.704559949591395,False
ridge_fixed,False,original_noK,ridge_fixed::B_P_C_A,14,0.6913619415022128,False
ridge_fixed,False,original_noK,ridge_fixed::D_B_P_C_A,18,0.6970217636524865,False
ridge_fixed,False,original_noK,ridge_fixed::M_P_C_A,14,0.6918166409874114,False
ridge_fixed,False,original_noK,ridge_fixed::D_M_P_C_A,18,0.6999965892842004,False
ridge_fixed,False,original_noK,ridge_fixed::B_M_P_C_A,15,0.6880212884406041,False
ridge_fixed,False,original_noK,ridge_fixed::D_B_M_P_C_A,19,0.694565615651307,False
ridge_fixed,False,original_noK,prevalence,0,0.6856435498450167,True
hgb,False,extended_K,hgb::NONE,0,0.6856435498450167,True
hgb,False,extended_K,hgb::D,4,0.7155203709602128,False
hgb,False,extended_K,hgb::B,1,0.6818963925562068,False
hgb,False,extended_K,hgb::D_B,5,0.7135859744769562,False
hgb,False,extended_K,hgb::M,1,0.6787618311547813,True
hgb,False,extended_K,hgb::D_M,5,0.710106768404125,False
hgb,False,extended_K,hgb::B_M,2,0.6801649463576981,False
hgb,False,extended_K,hgb::D_B_M,6,0.7132674449486055,False
hgb,False,extended_K,hgb::P,11,0.696520625248842,False
hgb,False,extended_K,hgb::D_P,15,0.7222473048973507,False
hgb,False,extended_K,hgb::B_P,12,0.6933746646130066,False
hgb,False,extended_K,hgb::D_B_P,16,0.7193005922671386,False
hgb,False,extended_K,hgb::M_P,12,0.6871473031035986,False
hgb,False,extended_K,hgb::D_M_P,16,0.7170352807528277,False
hgb,False,extended_K,hgb::B_M_P,13,0.6964925971873642,False
hgb,False,extended_K,hgb::D_B_M_P,17,0.7170012732397912,False
hgb,False,extended_K,hgb::C,1,0.6848823958558261,False
hgb,False,extended_K,hgb::D_C,5,0.709024164502359,False
hgb,False,extended_K,hgb::B_C,2,0.6801576799673378,False
hgb,False,extended_K,hgb::D_B_C,6,0.7097634197543591,False
hgb,False,extended_K,hgb::M_C,2,0.6800606997798349,False
hgb,False,extended_K,hgb::D_M_C,6,0.7059287723044265,False
hgb,False,extended_K,hgb::B_M_C,3,0.6792508099823492,False
hgb,False,extended_K,hgb::D_B_M_C,7,0.7095530395277299,False
hgb,False,extended_K,hgb::P_C,12,0.6939126034893236,False
hgb,False,extended_K,hgb::D_P_C,16,0.7194386989251496,False
hgb,False,extended_K,hgb::B_P_C,13,0.6926961941147286,False
hgb,False,extended_K,hgb::D_B_P_C,17,0.7156933604389687,False
hgb,False,extended_K,hgb::M_P_C,13,0.6853081326041691,False
hgb,False,extended_K,hgb::D_M_P_C,17,0.7121901674909844,False
hgb,False,extended_K,hgb::B_M_P_C,14,0.6950169824599665,False
hgb,False,extended_K,hgb::D_B_M_P_C,18,0.7135359247462044,False
hgb,False,extended_K,hgb::A,1,0.6972900894458692,False
hgb,False,extended_K,hgb::D_A,5,0.732251246458854,False
hgb,False,extended_K,hgb::B_A,2,0.6874268219693076,False
hgb,False,extended_K,hgb::D_B_A,6,0.7239225239205148,False
hgb,False,extended_K,hgb::M_A,2,0.7215173654456308,False
hgb,False,extended_K,hgb::D_M_A,6,0.7471951330539943,False
hgb,False,extended_K,hgb::B_M_A,3,0.7027061394352583,False
hgb,False,extended_K,hgb::D_B_M_A,7,0.740054920959283,False
hgb,False,extended_K,hgb::P_A,12,0.699475071126186,False
hgb,False,extended_K,hgb::D_P_A,16,0.732218153492724,False
hgb,False,extended_K,hgb::B_P_A,13,0.6907115071388333,False
hgb,False,extended_K,hgb::D_B_P_A,17,0.7242445113348225,False
hgb,False,extended_K,hgb::M_P_A,13,0.7008301736525987,False
hgb,False,extended_K,hgb::D_M_P_A,17,0.7357820447890608,False
hgb,False,extended_K,hgb::B_M_P_A,14,0.7013443706643763,False
hgb,False,extended_K,hgb::D_B_M_P_A,18,0.729829430689102,False
hgb,False,extended_K,hgb::C_A,2,0.6924475864199597,False
hgb,False,extended_K,hgb::D_C_A,6,0.7232261416656027,False
hgb,False,extended_K,hgb::B_C_A,3,0.6831867882240374,False
hgb,False,extended_K,hgb::D_B_C_A,7,0.7180807551787115,False
hgb,False,extended_K,hgb::M_C_A,3,0.7030621497799361,False
hgb,False,extended_K,hgb::D_M_C_A,7,0.7422967027812452,False
hgb,False,extended_K,hgb::B_M_C_A,4,0.6915956981099537,False
hgb,False,extended_K,hgb::D_B_M_C_A,8,0.7389412284305829,False
hgb,False,extended_K,hgb::P_C_A,13,0.6966667721632623,False
hgb,False,extended_K,hgb::D_P_C_A,17,0.7289807099634396,False
hgb,False,extended_K,hgb::B_P_C_A,14,0.6903368492735606,False
hgb,False,extended_K,hgb::D_B_P_C_A,18,0.7208517464684251,False
hgb,False,extended_K,hgb::M_P_C_A,14,0.6955600524249647,False
hgb,False,extended_K,hgb::D_M_P_C_A,18,0.7379074877029027,False
hgb,False,extended_K,hgb::B_M_P_C_A,15,0.6984142739079411,False
hgb,False,extended_K,hgb::D_B_M_P_C_A,19,0.729514668268468,False
hgb,False,extended_K,hgb::K,11,0.6600205097239755,True
hgb,False,extended_K,hgb::D_K,15,0.6925025559332557,False
hgb,False,extended_K,hgb::B_K,12,0.6606060783956187,False
hgb,False,extended_K,hgb::D_B_K,16,0.6903525180735142,False
hgb,False,extended_K,hgb::M_K,12,0.6580373906034016,True
hgb,False,extended_K,hgb::D_M_K,16,0.6910596595084219,False
hgb,False,extended_K,hgb::B_M_K,13,0.6616794321882562,False
hgb,False,extended_K,hgb::D_B_M_K,17,0.6904499257773125,False
hgb,False,extended_K,hgb::P_K,22,0.6806355819092695,False
hgb,False,extended_K,hgb::D_P_K,26,0.7084124802770677,False
hgb,False,extended_K,hgb::B_P_K,23,0.6762093289476462,False
hgb,False,extended_K,hgb::D_B_P_K,27,0.704432701290066,False
hgb,False,extended_K,hgb::M_P_K,23,0.6757295629394485,False
hgb,False,extended_K,hgb::D_M_P_K,27,0.705903560594159,False
hgb,False,extended_K,hgb::B_M_P_K,24,0.6733422554250276,False
hgb,False,extended_K,hgb::D_B_M_P_K,28,0.704641986418761,False
hgb,False,extended_K,hgb::C_K,12,0.6593130459702806,False
hgb,False,extended_K,hgb::D_C_K,16,0.6890949401452642,False
hgb,False,extended_K,hgb::B_C_K,13,0.659877470904759,False
hgb,False,extended_K,hgb::D_B_C_K,17,0.6868116503601362,False
hgb,False,extended_K,hgb::M_C_K,13,0.6579272719599105,True
hgb,False,extended_K,hgb::D_M_C_K,17,0.6895788036292687,False
hgb,False,extended_K,hgb::B_M_C_K,14,0.6611351308330662,False
hgb,False,extended_K,hgb::D_B_M_C_K,18,0.6883192706848695,False
hgb,False,extended_K,hgb::P_C_K,23,0.6804518950523767,False
hgb,False,extended_K,hgb::D_P_C_K,27,0.706591426297066,False
hgb,False,extended_K,hgb::B_P_C_K,24,0.6762093289476462,False
hgb,False,extended_K,hgb::D_B_P_C_K,28,0.7012559917841176,False
hgb,False,extended_K,hgb::M_P_C_K,24,0.6753096635303854,False
hgb,False,extended_K,hgb::D_M_P_C_K,28,0.7043221064556887,False
hgb,False,extended_K,hgb::B_M_P_C_K,25,0.6733422554250276,False
hgb,False,extended_K,hgb::D_B_M_P_C_K,29,0.6996369982838381,False
hgb,False,extended_K,hgb::A_K,12,0.6719822112044119,False
hgb,False,extended_K,hgb::D_A_K,16,0.7057978144400723,False
hgb,False,extended_K,hgb::B_A_K,13,0.6681056664295303,False
hgb,False,extended_K,hgb::D_B_A_K,17,0.7001686719377553,False
hgb,False,extended_K,hgb::M_A_K,13,0.6707118865748299,False
hgb,False,extended_K,hgb::D_M_A_K,17,0.7201141222289416,False
hgb,False,extended_K,hgb::B_M_A_K,14,0.6679709653628266,False
hgb,False,extended_K,hgb::D_B_M_A_K,18,0.7126123036070456,False
hgb,False,extended_K,hgb::P_A_K,23,0.6819944372573451,False
hgb,False,extended_K,hgb::D_P_A_K,27,0.7139618302818761,False
hgb,False,extended_K,hgb::B_P_A_K,24,0.6751867995170406,False
hgb,False,extended_K,hgb::D_B_P_A_K,28,0.7062612829326161,False
hgb,False,extended_K,hgb::M_P_A_K,24,0.681767766883032,False
hgb,False,extended_K,hgb::D_M_P_A_K,28,0.7239912152580551,False
hgb,False,extended_K,hgb::B_M_P_A_K,25,0.6965983567668721,False
hgb,False,extended_K,hgb::D_B_M_P_A_K,29,0.7125604646393385,False
hgb,False,extended_K,hgb::C_A_K,13,0.6708318170309527,False
hgb,False,extended_K,hgb::D_C_A_K,17,0.705001154989575,False
hgb,False,extended_K,hgb::B_C_A_K,14,0.6664096296781693,False
hgb,False,extended_K,hgb::D_B_C_A_K,18,0.6964063117075934,False
hgb,False,extended_K,hgb::M_C_A_K,14,0.6720342155622857,False
hgb,False,extended_K,hgb::D_M_C_A_K,18,0.7194130088634112,False
hgb,False,extended_K,hgb::B_M_C_A_K,15,0.6671340611154487,False
hgb,False,extended_K,hgb::D_B_M_C_A_K,19,0.7121399159096846,False
hgb,False,extended_K,hgb::P_C_A_K,24,0.6819740588301191,False
hgb,False,extended_K,hgb::D_P_C_A_K,28,0.7141363147200933,False
hgb,False,extended_K,hgb::B_P_C_A_K,25,0.6751867995170406,False
hgb,False,extended_K,hgb::D_B_P_C_A_K,29,0.7037178341668673,False
hgb,False,extended_K,hgb::M_P_C_A_K,25,0.681767766883032,False
hgb,False,extended_K,hgb::D_M_P_C_A_K,29,0.7228015799255978,False
hgb,False,extended_K,hgb::B_M_P_C_A_K,26,0.6950454950696143,False
hgb,False,extended_K,hgb::D_B_M_P_C_A_K,30,0.7128053035773783,False
hgb,False,extended_K,prevalence,0,0.6856435498450167,True
hgb,False,original_noK,hgb::NONE,0,0.6856435498450167,True
hgb,False,original_noK,hgb::D,4,0.7155203709602128,False
hgb,False,original_noK,hgb::B,1,0.6818963925562068,False
hgb,False,original_noK,hgb::D_B,5,0.7135859744769562,False
hgb,False,original_noK,hgb::M,1,0.6787618311547813,True
hgb,False,original_noK,hgb::D_M,5,0.710106768404125,False
hgb,False,original_noK,hgb::B_M,2,0.6801649463576981,False
hgb,False,original_noK,hgb::D_B_M,6,0.7132674449486055,False
hgb,False,original_noK,hgb::P,11,0.696520625248842,False
hgb,False,original_noK,hgb::D_P,15,0.7222473048973507,False
hgb,False,original_noK,hgb::B_P,12,0.6933746646130066,False
hgb,False,original_noK,hgb::D_B_P,16,0.7193005922671386,False
hgb,False,original_noK,hgb::M_P,12,0.6871473031035986,False
hgb,False,original_noK,hgb::D_M_P,16,0.7170352807528277,False
hgb,False,original_noK,hgb::B_M_P,13,0.6964925971873642,False
hgb,False,original_noK,hgb::D_B_M_P,17,0.7170012732397912,False
hgb,False,original_noK,hgb::C,1,0.6848823958558261,False
hgb,False,original_noK,hgb::D_C,5,0.709024164502359,False
hgb,False,original_noK,hgb::B_C,2,0.6801576799673378,False
hgb,False,original_noK,hgb::D_B_C,6,0.7097634197543591,False
hgb,False,original_noK,hgb::M_C,2,0.6800606997798349,False
hgb,False,original_noK,hgb::D_M_C,6,0.7059287723044265,False
hgb,False,original_noK,hgb::B_M_C,3,0.6792508099823492,False
hgb,False,original_noK,hgb::D_B_M_C,7,0.7095530395277299,False
hgb,False,original_noK,hgb::P_C,12,0.6939126034893236,False
hgb,False,original_noK,hgb::D_P_C,16,0.7194386989251496,False
hgb,False,original_noK,hgb::B_P_C,13,0.6926961941147286,False
hgb,False,original_noK,hgb::D_B_P_C,17,0.7156933604389687,False
hgb,False,original_noK,hgb::M_P_C,13,0.6853081326041691,False
hgb,False,original_noK,hgb::D_M_P_C,17,0.7121901674909844,False
hgb,False,original_noK,hgb::B_M_P_C,14,0.6950169824599665,False
hgb,False,original_noK,hgb::D_B_M_P_C,18,0.7135359247462044,False
hgb,False,original_noK,hgb::A,1,0.6972900894458692,False
hgb,False,original_noK,hgb::D_A,5,0.732251246458854,False
hgb,False,original_noK,hgb::B_A,2,0.6874268219693076,False
hgb,False,original_noK,hgb::D_B_A,6,0.7239225239205148,False
hgb,False,original_noK,hgb::M_A,2,0.7215173654456308,False
hgb,False,original_noK,hgb::D_M_A,6,0.7471951330539943,False
hgb,False,original_noK,hgb::B_M_A,3,0.7027061394352583,False
hgb,False,original_noK,hgb::D_B_M_A,7,0.740054920959283,False
hgb,False,original_noK,hgb::P_A,12,0.699475071126186,False
hgb,False,original_noK,hgb::D_P_A,16,0.732218153492724,False
hgb,False,original_noK,hgb::B_P_A,13,0.6907115071388333,False
hgb,False,original_noK,hgb::D_B_P_A,17,0.7242445113348225,False
hgb,False,original_noK,hgb::M_P_A,13,0.7008301736525987,False
hgb,False,original_noK,hgb::D_M_P_A,17,0.7357820447890608,False
hgb,False,original_noK,hgb::B_M_P_A,14,0.7013443706643763,False
hgb,False,original_noK,hgb::D_B_M_P_A,18,0.729829430689102,False
hgb,False,original_noK,hgb::C_A,2,0.6924475864199597,False
hgb,False,original_noK,hgb::D_C_A,6,0.7232261416656027,False
hgb,False,original_noK,hgb::B_C_A,3,0.6831867882240374,False
hgb,False,original_noK,hgb::D_B_C_A,7,0.7180807551787115,False
hgb,False,original_noK,hgb::M_C_A,3,0.7030621497799361,False
hgb,False,original_noK,hgb::D_M_C_A,7,0.7422967027812452,False
hgb,False,original_noK,hgb::B_M_C_A,4,0.6915956981099537,False
hgb,False,original_noK,hgb::D_B_M_C_A,8,0.7389412284305829,False
hgb,False,original_noK,hgb::P_C_A,13,0.6966667721632623,False
hgb,False,original_noK,hgb::D_P_C_A,17,0.7289807099634396,False
hgb,False,original_noK,hgb::B_P_C_A,14,0.6903368492735606,False
hgb,False,original_noK,hgb::D_B_P_C_A,18,0.7208517464684251,False
hgb,False,original_noK,hgb::M_P_C_A,14,0.6955600524249647,False
hgb,False,original_noK,hgb::D_M_P_C_A,18,0.7379074877029027,False
hgb,False,original_noK,hgb::B_M_P_C_A,15,0.6984142739079411,False
hgb,False,original_noK,hgb::D_B_M_P_C_A,19,0.729514668268468,False
hgb,False,original_noK,prevalence,0,0.6856435498450167,True
