subset,has_history,n_blocks,raw_items,additional_items,model_input_variables,algorithm,best_config,oof_log_loss,fold_se
H,True,1,1,0,1,ridge,1.0,0.6620829888105124,0.002976771157332998
H_D,True,2,5,4,5,ridge,1.0,0.6396754472363618,0.008298910131936675
H_B,True,2,2,1,2,ridge,1.0,0.6578158495921907,0.004326957009805568
H_D_B,True,3,6,5,6,ridge,1.0,0.6379948075675399,0.006840878391723173
H_M,True,2,2,1,2,ridge,1.0,0.6622409595761508,0.0028036145840010756
H_D_M,True,3,6,5,6,ridge,1.0,0.6397760153074639,0.008306886391931051
H_B_M,True,3,3,2,3,ridge,1.0,0.6580088257205885,0.004268140723203054
H_D_B_M,True,4,7,6,7,ridge,1.0,0.6378915085181807,0.0068846758260063005
H_P,True,2,12,11,2,ridge,1.0,0.662450328774536,0.0031824635648987775
H_D_P,True,3,16,15,6,ridge,1.0,0.6397389504100328,0.009160602987331309
H_B_P,True,3,13,12,3,ridge,0.1,0.6577918321132824,0.004177065743869202
H_D_B_P,True,4,17,16,7,ridge,1.0,0.6375400411253291,0.008023456957847293
H_M_P,True,3,13,12,3,ridge,0.1,0.6625724600188355,0.0028824417926408773
H_D_M_P,True,4,17,16,7,ridge,1.0,0.6398515673596114,0.009172914897101158
H_B_M_P,True,4,14,13,4,ridge,0.1,0.657963803376312,0.00410185119959144
H_D_B_M_P,True,5,18,17,8,ridge,1.0,0.6375985212431627,0.00801887799248839
H_C,True,2,2,1,2,ridge,0.1,0.6624391851158958,0.003062064294856948
H_D_C,True,3,6,5,6,ridge,1.0,0.6411795164486124,0.008514849404577477
H_B_C,True,3,3,2,3,ridge,0.1,0.6581911682912668,0.0043536933549433825
H_D_B_C,True,4,7,6,7,ridge,1.0,0.6393410724180268,0.00703523092802638
H_M_C,True,3,3,2,3,ridge,0.1,0.6625805616898517,0.00286589265851006
H_D_M_C,True,4,7,6,7,ridge,1.0,0.641085194221472,0.008549900081410409
H_B_M_C,True,4,4,3,4,ridge,0.1,0.6583859138538867,0.004283082979894178
H_D_B_M_C,True,5,8,7,8,ridge,1.0,0.6392791779703766,0.0070723950334699685
H_P_C,True,3,13,12,3,ridge,0.1,0.6627999109852467,0.003221475409410987
H_D_P_C,True,4,17,16,7,ridge,1.0,0.6411656135944186,0.009402983834943044
H_B_P_C,True,4,14,13,4,ridge,0.1,0.6581750886830957,0.004298025843442504
H_D_B_P_C,True,5,18,17,8,ridge,1.0,0.6389895302013353,0.00825072721962402
H_M_P_C,True,4,14,13,4,ridge,0.1,0.662913843288672,0.003007285798277692
H_D_M_P_C,True,5,18,17,8,ridge,1.0,0.641371068926308,0.009379324833725819
H_B_M_P_C,True,5,15,14,5,ridge,0.1,0.6583572548093996,0.004211901527603615
H_D_B_M_P_C,True,6,19,18,9,ridge,1.0,0.6391421838930499,0.008240418074365086
H_A,True,2,2,1,2,ridge,0.1,0.6598425482035736,0.0036903753756648994
H_D_A,True,3,6,5,6,ridge,1.0,0.6380071651246797,0.009082526364709341
H_B_A,True,3,3,2,3,ridge,0.1,0.6557119973590803,0.004548877440040126
H_D_B_A,True,4,7,6,7,ridge,1.0,0.6362755316368176,0.007530720375176348
H_M_A,True,3,3,2,3,ridge,0.1,0.6599667537001243,0.0035050981588030544
H_D_M_A,True,4,7,6,7,ridge,1.0,0.6380852067170125,0.009088624756367018
H_B_M_A,True,4,4,3,4,ridge,0.1,0.6558940017566006,0.004480304718993435
H_D_B_M_A,True,5,8,7,8,ridge,1.0,0.6362310759849575,0.007586271282893614
H_P_A,True,3,13,12,3,ridge,0.1,0.6602667508879307,0.003727982675429871
H_D_P_A,True,4,17,16,7,ridge,1.0,0.6380894913486092,0.009761296454816057
H_B_P_A,True,4,14,13,4,ridge,0.1,0.6558327693862638,0.004388945036827461
H_D_B_P_A,True,5,18,17,8,ridge,1.0,0.636039150799616,0.008408262073427918
H_M_P_A,True,4,14,13,4,ridge,0.1,0.6603533563864001,0.003518909096777369
H_D_M_P_A,True,5,18,17,8,ridge,1.0,0.6383114360628088,0.009708018926724673
H_B_M_P_A,True,5,15,14,5,ridge,0.1,0.65599403683093,0.004305849063320021
H_D_B_M_P_A,True,6,19,18,9,ridge,1.0,0.6362297780478974,0.008393787828263511
H_C_A,True,3,3,2,3,ridge,0.1,0.6601953597465929,0.004142867158571811
H_D_C_A,True,4,7,6,7,ridge,1.0,0.639353117018099,0.00929764417979896
H_B_C_A,True,4,4,3,4,ridge,0.1,0.6560954026894313,0.004975081892458658
H_D_B_C_A,True,5,8,7,8,ridge,1.0,0.6376092508168036,0.007759586634235583
H_M_C_A,True,4,4,3,4,ridge,0.1,0.6603167369235085,0.003950001132869533
H_D_M_C_A,True,5,8,7,8,ridge,1.0,0.6395031419105079,0.009364553808834618
H_B_M_C_A,True,5,5,4,5,ridge,0.1,0.6562823083746055,0.004902875898247016
H_D_B_M_C_A,True,6,9,8,9,ridge,1.0,0.6376637595050733,0.007840541323662674
H_P_C_A,True,4,14,13,4,ridge,0.1,0.660629096618732,0.0041544665213047545
H_D_P_C_A,True,5,18,17,8,ridge,1.0,0.6395779535645535,0.009941047143479029
H_B_P_C_A,True,5,15,14,5,ridge,0.1,0.6562220537787145,0.004793870017323246
H_D_B_P_C_A,True,6,19,18,9,ridge,1.0,0.6375113465906187,0.008591831620632762
H_M_P_C_A,True,5,15,14,5,ridge,0.1,0.6607249067951054,0.003941766639293115
H_D_M_P_C_A,True,6,19,18,9,ridge,1.0,0.6398229349659593,0.01000510621746886
H_B_M_P_C_A,True,6,16,15,6,ridge,0.1,0.6563962695123899,0.004703392249605688
H_D_B_M_P_C_A,True,7,20,19,10,ridge,1.0,0.6376104231805922,0.008669635192591552
H_K,True,2,12,11,2,ridge,1.0,0.6493822290495769,0.0031129143766896778
H_D_K,True,3,16,15,6,ridge,1.0,0.633478707878488,0.008694094386026582
H_B_K,True,3,13,12,3,ridge,0.1,0.6462600809728479,0.003320126277178177
H_D_B_K,True,4,17,16,7,ridge,1.0,0.6322192898000069,0.007183193629816105
H_M_K,True,3,13,12,3,ridge,1.0,0.6492713792388692,0.00316768641452593
H_D_M_K,True,4,17,16,7,ridge,1.0,0.6331673311080751,0.008742452260641567
H_B_M_K,True,4,14,13,4,ridge,1.0,0.6459508800436963,0.003411957325315119
H_D_B_M_K,True,5,18,17,8,ridge,1.0,0.6316655820951923,0.007231628292431845
H_P_K,True,3,23,22,3,ridge,0.1,0.649287206076472,0.0034198711473935046
H_D_P_K,True,4,27,26,7,ridge,1.0,0.63301703934863,0.009766655097757789
H_B_P_K,True,4,24,23,4,ridge,0.1,0.6455566984754917,0.0032809101095528028
H_D_B_P_K,True,5,28,27,8,ridge,1.0,0.6311433010160259,0.008465880429585935
H_M_P_K,True,4,24,23,4,ridge,0.1,0.6492351273500917,0.0034748976530903225
H_D_M_P_K,True,5,28,27,8,ridge,1.0,0.6329664793271298,0.009783242393790645
H_B_M_P_K,True,5,25,24,5,ridge,0.1,0.6453270306315815,0.003289986964329622
H_D_B_M_P_K,True,6,29,28,9,ridge,1.0,0.6309301898432982,0.008473699703006222
H_C_K,True,3,13,12,3,ridge,0.1,0.6499278537509775,0.00286511342161312
H_D_C_K,True,4,17,16,7,ridge,1.0,0.6349293288939407,0.008712548396624683
H_B_C_K,True,4,14,13,4,ridge,0.1,0.646835853149902,0.0032493888899671184
H_D_B_C_K,True,5,18,17,8,ridge,1.0,0.6335561791075445,0.007163400476231024
H_M_C_K,True,4,14,13,4,ridge,0.1,0.6498282628612461,0.0029525570329530446
H_D_M_C_K,True,5,18,17,8,ridge,1.0,0.6345478130702493,0.008798960187729497
H_B_M_C_K,True,5,15,14,5,ridge,0.1,0.6465282489851105,0.0033079058931365516
H_D_B_M_C_K,True,6,19,18,9,ridge,1.0,0.6331611805054308,0.007248287946464324
H_P_C_K,True,4,24,23,4,ridge,0.1,0.6498351025560678,0.0032226571397129234
H_D_P_C_K,True,5,28,27,8,ridge,1.0,0.6344883691328542,0.009773682791820204
H_B_P_C_K,True,5,25,24,5,ridge,0.1,0.6461484778753469,0.0031411351810339315
H_D_B_P_C_K,True,6,29,28,9,ridge,1.0,0.6325759313191416,0.008455765316560308
H_M_P_C_K,True,5,25,24,5,ridge,0.1,0.6497879198322122,0.003302307940776694
H_D_M_P_C_K,True,6,29,28,9,ridge,1.0,0.6344081054789056,0.009825092483922286
H_B_M_P_C_K,True,6,26,25,6,ridge,0.1,0.645928330645112,0.0032049460769994335
H_D_B_M_P_C_K,True,7,30,29,10,ridge,1.0,0.6324018603891035,0.008445971904977164
H_A_K,True,3,13,12,3,ridge,0.1,0.6468855237332123,0.0031303635273172985
H_D_A_K,True,4,17,16,7,ridge,1.0,0.6316089221778484,0.009273926215445236
H_B_A_K,True,4,14,13,4,ridge,0.1,0.643912205363224,0.0032114883680173113
H_D_B_A_K,True,5,18,17,8,ridge,1.0,0.6303176464587247,0.007649088202244543
H_M_A_K,True,4,14,13,4,ridge,0.1,0.6468072202640086,0.0032377365081555686
H_D_M_A_K,True,5,18,17,8,ridge,1.0,0.6312734488152584,0.0094085911490808
H_B_M_A_K,True,5,15,14,5,ridge,0.1,0.6436333865037757,0.0033100199151031655
H_D_B_M_A_K,True,6,19,18,9,ridge,1.0,0.6297690531788611,0.00783930636649257
H_P_A_K,True,4,24,23,4,ridge,0.1,0.6469364767792163,0.0032008950831659494
H_D_P_A_K,True,5,28,27,8,ridge,1.0,0.6312895096248884,0.010066837288690941
H_B_P_A_K,True,5,25,24,5,ridge,0.1,0.643429881963482,0.0028048031822130374
H_D_B_P_A_K,True,6,29,28,9,ridge,1.0,0.6294674622760528,0.008592184690719587
H_M_P_A_K,True,5,25,24,5,ridge,0.1,0.6468966961386979,0.0033239902409738387
H_D_M_P_A_K,True,6,29,28,9,ridge,1.0,0.6312111678752893,0.010160585574344566
H_B_M_P_A_K,True,6,26,25,6,ridge,0.1,0.6432181679399898,0.002948541158549165
H_D_B_M_P_A_K,True,7,30,29,10,ridge,1.0,0.6292921291184919,0.00868741379274968
H_C_A_K,True,4,14,13,4,ridge,0.1,0.6474531971120571,0.0032335534597490107
H_D_C_A_K,True,5,18,17,8,ridge,1.0,0.6329925665767692,0.009332648729098234
H_B_C_A_K,True,5,15,14,5,ridge,0.1,0.644503843674367,0.0034248366813582694
H_D_B_C_A_K,True,6,19,18,9,ridge,1.0,0.6317384898901335,0.007687309317726805
H_M_C_A_K,True,5,15,14,5,ridge,0.1,0.6473691637561733,0.0033691580908782105
H_D_M_C_A_K,True,6,19,18,9,ridge,1.0,0.6326931392750783,0.009483920241239343
H_B_M_C_A_K,True,6,16,15,6,ridge,0.1,0.644223463114376,0.003575393509695267
H_D_B_M_C_A_K,True,7,20,19,10,ridge,1.0,0.6312491785290301,0.007906917175842002
H_P_C_A_K,True,5,25,24,5,ridge,0.1,0.6475160924368945,0.0032296107180436254
H_D_P_C_A_K,True,6,29,28,9,ridge,1.0,0.6327462080928837,0.010105626808768933
H_B_P_C_A_K,True,6,26,25,6,ridge,0.1,0.6440360888197865,0.0029589874400259425
H_D_B_P_C_A_K,True,7,30,29,10,ridge,1.0,0.630903105194864,0.008637912236111699
H_M_P_C_A_K,True,6,26,25,6,ridge,0.1,0.6474698579100036,0.0033778486468063985
H_D_M_P_C_A_K,True,7,30,29,10,ridge,1.0,0.6326357923202772,0.010193904993591588
H_B_M_P_C_A_K,True,7,27,26,7,ridge,0.1,0.643812892448034,0.0031460930326536614
H_D_B_M_P_C_A_K,True,8,31,30,11,ridge,1.0,0.6307238544876694,0.008738092038658708
NONE,False,0,0,0,0,ridge,0.001,0.6853643289188563,0.0
D,False,1,4,4,4,ridge,1.0,0.6621656516928427,0.008795211706229605
B,False,1,1,1,1,ridge,0.1,0.6777381954029948,0.0027598271537739396
D_B,False,2,5,5,5,ridge,1.0,0.6582120307239033,0.006572825362482106
M,False,1,1,1,1,ridge,0.01,0.6852087154572225,0.000524774368097944
D_M,False,2,5,5,5,ridge,1.0,0.6623492629583634,0.00860843188347897
B_M,False,2,2,2,2,ridge,0.1,0.6779583126099942,0.00282533019137459
D_B_M,False,3,6,6,6,ridge,1.0,0.6585610424617269,0.006427517548105395
P,False,1,11,11,1,ridge,0.001,0.6854781554910176,0.00013897049606344575
D_P,False,2,15,15,5,ridge,1.0,0.6622738696105736,0.009549427240357712
B_P,False,2,12,12,2,ridge,0.1,0.677878585011541,0.0026105620560542744
D_B_P,False,3,16,16,6,ridge,1.0,0.6577464526304969,0.007739194936247256
M_P,False,2,12,12,2,ridge,0.001,0.685357518858799,0.0001472558837395426
D_M_P,False,3,16,16,6,ridge,1.0,0.662451084744614,0.009397299583282021
B_M_P,False,3,13,13,3,ridge,0.1,0.6780361516193909,0.0026235749823047645
D_B_M_P,False,4,17,17,7,ridge,1.0,0.6580624718382053,0.007627553516949899
C,False,1,1,1,1,ridge,0.01,0.6850626975751691,0.00029215970465461483
D_C,False,2,5,5,5,ridge,1.0,0.663365546985366,0.008645042202223275
B_C,False,2,2,2,2,ridge,0.1,0.677672893894383,0.003027787519826623
D_B_C,False,3,6,6,6,ridge,1.0,0.6594541941664148,0.006345786990758626
M_C,False,2,2,2,2,ridge,0.01,0.6849257353845106,0.000462250883048363
D_M_C,False,3,6,6,6,ridge,1.0,0.6636254282527785,0.008505998257252885
B_M_C,False,3,3,3,3,ridge,0.1,0.6779412666628245,0.0030215024585190393
D_B_M_C,False,4,7,7,7,ridge,1.0,0.6597507037177004,0.006245788614216741
P_C,False,2,12,12,2,ridge,0.001,0.6853993925537009,0.0001269837380213714
D_P_C,False,3,16,16,6,ridge,1.0,0.6635901146249847,0.009398185681381125
B_P_C,False,3,13,13,3,ridge,0.1,0.6777986869657929,0.0027702769391950944
D_B_P_C,False,4,17,17,7,ridge,1.0,0.6590512991988687,0.007525917501722754
M_P_C,False,3,13,13,3,ridge,0.001,0.6852803698561314,0.00011159907698753985
D_M_P_C,False,4,17,17,7,ridge,1.0,0.6637450766040225,0.009280510161752822
B_M_P_C,False,4,14,14,4,ridge,0.1,0.6780210463346151,0.0026961742476479564
D_B_M_P_C,False,5,18,18,8,ridge,1.0,0.6594776813784442,0.007457683401615272
A,False,1,1,1,1,ridge,0.1,0.6808642563858034,0.0022787349419306708
D_A,False,2,5,5,5,ridge,1.0,0.6582581334178604,0.009040087007278753
B_A,False,2,2,2,2,ridge,0.1,0.6736656514353723,0.0034503886198507822
D_B_A,False,3,6,6,6,ridge,1.0,0.6545563941969289,0.006675367693977294
M_A,False,2,2,2,2,ridge,0.1,0.6806921645491553,0.0021660698197460606
D_M_A,False,3,6,6,6,ridge,1.0,0.6584548044655671,0.00882121855620062
B_M_A,False,3,3,3,3,ridge,0.1,0.6738281710598268,0.0034322711397663953
D_B_M_A,False,4,7,7,7,ridge,1.0,0.6548369451991856,0.006548460117766168
P_A,False,2,12,12,2,ridge,0.01,0.6814765010355697,0.0013947506979827885
D_P_A,False,3,16,16,6,ridge,1.0,0.6585833608658553,0.009520706286482158
B_P_A,False,3,13,13,3,ridge,0.1,0.6739738002404901,0.0029379596612578306
D_B_P_A,False,4,17,17,7,ridge,1.0,0.654363857240483,0.007429610107301454
M_P_A,False,3,13,13,3,ridge,0.01,0.6812157887804466,0.0012173367590811318
D_M_P_A,False,4,17,17,7,ridge,1.0,0.6587215109897597,0.009283754046668313
B_M_P_A,False,4,14,14,4,ridge,0.1,0.6740873608011265,0.002865630812231424
D_B_M_P_A,False,5,18,18,8,ridge,1.0,0.6546989810903293,0.00726737942349302
C_A,False,2,2,2,2,ridge,0.1,0.6805863410027915,0.0029477532207248898
D_C_A,False,3,6,6,6,ridge,1.0,0.6593856247495893,0.008997498975946556
B_C_A,False,3,3,3,3,ridge,0.1,0.6735209745197117,0.0041260509265748915
D_B_C_A,False,4,7,7,7,ridge,1.0,0.6556968128981201,0.006650344929778946
M_C_A,False,3,3,3,3,ridge,0.01,0.680463603268946,0.001780242769314117
D_M_C_A,False,4,7,7,7,ridge,1.0,0.6595823011493227,0.008845178958504323
B_M_C_A,False,4,4,4,4,ridge,0.1,0.6737350136132971,0.004069444057393727
D_B_M_C_A,False,5,8,8,8,ridge,1.0,0.656029039004183,0.0065888703780036875
P_C_A,False,3,13,13,3,ridge,0.01,0.6811223175840232,0.0016794203828153788
D_P_C_A,False,4,17,17,7,ridge,1.0,0.6597900266276292,0.009465744114962867
B_P_C_A,False,4,14,14,4,ridge,0.1,0.6738069592361944,0.003614420340704023
D_B_P_C_A,False,5,18,18,8,ridge,1.0,0.6554802333874106,0.007366062212764361
M_P_C_A,False,4,14,14,4,ridge,0.01,0.6808896704568617,0.0014887580560019016
D_M_P_C_A,False,5,18,18,8,ridge,1.0,0.6598969326148573,0.009286159558320373
B_M_P_C_A,False,5,15,15,5,ridge,0.1,0.6739940346313386,0.003501429722435349
D_B_M_P_C_A,False,6,19,19,9,ridge,1.0,0.6558527360731933,0.007278745766948814
K,False,1,11,11,1,ridge,1.0,0.669697766266247,0.004440793109870067
D_K,False,2,15,15,5,ridge,1.0,0.6534616584557627,0.009283991202217519
B_K,False,2,12,12,2,ridge,0.1,0.6639668470180919,0.0037260115855408523
D_B_K,False,3,16,16,6,ridge,1.0,0.6503288258178421,0.007111683307156618
M_K,False,2,12,12,2,ridge,0.1,0.6699785891643407,0.004373505845867496
D_M_K,False,3,16,16,6,ridge,1.0,0.6537353903769499,0.009201086575021118
B_M_K,False,3,13,13,3,ridge,0.1,0.664113310260305,0.0036423378259500144
D_B_M_K,False,4,17,17,7,ridge,1.0,0.6505264016533987,0.007087314462234379
P_K,False,2,22,22,2,ridge,0.1,0.6697886445882665,0.004611748075311295
D_P_K,False,3,26,26,6,ridge,1.0,0.6528869353216161,0.010227244173496476
B_P_K,False,3,23,23,3,ridge,0.1,0.6633194413068036,0.00362014652282673
D_B_P_K,False,4,27,27,7,ridge,1.0,0.6490564062408024,0.008376116663550533
M_P_K,False,3,23,23,3,ridge,0.1,0.670064278364502,0.004678455079744986
D_M_P_K,False,4,27,27,7,ridge,1.0,0.6533282313174947,0.010171345059222986
B_M_P_K,False,4,24,24,4,ridge,0.1,0.6634975815715906,0.003539798184494532
D_B_M_P_K,False,5,28,28,8,ridge,1.0,0.6493523079670165,0.008245036290914344
C_K,False,2,12,12,2,ridge,0.1,0.6698410834275197,0.003922592473030898
D_C_K,False,3,16,16,6,ridge,1.0,0.6546284367911368,0.008875166689569326
B_C_K,False,3,13,13,3,ridge,0.1,0.6641808102988377,0.0035342688704203024
D_B_C_K,False,4,17,17,7,ridge,1.0,0.6515473215012775,0.006718805731276992
M_C_K,False,3,13,13,3,ridge,0.1,0.6701320659093889,0.004014174173767177
D_M_C_K,False,4,17,17,7,ridge,1.0,0.6549361820142763,0.008873015508405089
B_M_C_K,False,4,14,14,4,ridge,0.1,0.6643298448689726,0.0034786668625194964
D_B_M_C_K,False,5,18,18,8,ridge,1.0,0.6517718728926184,0.006697036240974391
P_C_K,False,3,23,23,3,ridge,0.1,0.6699249544068876,0.004167747780673961
D_P_C_K,False,4,27,27,7,ridge,1.0,0.6541342196355429,0.009822360141484673
B_P_C_K,False,4,24,24,4,ridge,0.1,0.6635355041609993,0.0032724457468503365
D_B_P_C_K,False,5,28,28,8,ridge,1.0,0.650367563919362,0.007939289989663739
M_P_C_K,False,4,24,24,4,ridge,0.1,0.6702277065638427,0.004250511832949598
D_M_P_C_K,False,5,28,28,8,ridge,1.0,0.6545592683585901,0.009783240883582234
B_M_P_C_K,False,5,25,25,5,ridge,0.1,0.6637253348768435,0.0032221125454986515
D_B_M_P_C_K,False,6,29,29,9,ridge,1.0,0.6506684916270983,0.007879573032844213
A_K,False,2,12,12,2,ridge,0.1,0.6650247216444075,0.0035873661215053395
D_A_K,False,3,16,16,6,ridge,1.0,0.6495521869548352,0.009214165108142184
B_A_K,False,3,13,13,3,ridge,0.1,0.6596940001985669,0.0031236416278250232
D_B_A_K,False,4,17,17,7,ridge,1.0,0.6465315444142528,0.0069566892636394205
M_A_K,False,3,13,13,3,ridge,0.1,0.6653003794122406,0.0036648247244795264
D_M_A_K,False,4,17,17,7,ridge,1.0,0.6497370063584609,0.009182503275778443
B_M_A_K,False,4,14,14,4,ridge,0.1,0.6598454352383608,0.003102218111580537
D_B_M_A_K,False,5,18,18,8,ridge,1.0,0.6467528583495165,0.00701927696835333
P_A_K,False,3,23,23,3,ridge,0.1,0.6652843943967749,0.003485390971159481
D_P_A_K,False,4,27,27,7,ridge,1.0,0.6491660104836356,0.00984292817572855
B_P_A_K,False,4,24,24,4,ridge,0.1,0.6593124457079612,0.0023038683399328607
D_B_P_A_K,False,5,28,28,8,ridge,1.0,0.645554504910448,0.007776895551950317
M_P_A_K,False,4,24,24,4,ridge,0.1,0.6655499684971176,0.003568584796781736
D_M_P_A_K,False,5,28,28,8,ridge,1.0,0.6495159281278694,0.0097871143325513
B_M_P_A_K,False,5,25,25,5,ridge,0.1,0.6594980539768316,0.002305403383639794
D_B_M_P_A_K,False,6,29,29,9,ridge,1.0,0.6459037972933989,0.007759156733751558
C_A_K,False,3,13,13,3,ridge,0.1,0.6650986200699053,0.003430809648637
D_C_A_K,False,4,17,17,7,ridge,1.0,0.6505666458810856,0.00890065653185045
B_C_A_K,False,4,14,14,4,ridge,0.1,0.6598656157651931,0.0033126759732993133
D_B_C_A_K,False,5,18,18,8,ridge,1.0,0.6476107633456963,0.006667605461720549
M_C_A_K,False,4,14,14,4,ridge,0.1,0.6654028352976818,0.0035246101634292437
D_M_C_A_K,False,5,18,18,8,ridge,1.0,0.6508878916517834,0.008981765851097261
B_M_C_A_K,False,5,15,15,5,ridge,0.1,0.6600076580529798,0.003332549092482348
D_B_M_C_A_K,False,6,19,19,9,ridge,1.0,0.6478442732880747,0.006822087010025999
P_C_A_K,False,4,24,24,4,ridge,0.1,0.6653550510612966,0.003191194623852651
D_P_C_A_K,False,5,28,28,8,ridge,1.0,0.6503102667612197,0.009496006228925586
B_P_C_A_K,False,5,25,25,5,ridge,0.1,0.6594812478241739,0.00233699682351184
D_B_P_C_A_K,False,6,29,29,9,ridge,1.0,0.6467573715027599,0.0074185142684812565
M_P_C_A_K,False,5,25,25,5,ridge,0.1,0.6656493294917565,0.003298708632102031
D_M_P_C_A_K,False,6,29,29,9,ridge,1.0,0.6506762310696586,0.009504459483238973
B_M_P_C_A_K,False,6,26,26,6,ridge,0.1,0.6596695935925857,0.0023854636166895427
D_B_M_P_C_A_K,False,7,30,30,10,ridge,1.0,0.6470515853322324,0.007501855341901719
H,True,1,1,0,1,hgb,"{'max_leaf_nodes': 3, 'learning_rate': 0.05}",0.6620826133717034,0.002965832182464167
H_D,True,2,5,4,5,hgb,"{'max_leaf_nodes': 7, 'learning_rate': 0.05}",0.6440872421067338,0.007162261750398334
H_B,True,2,2,1,2,hgb,"{'max_leaf_nodes': 3, 'learning_rate': 0.05}",0.656149609502737,0.005724557462137084
H_D_B,True,3,6,5,6,hgb,"{'max_leaf_nodes': 7, 'learning_rate': 0.05}",0.6407149204876604,0.007359358818084127
H_M,True,2,2,1,2,hgb,"{'max_leaf_nodes': 7, 'learning_rate': 0.05}",0.6574903093314285,0.0023860152425556258
H_D_M,True,3,6,5,6,hgb,"{'max_leaf_nodes': 7, 'learning_rate': 0.05}",0.6378678578039242,0.005997950696633091
H_B_M,True,3,3,2,3,hgb,"{'max_leaf_nodes': 3, 'learning_rate': 0.05}",0.6526472365345142,0.005193180031993948
H_D_B_M,True,4,7,6,7,hgb,"{'max_leaf_nodes': 7, 'learning_rate': 0.05}",0.6363475685984843,0.0064232587265019665
H_P,True,2,12,11,2,hgb,"{'max_leaf_nodes': 3, 'learning_rate': 0.05}",0.6547926407716381,0.004103133705962
H_D_P,True,3,16,15,6,hgb,"{'max_leaf_nodes': 7, 'learning_rate': 0.05}",0.6284341422186445,0.004564964611521445
H_B_P,True,3,13,12,3,hgb,"{'max_leaf_nodes': 3, 'learning_rate': 0.05}",0.648942154025296,0.0068310573592895605
H_D_B_P,True,4,17,16,7,hgb,"{'max_leaf_nodes': 7, 'learning_rate': 0.05}",0.6287613874583236,0.004907316773608367
H_M_P,True,3,13,12,3,hgb,"{'max_leaf_nodes': 7, 'learning_rate': 0.05}",0.6508401923689486,0.004135374835959648
H_D_M_P,True,4,17,16,7,hgb,"{'max_leaf_nodes': 7, 'learning_rate': 0.05}",0.6263444622412933,0.003883715003582711
H_B_M_P,True,4,14,13,4,hgb,"{'max_leaf_nodes': 7, 'learning_rate': 0.05}",0.645656574276589,0.008301777257849896
H_D_B_M_P,True,5,18,17,8,hgb,"{'max_leaf_nodes': 7, 'learning_rate': 0.05}",0.6257706174677631,0.005241822248932194
H_C,True,2,2,1,2,hgb,"{'max_leaf_nodes': 3, 'learning_rate': 0.05}",0.6623233634817945,0.003114968599759505
H_D_C,True,3,6,5,6,hgb,"{'max_leaf_nodes': 7, 'learning_rate': 0.05}",0.6385182763959425,0.005650417184185787
H_B_C,True,3,3,2,3,hgb,"{'max_leaf_nodes': 3, 'learning_rate': 0.05}",0.6576726687330479,0.006109049688001586
H_D_B_C,True,4,7,6,7,hgb,"{'max_leaf_nodes': 7, 'learning_rate': 0.05}",0.6364605695345188,0.005243861128074234
H_M_C,True,3,3,2,3,hgb,"{'max_leaf_nodes': 7, 'learning_rate': 0.05}",0.6573640786608534,0.0027601761680893953
H_D_M_C,True,4,7,6,7,hgb,"{'max_leaf_nodes': 7, 'learning_rate': 0.05}",0.6362547428334664,0.0058837600216883204
H_B_M_C,True,4,4,3,4,hgb,"{'max_leaf_nodes': 3, 'learning_rate': 0.05}",0.6534401604653294,0.005185986928820759
H_D_B_M_C,True,5,8,7,8,hgb,"{'max_leaf_nodes': 7, 'learning_rate': 0.05}",0.6345303236085903,0.005504184662738397
H_P_C,True,3,13,12,3,hgb,"{'max_leaf_nodes': 3, 'learning_rate': 0.05}",0.655098691390983,0.0039871136200693566
H_D_P_C,True,4,17,16,7,hgb,"{'max_leaf_nodes': 7, 'learning_rate': 0.05}",0.6289526286926437,0.003665126474862075
H_B_P_C,True,4,14,13,4,hgb,"{'max_leaf_nodes': 3, 'learning_rate': 0.05}",0.6496226234409335,0.006615550471232864
H_D_B_P_C,True,5,18,17,8,hgb,"{'max_leaf_nodes': 7, 'learning_rate': 0.05}",0.6281546028627573,0.005077372725885499
H_M_P_C,True,4,14,13,4,hgb,"{'max_leaf_nodes': 7, 'learning_rate': 0.05}",0.6494052689764819,0.004982257530926282
H_D_M_P_C,True,5,18,17,8,hgb,"{'max_leaf_nodes': 7, 'learning_rate': 0.05}",0.6278531232363511,0.0037555270652577764
H_B_M_P_C,True,5,15,14,5,hgb,"{'max_leaf_nodes': 7, 'learning_rate': 0.05}",0.6454979356584607,0.00877471819013278
H_D_B_M_P_C,True,6,19,18,9,hgb,"{'max_leaf_nodes': 7, 'learning_rate': 0.05}",0.6266398493038015,0.005238408861892852
H_A,True,2,2,1,2,hgb,"{'max_leaf_nodes': 3, 'learning_rate': 0.05}",0.6602422622549169,0.003967150266381973
H_D_A,True,3,6,5,6,hgb,"{'max_leaf_nodes': 7, 'learning_rate': 0.05}",0.641758650006288,0.0061080299245635265
H_B_A,True,3,3,2,3,hgb,"{'max_leaf_nodes': 3, 'learning_rate': 0.05}",0.654169707977288,0.006361713810103567
H_D_B_A,True,4,7,6,7,hgb,"{'max_leaf_nodes': 7, 'learning_rate': 0.05}",0.6396423687725435,0.005861819848389009
H_M_A,True,3,3,2,3,hgb,"{'max_leaf_nodes': 7, 'learning_rate': 0.05}",0.6533370183829231,0.0030828811502615194
H_D_M_A,True,4,7,6,7,hgb,"{'max_leaf_nodes': 7, 'learning_rate': 0.05}",0.6353580028168152,0.005619532677684777
H_B_M_A,True,4,4,3,4,hgb,"{'max_leaf_nodes': 7, 'learning_rate': 0.05}",0.6499456254601639,0.005108003930147398
H_D_B_M_A,True,5,8,7,8,hgb,"{'max_leaf_nodes': 7, 'learning_rate': 0.05}",0.6338305502789827,0.005506749266237932
H_P_A,True,3,13,12,3,hgb,"{'max_leaf_nodes': 3, 'learning_rate': 0.05}",0.6530903874514049,0.0040981464986623185
H_D_P_A,True,4,17,16,7,hgb,"{'max_leaf_nodes': 7, 'learning_rate': 0.05}",0.6285871701772281,0.0040817008836712704
H_B_P_A,True,4,14,13,4,hgb,"{'max_leaf_nodes': 3, 'learning_rate': 0.05}",0.6472657576456973,0.006395152739206081
H_D_B_P_A,True,5,18,17,8,hgb,"{'max_leaf_nodes': 7, 'learning_rate': 0.05}",0.6257299008757918,0.004401914120800568
H_M_P_A,True,4,14,13,4,hgb,"{'max_leaf_nodes': 7, 'learning_rate': 0.05}",0.6485239496802059,0.00497300913566669
H_D_M_P_A,True,5,18,17,8,hgb,"{'max_leaf_nodes': 7, 'learning_rate': 0.05}",0.6241806893132597,0.0034529906698215797
H_B_M_P_A,True,5,15,14,5,hgb,"{'max_leaf_nodes': 7, 'learning_rate': 0.05}",0.6425625531760141,0.008255942805492774
H_D_B_M_P_A,True,6,19,18,9,hgb,"{'max_leaf_nodes': 7, 'learning_rate': 0.05}",0.6250874030452392,0.005013193029569716
H_C_A,True,3,3,2,3,hgb,"{'max_leaf_nodes': 3, 'learning_rate': 0.05}",0.660672313580278,0.004081627516130746
H_D_C_A,True,4,7,6,7,hgb,"{'max_leaf_nodes': 7, 'learning_rate': 0.05}",0.6383217522108077,0.004591149674189569
H_B_C_A,True,4,4,3,4,hgb,"{'max_leaf_nodes': 3, 'learning_rate': 0.05}",0.655155972846597,0.006434994878507052
H_D_B_C_A,True,5,8,7,8,hgb,"{'max_leaf_nodes': 7, 'learning_rate': 0.05}",0.6358612151779939,0.005374617848230366
H_M_C_A,True,4,4,3,4,hgb,"{'max_leaf_nodes': 7, 'learning_rate': 0.05}",0.6543332876174236,0.0025805967641511053
H_D_M_C_A,True,5,8,7,8,hgb,"{'max_leaf_nodes': 7, 'learning_rate': 0.05}",0.6332706689577972,0.005493675912347631
H_B_M_C_A,True,5,5,4,5,hgb,"{'max_leaf_nodes': 3, 'learning_rate': 0.05}",0.6508497021563576,0.005499487222101692
H_D_B_M_C_A,True,6,9,8,9,hgb,"{'max_leaf_nodes': 7, 'learning_rate': 0.05}",0.6314904390595096,0.004984917273897613
H_P_C_A,True,4,14,13,4,hgb,"{'max_leaf_nodes': 3, 'learning_rate': 0.05}",0.6534907845991386,0.004151250919252948
H_D_P_C_A,True,5,18,17,8,hgb,"{'max_leaf_nodes': 7, 'learning_rate': 0.05}",0.6274583840225614,0.0038673584382314637
H_B_P_C_A,True,5,15,14,5,hgb,"{'max_leaf_nodes': 3, 'learning_rate': 0.05}",0.6479188594547443,0.006386353256118754
H_D_B_P_C_A,True,6,19,18,9,hgb,"{'max_leaf_nodes': 7, 'learning_rate': 0.05}",0.6259139407361582,0.004451102697518099
H_M_P_C_A,True,5,15,14,5,hgb,"{'max_leaf_nodes': 7, 'learning_rate': 0.05}",0.6473292060300279,0.005757027941463945
H_D_M_P_C_A,True,6,19,18,9,hgb,"{'max_leaf_nodes': 7, 'learning_rate': 0.05}",0.6245078338078603,0.0033975216477971563
H_B_M_P_C_A,True,6,16,15,6,hgb,"{'max_leaf_nodes': 7, 'learning_rate': 0.05}",0.641853069600681,0.00823693486896374
H_D_B_M_P_C_A,True,7,20,19,10,hgb,"{'max_leaf_nodes': 7, 'learning_rate': 0.05}",0.6244005936211106,0.005415287635173401
H_K,True,2,12,11,2,hgb,"{'max_leaf_nodes': 3, 'learning_rate': 0.05}",0.6551165723158504,0.0029361249576053904
H_D_K,True,3,16,15,6,hgb,"{'max_leaf_nodes': 7, 'learning_rate': 0.05}",0.6373575092655412,0.006279183743171777
H_B_K,True,3,13,12,3,hgb,"{'max_leaf_nodes': 3, 'learning_rate': 0.05}",0.6492228072668206,0.0031965988459009068
H_D_B_K,True,4,17,16,7,hgb,"{'max_leaf_nodes': 7, 'learning_rate': 0.05}",0.6365962838264457,0.005249605383503699
H_M_K,True,3,13,12,3,hgb,"{'max_leaf_nodes': 3, 'learning_rate': 0.05}",0.6542403990154226,0.002609226207903935
H_D_M_K,True,4,17,16,7,hgb,"{'max_leaf_nodes': 7, 'learning_rate': 0.05}",0.6342642884563012,0.006588098106738246
H_B_M_K,True,4,14,13,4,hgb,"{'max_leaf_nodes': 3, 'learning_rate': 0.05}",0.6487293659129009,0.0028685466071210154
H_D_B_M_K,True,5,18,17,8,hgb,"{'max_leaf_nodes': 7, 'learning_rate': 0.05}",0.6347062480032359,0.004640399803555699
H_P_K,True,3,23,22,3,hgb,"{'max_leaf_nodes': 3, 'learning_rate': 0.05}",0.64593201240606,0.0030270963795118984
H_D_P_K,True,4,27,26,7,hgb,"{'max_leaf_nodes': 7, 'learning_rate': 0.05}",0.6267428742507322,0.0057113128381454555
H_B_P_K,True,4,24,23,4,hgb,"{'max_leaf_nodes': 3, 'learning_rate': 0.05}",0.6424551265262731,0.003727093566493699
H_D_B_P_K,True,5,28,27,8,hgb,"{'max_leaf_nodes': 7, 'learning_rate': 0.05}",0.6269816019848083,0.004755424931222042
H_M_P_K,True,4,24,23,4,hgb,"{'max_leaf_nodes': 3, 'learning_rate': 0.05}",0.6452704002504069,0.0026865292123254706
H_D_M_P_K,True,5,28,27,8,hgb,"{'max_leaf_nodes': 7, 'learning_rate': 0.05}",0.6250808827874816,0.006023549014949236
H_B_M_P_K,True,5,25,24,5,hgb,"{'max_leaf_nodes': 3, 'learning_rate': 0.05}",0.6419568848845181,0.0036826055252022804
H_D_B_M_P_K,True,6,29,28,9,hgb,"{'max_leaf_nodes': 7, 'learning_rate': 0.05}",0.6261257040842678,0.005060412461977316
H_C_K,True,3,13,12,3,hgb,"{'max_leaf_nodes': 3, 'learning_rate': 0.05}",0.6558194907029433,0.0031407098850765257
H_D_C_K,True,4,17,16,7,hgb,"{'max_leaf_nodes': 7, 'learning_rate': 0.05}",0.6323415491548227,0.00528087801816782
H_B_C_K,True,4,14,13,4,hgb,"{'max_leaf_nodes': 3, 'learning_rate': 0.05}",0.6498339535856934,0.003341569431954713
H_D_B_C_K,True,5,18,17,8,hgb,"{'max_leaf_nodes': 7, 'learning_rate': 0.05}",0.6338575019623552,0.003942055906030492
H_M_C_K,True,4,14,13,4,hgb,"{'max_leaf_nodes': 3, 'learning_rate': 0.05}",0.6547025786613468,0.0027243135954037137
H_D_M_C_K,True,5,18,17,8,hgb,"{'max_leaf_nodes': 7, 'learning_rate': 0.05}",0.6308125639693732,0.005642268354122304
H_B_M_C_K,True,5,15,14,5,hgb,"{'max_leaf_nodes': 3, 'learning_rate': 0.05}",0.6489257983756357,0.002890662589884343
H_D_B_M_C_K,True,6,19,18,9,hgb,"{'max_leaf_nodes': 7, 'learning_rate': 0.05}",0.6319000781600458,0.0033963928670691142
H_P_C_K,True,4,24,23,4,hgb,"{'max_leaf_nodes': 3, 'learning_rate': 0.05}",0.6460800195340178,0.003060593622591899
H_D_P_C_K,True,5,28,27,8,hgb,"{'max_leaf_nodes': 7, 'learning_rate': 0.05}",0.624475126256295,0.004526684631976182
H_B_P_C_K,True,5,25,24,5,hgb,"{'max_leaf_nodes': 3, 'learning_rate': 0.05}",0.6428963159937501,0.003782734519927468
H_D_B_P_C_K,True,6,29,28,9,hgb,"{'max_leaf_nodes': 7, 'learning_rate': 0.05}",0.6248037058472935,0.00489202539298018
H_M_P_C_K,True,5,25,24,5,hgb,"{'max_leaf_nodes': 7, 'learning_rate': 0.05}",0.6442834381693988,0.005066380464923934
H_D_M_P_C_K,True,6,29,28,9,hgb,"{'max_leaf_nodes': 7, 'learning_rate': 0.05}",0.6221157681523305,0.004451830163841148
H_B_M_P_C_K,True,6,26,25,6,hgb,"{'max_leaf_nodes': 3, 'learning_rate': 0.05}",0.6423136882856137,0.003756553801806731
H_D_B_M_P_C_K,True,7,30,29,10,hgb,"{'max_leaf_nodes': 7, 'learning_rate': 0.05}",0.6241557952460349,0.0048233827080743545
H_A_K,True,3,13,12,3,hgb,"{'max_leaf_nodes': 3, 'learning_rate': 0.05}",0.6514152746639368,0.0026105309841291573
H_D_A_K,True,4,17,16,7,hgb,"{'max_leaf_nodes': 7, 'learning_rate': 0.05}",0.6359544281197592,0.006384334257547694
H_B_A_K,True,4,14,13,4,hgb,"{'max_leaf_nodes': 3, 'learning_rate': 0.05}",0.6470298241001402,0.0034506106083144403
H_D_B_A_K,True,5,18,17,8,hgb,"{'max_leaf_nodes': 7, 'learning_rate': 0.05}",0.6359409971784027,0.005150886573643232
H_M_A_K,True,4,14,13,4,hgb,"{'max_leaf_nodes': 3, 'learning_rate': 0.05}",0.6503056636477578,0.002710579159454453
H_D_M_A_K,True,5,18,17,8,hgb,"{'max_leaf_nodes': 7, 'learning_rate': 0.05}",0.6329011761486733,0.006560386293507615
H_B_M_A_K,True,5,15,14,5,hgb,"{'max_leaf_nodes': 3, 'learning_rate': 0.05}",0.6459441878280793,0.0032761333476014364
H_D_B_M_A_K,True,6,19,18,9,hgb,"{'max_leaf_nodes': 7, 'learning_rate': 0.05}",0.631432008052218,0.004704092320521701
H_P_A_K,True,4,24,23,4,hgb,"{'max_leaf_nodes': 3, 'learning_rate': 0.05}",0.6446458606686293,0.0026297072504417353
H_D_P_A_K,True,5,28,27,8,hgb,"{'max_leaf_nodes': 7, 'learning_rate': 0.05}",0.6275555889012663,0.005329628356582206
H_B_P_A_K,True,5,25,24,5,hgb,"{'max_leaf_nodes': 3, 'learning_rate': 0.05}",0.6418539796891607,0.0033365389582008403
H_D_B_P_A_K,True,6,29,28,9,hgb,"{'max_leaf_nodes': 7, 'learning_rate': 0.05}",0.6276160099700226,0.004211949096645183
H_M_P_A_K,True,5,25,24,5,hgb,"{'max_leaf_nodes': 7, 'learning_rate': 0.05}",0.6436314824768528,0.004374202375755394
H_D_M_P_A_K,True,6,29,28,9,hgb,"{'max_leaf_nodes': 7, 'learning_rate': 0.05}",0.6240137163748294,0.005138098723955418
H_B_M_P_A_K,True,6,26,25,6,hgb,"{'max_leaf_nodes': 3, 'learning_rate': 0.05}",0.6412421445445927,0.003334451351704531
H_D_B_M_P_A_K,True,7,30,29,10,hgb,"{'max_leaf_nodes': 7, 'learning_rate': 0.05}",0.6259971587384502,0.004333489557485908
H_C_A_K,True,4,14,13,4,hgb,"{'max_leaf_nodes': 7, 'learning_rate': 0.05}",0.6516389360287916,0.004672525519798161
H_D_C_A_K,True,5,18,17,8,hgb,"{'max_leaf_nodes': 7, 'learning_rate': 0.05}",0.6316339199293881,0.005579420574067251
H_B_C_A_K,True,5,15,14,5,hgb,"{'max_leaf_nodes': 3, 'learning_rate': 0.05}",0.6474810434365076,0.003885685627418434
H_D_B_C_A_K,True,6,19,18,9,hgb,"{'max_leaf_nodes': 7, 'learning_rate': 0.05}",0.6322112035138269,0.004181750772105322
H_M_C_A_K,True,5,15,14,5,hgb,"{'max_leaf_nodes': 7, 'learning_rate': 0.05}",0.6494036879595376,0.0035432280775848112
H_D_M_C_A_K,True,6,19,18,9,hgb,"{'max_leaf_nodes': 7, 'learning_rate': 0.05}",0.6281870225128504,0.005519832133530984
H_B_M_C_A_K,True,6,16,15,6,hgb,"{'max_leaf_nodes': 3, 'learning_rate': 0.05}",0.6462959181251217,0.0034979215900235263
H_D_B_M_C_A_K,True,7,20,19,10,hgb,"{'max_leaf_nodes': 7, 'learning_rate': 0.05}",0.6287625157468868,0.0030049360979111117
H_P_C_A_K,True,5,25,24,5,hgb,"{'max_leaf_nodes': 3, 'learning_rate': 0.05}",0.6447547528461542,0.0026752123421798293
H_D_P_C_A_K,True,6,29,28,9,hgb,"{'max_leaf_nodes': 7, 'learning_rate': 0.05}",0.6246830211495736,0.004578386865536356
H_B_P_C_A_K,True,6,26,25,6,hgb,"{'max_leaf_nodes': 3, 'learning_rate': 0.05}",0.6419792899026956,0.0033513678827727838
H_D_B_P_C_A_K,True,7,30,29,10,hgb,"{'max_leaf_nodes': 7, 'learning_rate': 0.05}",0.6247995961139475,0.004641527070576423
H_M_P_C_A_K,True,6,26,25,6,hgb,"{'max_leaf_nodes': 7, 'learning_rate': 0.05}",0.6403301621005298,0.004563390495117545
H_D_M_P_C_A_K,True,7,30,29,10,hgb,"{'max_leaf_nodes': 7, 'learning_rate': 0.05}",0.620817620210149,0.004612385252909294
H_B_M_P_C_A_K,True,7,27,26,7,hgb,"{'max_leaf_nodes': 7, 'learning_rate': 0.05}",0.640396046822754,0.0057115825677007135
H_D_B_M_P_C_A_K,True,8,31,30,11,hgb,"{'max_leaf_nodes': 7, 'learning_rate': 0.05}",0.6241384882930145,0.004619607554357122
NONE,False,0,0,0,0,hgb,"{'max_leaf_nodes': 3, 'learning_rate': 0.05}",0.6853643289188563,0.0
D,False,1,4,4,4,hgb,"{'max_leaf_nodes': 7, 'learning_rate': 0.05}",0.6641680792622449,0.007159075795686468
B,False,1,1,1,1,hgb,"{'max_leaf_nodes': 3, 'learning_rate': 0.05}",0.6760966845523163,0.0035299959607843997
D_B,False,2,5,5,5,hgb,"{'max_leaf_nodes': 7, 'learning_rate': 0.05}",0.6596841683893251,0.0048693282938120286
M,False,1,1,1,1,hgb,"{'max_leaf_nodes': 3, 'learning_rate': 0.05}",0.6852367026596052,0.001036980921282341
D_M,False,2,5,5,5,hgb,"{'max_leaf_nodes': 7, 'learning_rate': 0.05}",0.662034606719102,0.006841789005207033
B_M,False,2,2,2,2,hgb,"{'max_leaf_nodes': 3, 'learning_rate': 0.05}",0.6755678697099577,0.004181910458950061
D_B_M,False,3,6,6,6,hgb,"{'max_leaf_nodes': 7, 'learning_rate': 0.05}",0.6570188823277873,0.004418601354271604
P,False,1,11,11,1,hgb,"{'max_leaf_nodes': 3, 'learning_rate': 0.05}",0.6783897315032572,0.0030597637897238476
D_P,False,2,15,15,5,hgb,"{'max_leaf_nodes': 7, 'learning_rate': 0.05}",0.6465103724542357,0.0065385599610198915
B_P,False,2,12,12,2,hgb,"{'max_leaf_nodes': 3, 'learning_rate': 0.05}",0.6666607127561689,0.0065845773327541145
D_B_P,False,3,16,16,6,hgb,"{'max_leaf_nodes': 7, 'learning_rate': 0.05}",0.646093388300232,0.004047398084253791
M_P,False,2,12,12,2,hgb,"{'max_leaf_nodes': 3, 'learning_rate': 0.05}",0.671703667244006,0.0020020037306257925
D_M_P,False,3,16,16,6,hgb,"{'max_leaf_nodes': 7, 'learning_rate': 0.05}",0.6459162942811633,0.007200152486794756
B_M_P,False,3,13,13,3,hgb,"{'max_leaf_nodes': 7, 'learning_rate': 0.05}",0.6629283445293411,0.009362843467565284
D_B_M_P,False,4,17,17,7,hgb,"{'max_leaf_nodes': 7, 'learning_rate': 0.05}",0.643490126055774,0.0044678562288292265
C,False,1,1,1,1,hgb,"{'max_leaf_nodes': 3, 'learning_rate': 0.05}",0.6852618881748,0.0008803466958859497
D_C,False,2,5,5,5,hgb,"{'max_leaf_nodes': 7, 'learning_rate': 0.05}",0.6579254494910797,0.0060190702701201455
B_C,False,2,2,2,2,hgb,"{'max_leaf_nodes': 3, 'learning_rate': 0.05}",0.6783158980594552,0.004268123337944883
D_B_C,False,3,6,6,6,hgb,"{'max_leaf_nodes': 7, 'learning_rate': 0.05}",0.6529262330125998,0.003101999413243048
M_C,False,2,2,2,2,hgb,"{'max_leaf_nodes': 3, 'learning_rate': 0.05}",0.6836213261224969,0.0014209495706661932
D_M_C,False,3,6,6,6,hgb,"{'max_leaf_nodes': 7, 'learning_rate': 0.05}",0.6561856857413993,0.006099941491539449
B_M_C,False,3,3,3,3,hgb,"{'max_leaf_nodes': 3, 'learning_rate': 0.05}",0.6760827048950138,0.003950204124566381
D_B_M_C,False,4,7,7,7,hgb,"{'max_leaf_nodes': 7, 'learning_rate': 0.05}",0.6533541346403067,0.002939406719674911
P_C,False,2,12,12,2,hgb,"{'max_leaf_nodes': 3, 'learning_rate': 0.05}",0.6781009480969228,0.003157173692156472
D_P_C,False,3,16,16,6,hgb,"{'max_leaf_nodes': 7, 'learning_rate': 0.05}",0.6441902261965382,0.004816525530562348
B_P_C,False,3,13,13,3,hgb,"{'max_leaf_nodes': 3, 'learning_rate': 0.05}",0.6674632106789147,0.006664845965533483
D_B_P_C,False,4,17,17,7,hgb,"{'max_leaf_nodes': 7, 'learning_rate': 0.05}",0.6437370171830192,0.004526061501805873
M_P_C,False,3,13,13,3,hgb,"{'max_leaf_nodes': 3, 'learning_rate': 0.05}",0.672607874389161,0.0021784397320437445
D_M_P_C,False,4,17,17,7,hgb,"{'max_leaf_nodes': 7, 'learning_rate': 0.05}",0.6420461508136724,0.004765736717871039
B_M_P_C,False,4,14,14,4,hgb,"{'max_leaf_nodes': 7, 'learning_rate': 0.05}",0.6638578452468938,0.00924162539537792
D_B_M_P_C,False,5,18,18,8,hgb,"{'max_leaf_nodes': 7, 'learning_rate': 0.05}",0.6437922295598411,0.004725079303521274
A,False,1,1,1,1,hgb,"{'max_leaf_nodes': 3, 'learning_rate': 0.05}",0.6808852505971232,0.002372350332719754
D_A,False,2,5,5,5,hgb,"{'max_leaf_nodes': 7, 'learning_rate': 0.05}",0.6623660749718976,0.005653999597191115
B_A,False,2,2,2,2,hgb,"{'max_leaf_nodes': 7, 'learning_rate': 0.05}",0.6710019459030957,0.004794102817375179
D_B_A,False,3,6,6,6,hgb,"{'max_leaf_nodes': 7, 'learning_rate': 0.05}",0.6562386633216322,0.003001663868359667
M_A,False,2,2,2,2,hgb,"{'max_leaf_nodes': 7, 'learning_rate': 0.05}",0.6772961869538674,0.0013849532302688285
D_M_A,False,3,6,6,6,hgb,"{'max_leaf_nodes': 7, 'learning_rate': 0.05}",0.6569000724797832,0.005151856372409341
B_M_A,False,3,3,3,3,hgb,"{'max_leaf_nodes': 3, 'learning_rate': 0.05}",0.6681826337714976,0.004509258178927193
D_B_M_A,False,4,7,7,7,hgb,"{'max_leaf_nodes': 7, 'learning_rate': 0.05}",0.6525111170703061,0.0036319068886076274
P_A,False,2,12,12,2,hgb,"{'max_leaf_nodes': 3, 'learning_rate': 0.05}",0.6742481395854778,0.0029102856411150264
D_P_A,False,3,16,16,6,hgb,"{'max_leaf_nodes': 7, 'learning_rate': 0.05}",0.6456049361312032,0.005641686195888384
B_P_A,False,3,13,13,3,hgb,"{'max_leaf_nodes': 3, 'learning_rate': 0.05}",0.6629140431174951,0.005754434399510667
D_B_P_A,False,4,17,17,7,hgb,"{'max_leaf_nodes': 7, 'learning_rate': 0.05}",0.6414865441001536,0.0019469730627005748
M_P_A,False,3,13,13,3,hgb,"{'max_leaf_nodes': 3, 'learning_rate': 0.05}",0.6672475993585311,0.001488843556506206
D_M_P_A,False,4,17,17,7,hgb,"{'max_leaf_nodes': 7, 'learning_rate': 0.05}",0.640925623536283,0.0056564001155253426
B_M_P_A,False,4,14,14,4,hgb,"{'max_leaf_nodes': 7, 'learning_rate': 0.05}",0.6585996226358602,0.008528619198852574
D_B_M_P_A,False,5,18,18,8,hgb,"{'max_leaf_nodes': 7, 'learning_rate': 0.05}",0.6388773002068678,0.00332766971546377
C_A,False,2,2,2,2,hgb,"{'max_leaf_nodes': 3, 'learning_rate': 0.05}",0.6806040664278005,0.0032970142404910273
D_C_A,False,3,6,6,6,hgb,"{'max_leaf_nodes': 7, 'learning_rate': 0.05}",0.6558876258753392,0.005443710565453157
B_C_A,False,3,3,3,3,hgb,"{'max_leaf_nodes': 3, 'learning_rate': 0.05}",0.6720362640243076,0.005292732099317989
D_B_C_A,False,4,7,7,7,hgb,"{'max_leaf_nodes': 7, 'learning_rate': 0.05}",0.6510721146678344,0.002097117796950441
M_C_A,False,3,3,3,3,hgb,"{'max_leaf_nodes': 3, 'learning_rate': 0.05}",0.6767846011196252,0.0024456600102920026
D_M_C_A,False,4,7,7,7,hgb,"{'max_leaf_nodes': 7, 'learning_rate': 0.05}",0.650369538146649,0.005212258809438941
B_M_C_A,False,4,4,4,4,hgb,"{'max_leaf_nodes': 3, 'learning_rate': 0.05}",0.6688763161043015,0.004666044119997584
D_B_M_C_A,False,5,8,8,8,hgb,"{'max_leaf_nodes': 7, 'learning_rate': 0.05}",0.6485929332417237,0.0016904435722521279
P_C_A,False,3,13,13,3,hgb,"{'max_leaf_nodes': 3, 'learning_rate': 0.05}",0.6744181263671215,0.003090495961583647
D_P_C_A,False,4,17,17,7,hgb,"{'max_leaf_nodes': 7, 'learning_rate': 0.05}",0.6433859098903928,0.00412608758548713
B_P_C_A,False,4,14,14,4,hgb,"{'max_leaf_nodes': 3, 'learning_rate': 0.05}",0.66398572162648,0.006141193834213988
D_B_P_C_A,False,5,18,18,8,hgb,"{'max_leaf_nodes': 7, 'learning_rate': 0.05}",0.6411137925061332,0.002458550926212
M_P_C_A,False,4,14,14,4,hgb,"{'max_leaf_nodes': 3, 'learning_rate': 0.05}",0.6688804972166953,0.002092928695416758
D_M_P_C_A,False,5,18,18,8,hgb,"{'max_leaf_nodes': 7, 'learning_rate': 0.05}",0.6379512231708448,0.003915096035708597
B_M_P_C_A,False,5,15,15,5,hgb,"{'max_leaf_nodes': 7, 'learning_rate': 0.05}",0.6603418018426453,0.009170707095732627
D_B_M_P_C_A,False,6,19,19,9,hgb,"{'max_leaf_nodes': 7, 'learning_rate': 0.05}",0.6383627512480679,0.0033605176356750386
K,False,1,11,11,1,hgb,"{'max_leaf_nodes': 3, 'learning_rate': 0.05}",0.6727218216307507,0.0031148023298992423
D_K,False,2,15,15,5,hgb,"{'max_leaf_nodes': 7, 'learning_rate': 0.05}",0.6540098819509813,0.007009767389238162
B_K,False,2,12,12,2,hgb,"{'max_leaf_nodes': 3, 'learning_rate': 0.05}",0.6651121317352485,0.001835738069656301
D_B_K,False,3,16,16,6,hgb,"{'max_leaf_nodes': 7, 'learning_rate': 0.05}",0.6524765366393972,0.0036209260552402
M_K,False,2,12,12,2,hgb,"{'max_leaf_nodes': 3, 'learning_rate': 0.05}",0.6737182905304431,0.0033815261262411904
D_M_K,False,3,16,16,6,hgb,"{'max_leaf_nodes': 7, 'learning_rate': 0.05}",0.6527632824703552,0.0069781054489285515
B_M_K,False,3,13,13,3,hgb,"{'max_leaf_nodes': 3, 'learning_rate': 0.05}",0.6655336458357443,0.0020240527600383132
D_B_M_K,False,4,17,17,7,hgb,"{'max_leaf_nodes': 7, 'learning_rate': 0.05}",0.6521749448220446,0.003225837856737235
P_K,False,2,22,22,2,hgb,"{'max_leaf_nodes': 3, 'learning_rate': 0.05}",0.6636280943279107,0.0028399206611696153
D_P_K,False,3,26,26,6,hgb,"{'max_leaf_nodes': 7, 'learning_rate': 0.05}",0.6396158791923879,0.005578612753274611
B_P_K,False,3,23,23,3,hgb,"{'max_leaf_nodes': 3, 'learning_rate': 0.05}",0.6571878700671222,0.003078784459064632
D_B_P_K,False,4,27,27,7,hgb,"{'max_leaf_nodes': 7, 'learning_rate': 0.05}",0.6381764214529781,0.00529367422647338
M_P_K,False,3,23,23,3,hgb,"{'max_leaf_nodes': 3, 'learning_rate': 0.05}",0.6635609346628022,0.002989316040677152
D_M_P_K,False,4,27,27,7,hgb,"{'max_leaf_nodes': 7, 'learning_rate': 0.05}",0.6384235896513966,0.005809713992536029
B_M_P_K,False,4,24,24,4,hgb,"{'max_leaf_nodes': 3, 'learning_rate': 0.05}",0.6569770422723052,0.003023132503265316
D_B_M_P_K,False,5,28,28,8,hgb,"{'max_leaf_nodes': 7, 'learning_rate': 0.05}",0.6371890870204687,0.0051227676290163835
C_K,False,2,12,12,2,hgb,"{'max_leaf_nodes': 3, 'learning_rate': 0.05}",0.6733090557258896,0.003058752163981528
D_C_K,False,3,16,16,6,hgb,"{'max_leaf_nodes': 7, 'learning_rate': 0.05}",0.65202255362238,0.0058842508085355395
B_C_K,False,3,13,13,3,hgb,"{'max_leaf_nodes': 3, 'learning_rate': 0.05}",0.6657371974381698,0.0016854232871974138
D_B_C_K,False,4,17,17,7,hgb,"{'max_leaf_nodes': 7, 'learning_rate': 0.05}",0.6506168103339054,0.0017563969840394887
M_C_K,False,3,13,13,3,hgb,"{'max_leaf_nodes': 3, 'learning_rate': 0.05}",0.6743142673240284,0.0032833341027827334
D_M_C_K,False,4,17,17,7,hgb,"{'max_leaf_nodes': 7, 'learning_rate': 0.05}",0.6505974612285366,0.006066088822774497
B_M_C_K,False,4,14,14,4,hgb,"{'max_leaf_nodes': 3, 'learning_rate': 0.05}",0.666096352632087,0.0019513465036676266
D_B_M_C_K,False,5,18,18,8,hgb,"{'max_leaf_nodes': 7, 'learning_rate': 0.05}",0.6507182642106256,0.0023361901664479003
P_C_K,False,3,23,23,3,hgb,"{'max_leaf_nodes': 3, 'learning_rate': 0.05}",0.6641574645590496,0.0027491633670543194
D_P_C_K,False,4,27,27,7,hgb,"{'max_leaf_nodes': 7, 'learning_rate': 0.05}",0.6370776595795395,0.004561522725910191
B_P_C_K,False,4,24,24,4,hgb,"{'max_leaf_nodes': 3, 'learning_rate': 0.05}",0.6578219010742697,0.002966938995893042
D_B_P_C_K,False,5,28,28,8,hgb,"{'max_leaf_nodes': 7, 'learning_rate': 0.05}",0.6359320996280466,0.0040467862077567356
M_P_C_K,False,4,24,24,4,hgb,"{'max_leaf_nodes': 3, 'learning_rate': 0.05}",0.6640515266159325,0.002807492287221124
D_M_P_C_K,False,5,28,28,8,hgb,"{'max_leaf_nodes': 7, 'learning_rate': 0.05}",0.6355806648810444,0.005268819387614979
B_M_P_C_K,False,5,25,25,5,hgb,"{'max_leaf_nodes': 3, 'learning_rate': 0.05}",0.6574421722928857,0.002980927254153866
D_B_M_P_C_K,False,6,29,29,9,hgb,"{'max_leaf_nodes': 7, 'learning_rate': 0.05}",0.6349730664853964,0.0047501275016136124
A_K,False,2,12,12,2,hgb,"{'max_leaf_nodes': 3, 'learning_rate': 0.05}",0.6676616362156436,0.0024878661894016945
D_A_K,False,3,16,16,6,hgb,"{'max_leaf_nodes': 7, 'learning_rate': 0.05}",0.6520577069665916,0.0054711806845596945
B_A_K,False,3,13,13,3,hgb,"{'max_leaf_nodes': 3, 'learning_rate': 0.05}",0.6600298718797587,0.002467048622563907
D_B_A_K,False,4,17,17,7,hgb,"{'max_leaf_nodes': 7, 'learning_rate': 0.05}",0.6496914925417515,0.0021150447793747136
M_A_K,False,3,13,13,3,hgb,"{'max_leaf_nodes': 3, 'learning_rate': 0.05}",0.6677709315413494,0.0026376626834062698
D_M_A_K,False,4,17,17,7,hgb,"{'max_leaf_nodes': 7, 'learning_rate': 0.05}",0.6479361571413184,0.005760418705646166
B_M_A_K,False,4,14,14,4,hgb,"{'max_leaf_nodes': 3, 'learning_rate': 0.05}",0.6604966110434094,0.002589570565553793
D_B_M_A_K,False,5,18,18,8,hgb,"{'max_leaf_nodes': 7, 'learning_rate': 0.05}",0.6469673531200899,0.0027098975433773034
P_A_K,False,3,23,23,3,hgb,"{'max_leaf_nodes': 3, 'learning_rate': 0.05}",0.6601888050012099,0.002045023394652368
D_P_A_K,False,4,27,27,7,hgb,"{'max_leaf_nodes': 7, 'learning_rate': 0.05}",0.6381238607240276,0.004405500354168014
B_P_A_K,False,4,24,24,4,hgb,"{'max_leaf_nodes': 3, 'learning_rate': 0.05}",0.6547088081253956,0.002289879386620057
D_B_P_A_K,False,5,28,28,8,hgb,"{'max_leaf_nodes': 7, 'learning_rate': 0.05}",0.6377652927085573,0.0037558481374631394
M_P_A_K,False,4,24,24,4,hgb,"{'max_leaf_nodes': 3, 'learning_rate': 0.05}",0.6588393761698403,0.0019256609174021627
D_M_P_A_K,False,5,28,28,8,hgb,"{'max_leaf_nodes': 7, 'learning_rate': 0.05}",0.6344975802563864,0.0047978769200457275
B_M_P_A_K,False,5,25,25,5,hgb,"{'max_leaf_nodes': 7, 'learning_rate': 0.05}",0.6527486511061158,0.005260139624135732
D_B_M_P_A_K,False,6,29,29,9,hgb,"{'max_leaf_nodes': 7, 'learning_rate': 0.05}",0.6354339109371958,0.003510736568332441
C_A_K,False,3,13,13,3,hgb,"{'max_leaf_nodes': 3, 'learning_rate': 0.05}",0.6681951216630972,0.0024214927119988482
D_C_A_K,False,4,17,17,7,hgb,"{'max_leaf_nodes': 7, 'learning_rate': 0.05}",0.6476239436495127,0.005069180697806916
B_C_A_K,False,4,14,14,4,hgb,"{'max_leaf_nodes': 3, 'learning_rate': 0.05}",0.6607331593915815,0.002564174025360337
D_B_C_A_K,False,5,18,18,8,hgb,"{'max_leaf_nodes': 7, 'learning_rate': 0.05}",0.6461760924564014,0.0013068354314070957
M_C_A_K,False,4,14,14,4,hgb,"{'max_leaf_nodes': 3, 'learning_rate': 0.05}",0.6682244627606048,0.002531777777400434
D_M_C_A_K,False,5,18,18,8,hgb,"{'max_leaf_nodes': 7, 'learning_rate': 0.05}",0.6453412278359647,0.004449727930685916
B_M_C_A_K,False,5,15,15,5,hgb,"{'max_leaf_nodes': 3, 'learning_rate': 0.05}",0.6610694927540269,0.002621720499365241
D_B_M_C_A_K,False,6,19,19,9,hgb,"{'max_leaf_nodes': 7, 'learning_rate': 0.05}",0.6448913231466763,0.0009971724803676135
P_C_A_K,False,4,24,24,4,hgb,"{'max_leaf_nodes': 3, 'learning_rate': 0.05}",0.6606831093358085,0.0019715596860818037
D_P_C_A_K,False,5,28,28,8,hgb,"{'max_leaf_nodes': 7, 'learning_rate': 0.05}",0.6351283038573683,0.004104371945197738
B_P_C_A_K,False,5,25,25,5,hgb,"{'max_leaf_nodes': 3, 'learning_rate': 0.05}",0.655070932781892,0.0021594446288818146
D_B_P_C_A_K,False,6,29,29,9,hgb,"{'max_leaf_nodes': 7, 'learning_rate': 0.05}",0.635951011491861,0.0027921737521010796
M_P_C_A_K,False,5,25,25,5,hgb,"{'max_leaf_nodes': 3, 'learning_rate': 0.05}",0.6592907747915923,0.0018174686576661935
D_M_P_C_A_K,False,6,29,29,9,hgb,"{'max_leaf_nodes': 7, 'learning_rate': 0.05}",0.6317969039258379,0.0043833481682089654
B_M_P_C_A_K,False,6,26,26,6,hgb,"{'max_leaf_nodes': 7, 'learning_rate': 0.05}",0.6539114224181793,0.004738838874423887
D_B_M_P_C_A_K,False,7,30,30,10,hgb,"{'max_leaf_nodes': 7, 'learning_rate': 0.05}",0.6343421651540304,0.0021625330667367666
