legacy_model,subset,C,encoded_features,delta_log_loss_vs_P0,n,events,event_rate,log_loss,brier,roc_auc,average_precision,calibration_intercept,calibration_slope
P0_H,H,0.001,1,0.013601145587618997,1520,853,0.5611842105263158,0.6742257641973306,0.2406245026026518,0.6069046367789143,0.6211904240601227,-0.7815765125700658,3.905961407379758
P0_H,H,0.01,1,0.0015293492461875109,1520,853,0.5611842105263158,0.662153967855899,0.2346792342821756,0.6069046367789143,0.6211904240601227,-0.14992825605743937,1.364445802801071
P0_H,H,0.1,1,8.318617665973355e-05,1520,853,0.5611842105263158,0.6607078047863713,0.23396856041526595,0.6069046367789143,0.6211904240601227,-0.0865965829697847,1.1065247762376234
P0_H,H,1.0,1,6.609654446294124e-06,1520,853,0.5611842105263158,0.6606312282641579,0.233929932255065,0.6069046367789143,0.6211904240601227,-0.08024405525029589,1.0805556926176287
P0_H,H,10.0,1,1.0334712007217805e-07,1520,853,0.5611842105263158,0.6606247219568316,0.233926612810173,0.6069046367789143,0.6211904240601227,-0.0796083441473405,1.0779558658310366
M1,H_D,0.001,32,0.011186781205592895,1520,853,0.5611842105263158,0.6718113998153045,0.23943731633059065,0.6321449474559321,0.6510032098417153,-0.7441661401527092,3.766436764327233
M1,H_D,0.01,32,-0.003349837665466102,1520,853,0.5611842105263158,0.6572747809442455,0.23232852007189683,0.6306281208750841,0.6458677463840004,-0.10215506406650311,1.182659076442705
M1,H_D,0.1,32,0.0076476450721115015,1520,853,0.5611842105263158,0.6682722636818231,0.2366851331636086,0.6132241616589127,0.6237818382147262,0.020746592962940087,0.6857242286199371
M1,H_D,1.0,32,0.03571094258872547,1520,853,0.5611842105263158,0.696335561198437,0.2443954024786482,0.6011317319066141,0.6079220115969909,0.09915729478709413,0.4110314273390901
M1,H_D,10.0,32,0.05297067768434801,1520,853,0.5611842105263158,0.7135952962940597,0.24659074340039644,0.5995322971574002,0.6069194001308941,0.13134272542627487,0.3070091946991878
M2,H_D_B,0.001,33,0.008221681341256849,1520,853,0.5611842105263158,0.6688462999509683,0.23796770986223773,0.6365732725665303,0.6512862613021637,-0.6433882443844564,3.3539464075452172
M2,H_D_B,0.01,33,-0.007128419559649967,1520,853,0.5611842105263158,0.6534961990500616,0.23049948554355493,0.637583904413561,0.6504162345921229,-0.09780695198068631,1.1501374371164623
M2,H_D_B,0.1,33,0.003217711845391319,1520,853,0.5611842105263158,0.6638423304551029,0.23455851071810388,0.6229165604770885,0.6319208235618974,0.009426692967404239,0.7130075979447182
M2,H_D_B,1.0,33,0.030009298708004326,1520,853,0.5611842105263158,0.6906339173177158,0.24193363364065953,0.6112020191545493,0.6165756781182509,0.08404034811146811,0.4525525413436202
M2,H_D_B,10.0,33,0.04719811036861018,1520,853,0.5611842105263158,0.7078227289783218,0.24422457135979822,0.6086974097945166,0.6147531486974043,0.11702774573403671,0.345365165001297
M3,H_D_B_M,0.001,34,0.007086636032721783,1520,853,0.5611842105263158,0.6677112546424333,0.23741389912077415,0.6459791792263305,0.6608171165236985,-0.6798864377862163,3.481164742460969
M3,H_D_B_M,0.01,34,-0.007623925007398816,1520,853,0.5611842105263158,0.6530006936023127,0.2302677629447813,0.6389363934679788,0.6537128738280797,-0.10113215195238089,1.160106801135187
M3,H_D_B_M,0.1,34,0.0053698527100829885,1520,853,0.5611842105263158,0.6659944713197946,0.2355429550626378,0.6185655706730456,0.6285702154315538,0.017231618760670007,0.6906135872571778
M3,H_D_B_M,1.0,34,0.03484689406634894,1520,853,0.5611842105263158,0.6954715126760604,0.24404097507403974,0.603372698176117,0.6086676647364443,0.0948874947168383,0.42039240909014897
M3,H_D_B_M,10.0,34,0.05204683452585742,1520,853,0.5611842105263158,0.712671453135569,0.24636886640729505,0.6013830716529192,0.6075693763046538,0.12613094725053403,0.3194950504046204
M4,H_D_B_M_P_C,0.001,39,0.007484999418419414,1520,853,0.5611842105263158,0.668109618028131,0.237608798594667,0.6435809059128115,0.6577025211344012,-0.6656619598138691,3.444205076999591
M4,H_D_B_M_P_C,0.01,39,-0.00617698035730831,1520,853,0.5611842105263158,0.6544476382524033,0.2309961999855695,0.6358596786014965,0.6515112790895042,-0.08553010373862724,1.1319688608483314
M4,H_D_B_M_P_C,0.1,39,0.007492121596539248,1520,853,0.5611842105263158,0.6681167402062508,0.23656510255251706,0.6161514787740948,0.6280270065308406,0.032326239837097544,0.6660925420253353
M4,H_D_B_M_P_C,1.0,39,0.03627347107058593,1520,853,0.5611842105263158,0.6968980896802975,0.24473299611806007,0.6022926403152469,0.6088307909500759,0.10352860839483827,0.40948493726186647
M4,H_D_B_M_P_C,10.0,39,0.05390907010436093,1520,853,0.5611842105263158,0.7145336887140725,0.24719938751187645,0.5997669395079717,0.6070440277551349,0.1336861761902255,0.3084583245040848
M5,H_D_B_M_P_C_A,0.001,40,0.009081526539251298,1520,853,0.5611842105263158,0.6697061451489629,0.2383384275999194,0.6173958741613953,0.6119264009517926,-0.4529286049921138,2.401487718030674
M5,H_D_B_M_P_C_A,0.01,40,0.002929640214475254,1520,853,0.5611842105263158,0.663554258824187,0.2345154745691402,0.6172253849628526,0.6150829347457673,-0.0626971734342823,0.8636751791684197
M5,H_D_B_M_P_C_A,0.1,40,0.02165637562622074,1520,853,0.5611842105263158,0.6822809942359324,0.24083697204683252,0.6053122325121144,0.6034296386697692,0.032653714801495606,0.5326321952057007
M5,H_D_B_M_P_C_A,1.0,40,0.05388888057743948,1520,853,0.5611842105263158,0.7145134991871509,0.24872877292434106,0.5947647512703202,0.5921152963163497,0.10257128561568427,0.329497159946565
M5,H_D_B_M_P_C_A,10.0,40,0.07220462369395417,1520,853,0.5611842105263158,0.7328292423036658,0.2509302927239158,0.5928208228828141,0.591487218297375,0.13221533188131393,0.25056153062212727
M6,H_D_B_M_P_C_A_K,0.001,41,0.00082372353388563,1520,853,0.5611842105263158,0.6614483421435972,0.23437332624597415,0.653113361256066,0.6782027316463008,-0.4982887227615012,2.7011004418014615
M6,H_D_B_M_P_C_A_K,0.01,41,-0.010276752288459633,1520,853,0.5611842105263158,0.650347866321252,0.22896701219367144,0.6465011925455796,0.6729333583803992,-0.05861045290339546,0.9609224175945499
M6,H_D_B_M_P_C_A_K,0.1,41,0.007889192974011467,1520,853,0.5611842105263158,0.668513811583723,0.23557736285548592,0.6311413460913153,0.644076451761448,0.030369846254856243,0.6149458370839992
M6,H_D_B_M_P_C_A_K,1.0,41,0.03898721770809534,1520,853,0.5611842105263158,0.6996118363178069,0.24340839899295227,0.6183564138212253,0.6239454984111603,0.09025039275754397,0.4078683167985372
M6,H_D_B_M_P_C_A_K,10.0,41,0.057429561109771037,1520,853,0.5611842105263158,0.7180541797194825,0.24567830426904813,0.6157234981571348,0.6214167602893657,0.1177838970510334,0.32130333866788835
