policy_id,algorithm,availability,budget,history_available,selected_subset,source_model,chosen_model,chosen_subset,chosen_config,uses_history,selected_additional_items,selected_items,development_oof_log_loss,selected_config_json,blocks_json
ridge|history_available|budget=00,ridge,history_available,0,True,P0,P0,P0,P0,null,True,0,0,0.6620828063230408,null,"[""H""]"
ridge|history_available|budget=01,ridge,history_available,1,True,H_B,ridge::H_B,ridge::H_B,H_B,1.0,True,1,1,0.6578158495921907,1.0,"[""H"", ""B""]"
ridge|history_available|budget=02,ridge,history_available,2,True,H_B_A,ridge::H_B_A,ridge::H_B_A,H_B_A,0.1,True,2,2,0.6557119973590803,0.1,"[""H"", ""B"", ""A""]"
ridge|history_available|budget=03,ridge,history_available,3,True,H_B_A,ridge::H_B_A,ridge::H_B_A,H_B_A,0.1,True,2,2,0.6557119973590803,0.1,"[""H"", ""B"", ""A""]"
ridge|history_available|budget=04,ridge,history_available,4,True,H_D,ridge::H_D,ridge::H_D,H_D,1.0,True,4,4,0.6396754472363618,1.0,"[""H"", ""D""]"
ridge|history_available|budget=05,ridge,history_available,5,True,H_D_B,ridge::H_D_B,ridge::H_D_B,H_D_B,1.0,True,5,5,0.6379948075675399,1.0,"[""H"", ""D"", ""B""]"
ridge|history_available|budget=06,ridge,history_available,6,True,H_D_B_A,ridge::H_D_B_A,ridge::H_D_B_A,H_D_B_A,1.0,True,6,6,0.6362755316368176,1.0,"[""H"", ""D"", ""B"", ""A""]"
ridge|history_available|budget=07,ridge,history_available,7,True,H_D_B_M_A,ridge::H_D_B_M_A,ridge::H_D_B_M_A,H_D_B_M_A,1.0,True,7,7,0.6362310759849575,1.0,"[""H"", ""D"", ""B"", ""M"", ""A""]"
ridge|history_available|budget=08,ridge,history_available,8,True,H_D_B_M_A,ridge::H_D_B_M_A,ridge::H_D_B_M_A,H_D_B_M_A,1.0,True,7,7,0.6362310759849575,1.0,"[""H"", ""D"", ""B"", ""M"", ""A""]"
ridge|history_available|budget=09,ridge,history_available,9,True,H_D_B_M_A,ridge::H_D_B_M_A,ridge::H_D_B_M_A,H_D_B_M_A,1.0,True,7,7,0.6362310759849575,1.0,"[""H"", ""D"", ""B"", ""M"", ""A""]"
ridge|history_available|budget=10,ridge,history_available,10,True,H_D_B_M_A,ridge::H_D_B_M_A,ridge::H_D_B_M_A,H_D_B_M_A,1.0,True,7,7,0.6362310759849575,1.0,"[""H"", ""D"", ""B"", ""M"", ""A""]"
ridge|history_available|budget=11,ridge,history_available,11,True,H_D_B_M_A,ridge::H_D_B_M_A,ridge::H_D_B_M_A,H_D_B_M_A,1.0,True,7,7,0.6362310759849575,1.0,"[""H"", ""D"", ""B"", ""M"", ""A""]"
ridge|history_available|budget=12,ridge,history_available,12,True,H_D_B_M_A,ridge::H_D_B_M_A,ridge::H_D_B_M_A,H_D_B_M_A,1.0,True,7,7,0.6362310759849575,1.0,"[""H"", ""D"", ""B"", ""M"", ""A""]"
ridge|history_available|budget=13,ridge,history_available,13,True,H_D_B_M_A,ridge::H_D_B_M_A,ridge::H_D_B_M_A,H_D_B_M_A,1.0,True,7,7,0.6362310759849575,1.0,"[""H"", ""D"", ""B"", ""M"", ""A""]"
ridge|history_available|budget=14,ridge,history_available,14,True,H_D_B_M_A,ridge::H_D_B_M_A,ridge::H_D_B_M_A,H_D_B_M_A,1.0,True,7,7,0.6362310759849575,1.0,"[""H"", ""D"", ""B"", ""M"", ""A""]"
ridge|history_available|budget=15,ridge,history_available,15,True,H_D_K,ridge::H_D_K,ridge::H_D_K,H_D_K,1.0,True,15,15,0.633478707878488,1.0,"[""H"", ""D"", ""K""]"
ridge|history_available|budget=16,ridge,history_available,16,True,H_D_A_K,ridge::H_D_A_K,ridge::H_D_A_K,H_D_A_K,1.0,True,16,16,0.6316089221778484,1.0,"[""H"", ""D"", ""A"", ""K""]"
ridge|history_available|budget=17,ridge,history_available,17,True,H_D_B_A_K,ridge::H_D_B_A_K,ridge::H_D_B_A_K,H_D_B_A_K,1.0,True,17,17,0.6303176464587247,1.0,"[""H"", ""D"", ""B"", ""A"", ""K""]"
ridge|history_available|budget=18,ridge,history_available,18,True,H_D_B_M_A_K,ridge::H_D_B_M_A_K,ridge::H_D_B_M_A_K,H_D_B_M_A_K,1.0,True,18,18,0.6297690531788611,1.0,"[""H"", ""D"", ""B"", ""M"", ""A"", ""K""]"
ridge|history_available|budget=19,ridge,history_available,19,True,H_D_B_M_A_K,ridge::H_D_B_M_A_K,ridge::H_D_B_M_A_K,H_D_B_M_A_K,1.0,True,18,18,0.6297690531788611,1.0,"[""H"", ""D"", ""B"", ""M"", ""A"", ""K""]"
ridge|history_available|budget=20,ridge,history_available,20,True,H_D_B_M_A_K,ridge::H_D_B_M_A_K,ridge::H_D_B_M_A_K,H_D_B_M_A_K,1.0,True,18,18,0.6297690531788611,1.0,"[""H"", ""D"", ""B"", ""M"", ""A"", ""K""]"
ridge|history_available|budget=21,ridge,history_available,21,True,H_D_B_M_A_K,ridge::H_D_B_M_A_K,ridge::H_D_B_M_A_K,H_D_B_M_A_K,1.0,True,18,18,0.6297690531788611,1.0,"[""H"", ""D"", ""B"", ""M"", ""A"", ""K""]"
ridge|history_available|budget=22,ridge,history_available,22,True,H_D_B_M_A_K,ridge::H_D_B_M_A_K,ridge::H_D_B_M_A_K,H_D_B_M_A_K,1.0,True,18,18,0.6297690531788611,1.0,"[""H"", ""D"", ""B"", ""M"", ""A"", ""K""]"
ridge|history_available|budget=23,ridge,history_available,23,True,H_D_B_M_A_K,ridge::H_D_B_M_A_K,ridge::H_D_B_M_A_K,H_D_B_M_A_K,1.0,True,18,18,0.6297690531788611,1.0,"[""H"", ""D"", ""B"", ""M"", ""A"", ""K""]"
ridge|history_available|budget=24,ridge,history_available,24,True,H_D_B_M_A_K,ridge::H_D_B_M_A_K,ridge::H_D_B_M_A_K,H_D_B_M_A_K,1.0,True,18,18,0.6297690531788611,1.0,"[""H"", ""D"", ""B"", ""M"", ""A"", ""K""]"
ridge|history_available|budget=25,ridge,history_available,25,True,H_D_B_M_A_K,ridge::H_D_B_M_A_K,ridge::H_D_B_M_A_K,H_D_B_M_A_K,1.0,True,18,18,0.6297690531788611,1.0,"[""H"", ""D"", ""B"", ""M"", ""A"", ""K""]"
ridge|history_available|budget=26,ridge,history_available,26,True,H_D_B_M_A_K,ridge::H_D_B_M_A_K,ridge::H_D_B_M_A_K,H_D_B_M_A_K,1.0,True,18,18,0.6297690531788611,1.0,"[""H"", ""D"", ""B"", ""M"", ""A"", ""K""]"
ridge|history_available|budget=27,ridge,history_available,27,True,H_D_B_M_A_K,ridge::H_D_B_M_A_K,ridge::H_D_B_M_A_K,H_D_B_M_A_K,1.0,True,18,18,0.6297690531788611,1.0,"[""H"", ""D"", ""B"", ""M"", ""A"", ""K""]"
ridge|history_available|budget=28,ridge,history_available,28,True,H_D_B_P_A_K,ridge::H_D_B_P_A_K,ridge::H_D_B_P_A_K,H_D_B_P_A_K,1.0,True,28,28,0.6294674622760528,1.0,"[""H"", ""D"", ""B"", ""P"", ""A"", ""K""]"
ridge|history_available|budget=29,ridge,history_available,29,True,H_D_B_M_P_A_K,ridge::H_D_B_M_P_A_K,ridge::H_D_B_M_P_A_K,H_D_B_M_P_A_K,1.0,True,29,29,0.6292921291184919,1.0,"[""H"", ""D"", ""B"", ""M"", ""P"", ""A"", ""K""]"
ridge|history_available|budget=30,ridge,history_available,30,True,H_D_B_M_P_A_K,ridge::H_D_B_M_P_A_K,ridge::H_D_B_M_P_A_K,H_D_B_M_P_A_K,1.0,True,29,29,0.6292921291184919,1.0,"[""H"", ""D"", ""B"", ""M"", ""P"", ""A"", ""K""]"
ridge|history_unavailable|budget=00,ridge,history_unavailable,0,False,NONE,ridge::NONE,ridge::NONE,NONE,0.001,False,0,0,0.6853643289188563,0.001,[]
ridge|history_unavailable|budget=01,ridge,history_unavailable,1,False,B,ridge::B,ridge::B,B,0.1,False,1,1,0.6777381954029948,0.1,"[""B""]"
ridge|history_unavailable|budget=02,ridge,history_unavailable,2,False,B_A,ridge::B_A,ridge::B_A,B_A,0.1,False,2,2,0.6736656514353723,0.1,"[""B"", ""A""]"
ridge|history_unavailable|budget=03,ridge,history_unavailable,3,False,B_C_A,ridge::B_C_A,ridge::B_C_A,B_C_A,0.1,False,3,3,0.6735209745197117,0.1,"[""B"", ""C"", ""A""]"
ridge|history_unavailable|budget=04,ridge,history_unavailable,4,False,D,ridge::D,ridge::D,D,1.0,False,4,4,0.6621656516928427,1.0,"[""D""]"
ridge|history_unavailable|budget=05,ridge,history_unavailable,5,False,D_B,ridge::D_B,ridge::D_B,D_B,1.0,False,5,5,0.6582120307239033,1.0,"[""D"", ""B""]"
ridge|history_unavailable|budget=06,ridge,history_unavailable,6,False,D_B_A,ridge::D_B_A,ridge::D_B_A,D_B_A,1.0,False,6,6,0.6545563941969289,1.0,"[""D"", ""B"", ""A""]"
ridge|history_unavailable|budget=07,ridge,history_unavailable,7,False,D_B_A,ridge::D_B_A,ridge::D_B_A,D_B_A,1.0,False,6,6,0.6545563941969289,1.0,"[""D"", ""B"", ""A""]"
ridge|history_unavailable|budget=08,ridge,history_unavailable,8,False,D_B_A,ridge::D_B_A,ridge::D_B_A,D_B_A,1.0,False,6,6,0.6545563941969289,1.0,"[""D"", ""B"", ""A""]"
ridge|history_unavailable|budget=09,ridge,history_unavailable,9,False,D_B_A,ridge::D_B_A,ridge::D_B_A,D_B_A,1.0,False,6,6,0.6545563941969289,1.0,"[""D"", ""B"", ""A""]"
ridge|history_unavailable|budget=10,ridge,history_unavailable,10,False,D_B_A,ridge::D_B_A,ridge::D_B_A,D_B_A,1.0,False,6,6,0.6545563941969289,1.0,"[""D"", ""B"", ""A""]"
ridge|history_unavailable|budget=11,ridge,history_unavailable,11,False,D_B_A,ridge::D_B_A,ridge::D_B_A,D_B_A,1.0,False,6,6,0.6545563941969289,1.0,"[""D"", ""B"", ""A""]"
ridge|history_unavailable|budget=12,ridge,history_unavailable,12,False,D_B_A,ridge::D_B_A,ridge::D_B_A,D_B_A,1.0,False,6,6,0.6545563941969289,1.0,"[""D"", ""B"", ""A""]"
ridge|history_unavailable|budget=13,ridge,history_unavailable,13,False,D_B_A,ridge::D_B_A,ridge::D_B_A,D_B_A,1.0,False,6,6,0.6545563941969289,1.0,"[""D"", ""B"", ""A""]"
ridge|history_unavailable|budget=14,ridge,history_unavailable,14,False,D_B_A,ridge::D_B_A,ridge::D_B_A,D_B_A,1.0,False,6,6,0.6545563941969289,1.0,"[""D"", ""B"", ""A""]"
ridge|history_unavailable|budget=15,ridge,history_unavailable,15,False,D_K,ridge::D_K,ridge::D_K,D_K,1.0,False,15,15,0.6534616584557627,1.0,"[""D"", ""K""]"
ridge|history_unavailable|budget=16,ridge,history_unavailable,16,False,D_A_K,ridge::D_A_K,ridge::D_A_K,D_A_K,1.0,False,16,16,0.6495521869548352,1.0,"[""D"", ""A"", ""K""]"
ridge|history_unavailable|budget=17,ridge,history_unavailable,17,False,D_B_A_K,ridge::D_B_A_K,ridge::D_B_A_K,D_B_A_K,1.0,False,17,17,0.6465315444142528,1.0,"[""D"", ""B"", ""A"", ""K""]"
ridge|history_unavailable|budget=18,ridge,history_unavailable,18,False,D_B_A_K,ridge::D_B_A_K,ridge::D_B_A_K,D_B_A_K,1.0,False,17,17,0.6465315444142528,1.0,"[""D"", ""B"", ""A"", ""K""]"
ridge|history_unavailable|budget=19,ridge,history_unavailable,19,False,D_B_A_K,ridge::D_B_A_K,ridge::D_B_A_K,D_B_A_K,1.0,False,17,17,0.6465315444142528,1.0,"[""D"", ""B"", ""A"", ""K""]"
ridge|history_unavailable|budget=20,ridge,history_unavailable,20,False,D_B_A_K,ridge::D_B_A_K,ridge::D_B_A_K,D_B_A_K,1.0,False,17,17,0.6465315444142528,1.0,"[""D"", ""B"", ""A"", ""K""]"
ridge|history_unavailable|budget=21,ridge,history_unavailable,21,False,D_B_A_K,ridge::D_B_A_K,ridge::D_B_A_K,D_B_A_K,1.0,False,17,17,0.6465315444142528,1.0,"[""D"", ""B"", ""A"", ""K""]"
ridge|history_unavailable|budget=22,ridge,history_unavailable,22,False,D_B_A_K,ridge::D_B_A_K,ridge::D_B_A_K,D_B_A_K,1.0,False,17,17,0.6465315444142528,1.0,"[""D"", ""B"", ""A"", ""K""]"
ridge|history_unavailable|budget=23,ridge,history_unavailable,23,False,D_B_A_K,ridge::D_B_A_K,ridge::D_B_A_K,D_B_A_K,1.0,False,17,17,0.6465315444142528,1.0,"[""D"", ""B"", ""A"", ""K""]"
ridge|history_unavailable|budget=24,ridge,history_unavailable,24,False,D_B_A_K,ridge::D_B_A_K,ridge::D_B_A_K,D_B_A_K,1.0,False,17,17,0.6465315444142528,1.0,"[""D"", ""B"", ""A"", ""K""]"
ridge|history_unavailable|budget=25,ridge,history_unavailable,25,False,D_B_A_K,ridge::D_B_A_K,ridge::D_B_A_K,D_B_A_K,1.0,False,17,17,0.6465315444142528,1.0,"[""D"", ""B"", ""A"", ""K""]"
ridge|history_unavailable|budget=26,ridge,history_unavailable,26,False,D_B_A_K,ridge::D_B_A_K,ridge::D_B_A_K,D_B_A_K,1.0,False,17,17,0.6465315444142528,1.0,"[""D"", ""B"", ""A"", ""K""]"
ridge|history_unavailable|budget=27,ridge,history_unavailable,27,False,D_B_A_K,ridge::D_B_A_K,ridge::D_B_A_K,D_B_A_K,1.0,False,17,17,0.6465315444142528,1.0,"[""D"", ""B"", ""A"", ""K""]"
ridge|history_unavailable|budget=28,ridge,history_unavailable,28,False,D_B_P_A_K,ridge::D_B_P_A_K,ridge::D_B_P_A_K,D_B_P_A_K,1.0,False,28,28,0.645554504910448,1.0,"[""D"", ""B"", ""P"", ""A"", ""K""]"
ridge|history_unavailable|budget=29,ridge,history_unavailable,29,False,D_B_P_A_K,ridge::D_B_P_A_K,ridge::D_B_P_A_K,D_B_P_A_K,1.0,False,28,28,0.645554504910448,1.0,"[""D"", ""B"", ""P"", ""A"", ""K""]"
ridge|history_unavailable|budget=30,ridge,history_unavailable,30,False,D_B_P_A_K,ridge::D_B_P_A_K,ridge::D_B_P_A_K,D_B_P_A_K,1.0,False,28,28,0.645554504910448,1.0,"[""D"", ""B"", ""P"", ""A"", ""K""]"
hgb|history_available|budget=00,hgb,history_available,0,True,H,hgb::H,hgb::H,H,"{""learning_rate"": 0.05, ""max_leaf_nodes"": 3}",True,0,0,0.6620826133717034,"{""learning_rate"": 0.05, ""max_leaf_nodes"": 3}","[""H""]"
hgb|history_available|budget=01,hgb,history_available,1,True,H_B,hgb::H_B,hgb::H_B,H_B,"{""learning_rate"": 0.05, ""max_leaf_nodes"": 3}",True,1,1,0.656149609502737,"{""learning_rate"": 0.05, ""max_leaf_nodes"": 3}","[""H"", ""B""]"
hgb|history_available|budget=02,hgb,history_available,2,True,H_B_M,hgb::H_B_M,hgb::H_B_M,H_B_M,"{""learning_rate"": 0.05, ""max_leaf_nodes"": 3}",True,2,2,0.6526472365345142,"{""learning_rate"": 0.05, ""max_leaf_nodes"": 3}","[""H"", ""B"", ""M""]"
hgb|history_available|budget=03,hgb,history_available,3,True,H_B_M_A,hgb::H_B_M_A,hgb::H_B_M_A,H_B_M_A,"{""learning_rate"": 0.05, ""max_leaf_nodes"": 7}",True,3,3,0.6499456254601639,"{""learning_rate"": 0.05, ""max_leaf_nodes"": 7}","[""H"", ""B"", ""M"", ""A""]"
hgb|history_available|budget=04,hgb,history_available,4,True,H_D,hgb::H_D,hgb::H_D,H_D,"{""learning_rate"": 0.05, ""max_leaf_nodes"": 7}",True,4,4,0.6440872421067338,"{""learning_rate"": 0.05, ""max_leaf_nodes"": 7}","[""H"", ""D""]"
hgb|history_available|budget=05,hgb,history_available,5,True,H_D_M,hgb::H_D_M,hgb::H_D_M,H_D_M,"{""learning_rate"": 0.05, ""max_leaf_nodes"": 7}",True,5,5,0.6378678578039242,"{""learning_rate"": 0.05, ""max_leaf_nodes"": 7}","[""H"", ""D"", ""M""]"
hgb|history_available|budget=06,hgb,history_available,6,True,H_D_M_A,hgb::H_D_M_A,hgb::H_D_M_A,H_D_M_A,"{""learning_rate"": 0.05, ""max_leaf_nodes"": 7}",True,6,6,0.6353580028168152,"{""learning_rate"": 0.05, ""max_leaf_nodes"": 7}","[""H"", ""D"", ""M"", ""A""]"
hgb|history_available|budget=07,hgb,history_available,7,True,H_D_M_C_A,hgb::H_D_M_C_A,hgb::H_D_M_C_A,H_D_M_C_A,"{""learning_rate"": 0.05, ""max_leaf_nodes"": 7}",True,7,7,0.6332706689577972,"{""learning_rate"": 0.05, ""max_leaf_nodes"": 7}","[""H"", ""D"", ""M"", ""C"", ""A""]"
hgb|history_available|budget=08,hgb,history_available,8,True,H_D_B_M_C_A,hgb::H_D_B_M_C_A,hgb::H_D_B_M_C_A,H_D_B_M_C_A,"{""learning_rate"": 0.05, ""max_leaf_nodes"": 7}",True,8,8,0.6314904390595096,"{""learning_rate"": 0.05, ""max_leaf_nodes"": 7}","[""H"", ""D"", ""B"", ""M"", ""C"", ""A""]"
hgb|history_available|budget=09,hgb,history_available,9,True,H_D_B_M_C_A,hgb::H_D_B_M_C_A,hgb::H_D_B_M_C_A,H_D_B_M_C_A,"{""learning_rate"": 0.05, ""max_leaf_nodes"": 7}",True,8,8,0.6314904390595096,"{""learning_rate"": 0.05, ""max_leaf_nodes"": 7}","[""H"", ""D"", ""B"", ""M"", ""C"", ""A""]"
hgb|history_available|budget=10,hgb,history_available,10,True,H_D_B_M_C_A,hgb::H_D_B_M_C_A,hgb::H_D_B_M_C_A,H_D_B_M_C_A,"{""learning_rate"": 0.05, ""max_leaf_nodes"": 7}",True,8,8,0.6314904390595096,"{""learning_rate"": 0.05, ""max_leaf_nodes"": 7}","[""H"", ""D"", ""B"", ""M"", ""C"", ""A""]"
hgb|history_available|budget=11,hgb,history_available,11,True,H_D_B_M_C_A,hgb::H_D_B_M_C_A,hgb::H_D_B_M_C_A,H_D_B_M_C_A,"{""learning_rate"": 0.05, ""max_leaf_nodes"": 7}",True,8,8,0.6314904390595096,"{""learning_rate"": 0.05, ""max_leaf_nodes"": 7}","[""H"", ""D"", ""B"", ""M"", ""C"", ""A""]"
hgb|history_available|budget=12,hgb,history_available,12,True,H_D_B_M_C_A,hgb::H_D_B_M_C_A,hgb::H_D_B_M_C_A,H_D_B_M_C_A,"{""learning_rate"": 0.05, ""max_leaf_nodes"": 7}",True,8,8,0.6314904390595096,"{""learning_rate"": 0.05, ""max_leaf_nodes"": 7}","[""H"", ""D"", ""B"", ""M"", ""C"", ""A""]"
hgb|history_available|budget=13,hgb,history_available,13,True,H_D_B_M_C_A,hgb::H_D_B_M_C_A,hgb::H_D_B_M_C_A,H_D_B_M_C_A,"{""learning_rate"": 0.05, ""max_leaf_nodes"": 7}",True,8,8,0.6314904390595096,"{""learning_rate"": 0.05, ""max_leaf_nodes"": 7}","[""H"", ""D"", ""B"", ""M"", ""C"", ""A""]"
hgb|history_available|budget=14,hgb,history_available,14,True,H_D_B_M_C_A,hgb::H_D_B_M_C_A,hgb::H_D_B_M_C_A,H_D_B_M_C_A,"{""learning_rate"": 0.05, ""max_leaf_nodes"": 7}",True,8,8,0.6314904390595096,"{""learning_rate"": 0.05, ""max_leaf_nodes"": 7}","[""H"", ""D"", ""B"", ""M"", ""C"", ""A""]"
hgb|history_available|budget=15,hgb,history_available,15,True,H_D_P,hgb::H_D_P,hgb::H_D_P,H_D_P,"{""learning_rate"": 0.05, ""max_leaf_nodes"": 7}",True,15,15,0.6284341422186445,"{""learning_rate"": 0.05, ""max_leaf_nodes"": 7}","[""H"", ""D"", ""P""]"
hgb|history_available|budget=16,hgb,history_available,16,True,H_D_M_P,hgb::H_D_M_P,hgb::H_D_M_P,H_D_M_P,"{""learning_rate"": 0.05, ""max_leaf_nodes"": 7}",True,16,16,0.6263444622412933,"{""learning_rate"": 0.05, ""max_leaf_nodes"": 7}","[""H"", ""D"", ""M"", ""P""]"
hgb|history_available|budget=17,hgb,history_available,17,True,H_D_M_P_A,hgb::H_D_M_P_A,hgb::H_D_M_P_A,H_D_M_P_A,"{""learning_rate"": 0.05, ""max_leaf_nodes"": 7}",True,17,17,0.6241806893132597,"{""learning_rate"": 0.05, ""max_leaf_nodes"": 7}","[""H"", ""D"", ""M"", ""P"", ""A""]"
hgb|history_available|budget=18,hgb,history_available,18,True,H_D_M_P_A,hgb::H_D_M_P_A,hgb::H_D_M_P_A,H_D_M_P_A,"{""learning_rate"": 0.05, ""max_leaf_nodes"": 7}",True,17,17,0.6241806893132597,"{""learning_rate"": 0.05, ""max_leaf_nodes"": 7}","[""H"", ""D"", ""M"", ""P"", ""A""]"
hgb|history_available|budget=19,hgb,history_available,19,True,H_D_M_P_A,hgb::H_D_M_P_A,hgb::H_D_M_P_A,H_D_M_P_A,"{""learning_rate"": 0.05, ""max_leaf_nodes"": 7}",True,17,17,0.6241806893132597,"{""learning_rate"": 0.05, ""max_leaf_nodes"": 7}","[""H"", ""D"", ""M"", ""P"", ""A""]"
hgb|history_available|budget=20,hgb,history_available,20,True,H_D_M_P_A,hgb::H_D_M_P_A,hgb::H_D_M_P_A,H_D_M_P_A,"{""learning_rate"": 0.05, ""max_leaf_nodes"": 7}",True,17,17,0.6241806893132597,"{""learning_rate"": 0.05, ""max_leaf_nodes"": 7}","[""H"", ""D"", ""M"", ""P"", ""A""]"
hgb|history_available|budget=21,hgb,history_available,21,True,H_D_M_P_A,hgb::H_D_M_P_A,hgb::H_D_M_P_A,H_D_M_P_A,"{""learning_rate"": 0.05, ""max_leaf_nodes"": 7}",True,17,17,0.6241806893132597,"{""learning_rate"": 0.05, ""max_leaf_nodes"": 7}","[""H"", ""D"", ""M"", ""P"", ""A""]"
hgb|history_available|budget=22,hgb,history_available,22,True,H_D_M_P_A,hgb::H_D_M_P_A,hgb::H_D_M_P_A,H_D_M_P_A,"{""learning_rate"": 0.05, ""max_leaf_nodes"": 7}",True,17,17,0.6241806893132597,"{""learning_rate"": 0.05, ""max_leaf_nodes"": 7}","[""H"", ""D"", ""M"", ""P"", ""A""]"
hgb|history_available|budget=23,hgb,history_available,23,True,H_D_M_P_A,hgb::H_D_M_P_A,hgb::H_D_M_P_A,H_D_M_P_A,"{""learning_rate"": 0.05, ""max_leaf_nodes"": 7}",True,17,17,0.6241806893132597,"{""learning_rate"": 0.05, ""max_leaf_nodes"": 7}","[""H"", ""D"", ""M"", ""P"", ""A""]"
hgb|history_available|budget=24,hgb,history_available,24,True,H_D_M_P_A,hgb::H_D_M_P_A,hgb::H_D_M_P_A,H_D_M_P_A,"{""learning_rate"": 0.05, ""max_leaf_nodes"": 7}",True,17,17,0.6241806893132597,"{""learning_rate"": 0.05, ""max_leaf_nodes"": 7}","[""H"", ""D"", ""M"", ""P"", ""A""]"
hgb|history_available|budget=25,hgb,history_available,25,True,H_D_M_P_A,hgb::H_D_M_P_A,hgb::H_D_M_P_A,H_D_M_P_A,"{""learning_rate"": 0.05, ""max_leaf_nodes"": 7}",True,17,17,0.6241806893132597,"{""learning_rate"": 0.05, ""max_leaf_nodes"": 7}","[""H"", ""D"", ""M"", ""P"", ""A""]"
hgb|history_available|budget=26,hgb,history_available,26,True,H_D_M_P_A,hgb::H_D_M_P_A,hgb::H_D_M_P_A,H_D_M_P_A,"{""learning_rate"": 0.05, ""max_leaf_nodes"": 7}",True,17,17,0.6241806893132597,"{""learning_rate"": 0.05, ""max_leaf_nodes"": 7}","[""H"", ""D"", ""M"", ""P"", ""A""]"
hgb|history_available|budget=27,hgb,history_available,27,True,H_D_M_P_A,hgb::H_D_M_P_A,hgb::H_D_M_P_A,H_D_M_P_A,"{""learning_rate"": 0.05, ""max_leaf_nodes"": 7}",True,17,17,0.6241806893132597,"{""learning_rate"": 0.05, ""max_leaf_nodes"": 7}","[""H"", ""D"", ""M"", ""P"", ""A""]"
hgb|history_available|budget=28,hgb,history_available,28,True,H_D_M_P_C_K,hgb::H_D_M_P_C_K,hgb::H_D_M_P_C_K,H_D_M_P_C_K,"{""learning_rate"": 0.05, ""max_leaf_nodes"": 7}",True,28,28,0.6221157681523305,"{""learning_rate"": 0.05, ""max_leaf_nodes"": 7}","[""H"", ""D"", ""M"", ""P"", ""C"", ""K""]"
hgb|history_available|budget=29,hgb,history_available,29,True,H_D_M_P_C_A_K,hgb::H_D_M_P_C_A_K,hgb::H_D_M_P_C_A_K,H_D_M_P_C_A_K,"{""learning_rate"": 0.05, ""max_leaf_nodes"": 7}",True,29,29,0.620817620210149,"{""learning_rate"": 0.05, ""max_leaf_nodes"": 7}","[""H"", ""D"", ""M"", ""P"", ""C"", ""A"", ""K""]"
hgb|history_available|budget=30,hgb,history_available,30,True,H_D_M_P_C_A_K,hgb::H_D_M_P_C_A_K,hgb::H_D_M_P_C_A_K,H_D_M_P_C_A_K,"{""learning_rate"": 0.05, ""max_leaf_nodes"": 7}",True,29,29,0.620817620210149,"{""learning_rate"": 0.05, ""max_leaf_nodes"": 7}","[""H"", ""D"", ""M"", ""P"", ""C"", ""A"", ""K""]"
hgb|history_unavailable|budget=00,hgb,history_unavailable,0,False,NONE,hgb::NONE,hgb::NONE,NONE,"{""learning_rate"": 0.05, ""max_leaf_nodes"": 3}",False,0,0,0.6853643289188563,"{""learning_rate"": 0.05, ""max_leaf_nodes"": 3}",[]
hgb|history_unavailable|budget=01,hgb,history_unavailable,1,False,B,hgb::B,hgb::B,B,"{""learning_rate"": 0.05, ""max_leaf_nodes"": 3}",False,1,1,0.6760966845523163,"{""learning_rate"": 0.05, ""max_leaf_nodes"": 3}","[""B""]"
hgb|history_unavailable|budget=02,hgb,history_unavailable,2,False,B_A,hgb::B_A,hgb::B_A,B_A,"{""learning_rate"": 0.05, ""max_leaf_nodes"": 7}",False,2,2,0.6710019459030957,"{""learning_rate"": 0.05, ""max_leaf_nodes"": 7}","[""B"", ""A""]"
hgb|history_unavailable|budget=03,hgb,history_unavailable,3,False,B_M_A,hgb::B_M_A,hgb::B_M_A,B_M_A,"{""learning_rate"": 0.05, ""max_leaf_nodes"": 3}",False,3,3,0.6681826337714976,"{""learning_rate"": 0.05, ""max_leaf_nodes"": 3}","[""B"", ""M"", ""A""]"
hgb|history_unavailable|budget=04,hgb,history_unavailable,4,False,D,hgb::D,hgb::D,D,"{""learning_rate"": 0.05, ""max_leaf_nodes"": 7}",False,4,4,0.6641680792622449,"{""learning_rate"": 0.05, ""max_leaf_nodes"": 7}","[""D""]"
hgb|history_unavailable|budget=05,hgb,history_unavailable,5,False,D_C,hgb::D_C,hgb::D_C,D_C,"{""learning_rate"": 0.05, ""max_leaf_nodes"": 7}",False,5,5,0.6579254494910797,"{""learning_rate"": 0.05, ""max_leaf_nodes"": 7}","[""D"", ""C""]"
hgb|history_unavailable|budget=06,hgb,history_unavailable,6,False,D_B_C,hgb::D_B_C,hgb::D_B_C,D_B_C,"{""learning_rate"": 0.05, ""max_leaf_nodes"": 7}",False,6,6,0.6529262330125998,"{""learning_rate"": 0.05, ""max_leaf_nodes"": 7}","[""D"", ""B"", ""C""]"
hgb|history_unavailable|budget=07,hgb,history_unavailable,7,False,D_M_C_A,hgb::D_M_C_A,hgb::D_M_C_A,D_M_C_A,"{""learning_rate"": 0.05, ""max_leaf_nodes"": 7}",False,7,7,0.650369538146649,"{""learning_rate"": 0.05, ""max_leaf_nodes"": 7}","[""D"", ""M"", ""C"", ""A""]"
hgb|history_unavailable|budget=08,hgb,history_unavailable,8,False,D_B_M_C_A,hgb::D_B_M_C_A,hgb::D_B_M_C_A,D_B_M_C_A,"{""learning_rate"": 0.05, ""max_leaf_nodes"": 7}",False,8,8,0.6485929332417237,"{""learning_rate"": 0.05, ""max_leaf_nodes"": 7}","[""D"", ""B"", ""M"", ""C"", ""A""]"
hgb|history_unavailable|budget=09,hgb,history_unavailable,9,False,D_B_M_C_A,hgb::D_B_M_C_A,hgb::D_B_M_C_A,D_B_M_C_A,"{""learning_rate"": 0.05, ""max_leaf_nodes"": 7}",False,8,8,0.6485929332417237,"{""learning_rate"": 0.05, ""max_leaf_nodes"": 7}","[""D"", ""B"", ""M"", ""C"", ""A""]"
hgb|history_unavailable|budget=10,hgb,history_unavailable,10,False,D_B_M_C_A,hgb::D_B_M_C_A,hgb::D_B_M_C_A,D_B_M_C_A,"{""learning_rate"": 0.05, ""max_leaf_nodes"": 7}",False,8,8,0.6485929332417237,"{""learning_rate"": 0.05, ""max_leaf_nodes"": 7}","[""D"", ""B"", ""M"", ""C"", ""A""]"
hgb|history_unavailable|budget=11,hgb,history_unavailable,11,False,D_B_M_C_A,hgb::D_B_M_C_A,hgb::D_B_M_C_A,D_B_M_C_A,"{""learning_rate"": 0.05, ""max_leaf_nodes"": 7}",False,8,8,0.6485929332417237,"{""learning_rate"": 0.05, ""max_leaf_nodes"": 7}","[""D"", ""B"", ""M"", ""C"", ""A""]"
hgb|history_unavailable|budget=12,hgb,history_unavailable,12,False,D_B_M_C_A,hgb::D_B_M_C_A,hgb::D_B_M_C_A,D_B_M_C_A,"{""learning_rate"": 0.05, ""max_leaf_nodes"": 7}",False,8,8,0.6485929332417237,"{""learning_rate"": 0.05, ""max_leaf_nodes"": 7}","[""D"", ""B"", ""M"", ""C"", ""A""]"
hgb|history_unavailable|budget=13,hgb,history_unavailable,13,False,D_B_M_C_A,hgb::D_B_M_C_A,hgb::D_B_M_C_A,D_B_M_C_A,"{""learning_rate"": 0.05, ""max_leaf_nodes"": 7}",False,8,8,0.6485929332417237,"{""learning_rate"": 0.05, ""max_leaf_nodes"": 7}","[""D"", ""B"", ""M"", ""C"", ""A""]"
hgb|history_unavailable|budget=14,hgb,history_unavailable,14,False,D_B_M_C_A,hgb::D_B_M_C_A,hgb::D_B_M_C_A,D_B_M_C_A,"{""learning_rate"": 0.05, ""max_leaf_nodes"": 7}",False,8,8,0.6485929332417237,"{""learning_rate"": 0.05, ""max_leaf_nodes"": 7}","[""D"", ""B"", ""M"", ""C"", ""A""]"
hgb|history_unavailable|budget=15,hgb,history_unavailable,15,False,D_P,hgb::D_P,hgb::D_P,D_P,"{""learning_rate"": 0.05, ""max_leaf_nodes"": 7}",False,15,15,0.6465103724542357,"{""learning_rate"": 0.05, ""max_leaf_nodes"": 7}","[""D"", ""P""]"
hgb|history_unavailable|budget=16,hgb,history_unavailable,16,False,D_P_C,hgb::D_P_C,hgb::D_P_C,D_P_C,"{""learning_rate"": 0.05, ""max_leaf_nodes"": 7}",False,16,16,0.6441902261965382,"{""learning_rate"": 0.05, ""max_leaf_nodes"": 7}","[""D"", ""P"", ""C""]"
hgb|history_unavailable|budget=17,hgb,history_unavailable,17,False,D_M_P_A,hgb::D_M_P_A,hgb::D_M_P_A,D_M_P_A,"{""learning_rate"": 0.05, ""max_leaf_nodes"": 7}",False,17,17,0.640925623536283,"{""learning_rate"": 0.05, ""max_leaf_nodes"": 7}","[""D"", ""M"", ""P"", ""A""]"
hgb|history_unavailable|budget=18,hgb,history_unavailable,18,False,D_M_P_C_A,hgb::D_M_P_C_A,hgb::D_M_P_C_A,D_M_P_C_A,"{""learning_rate"": 0.05, ""max_leaf_nodes"": 7}",False,18,18,0.6379512231708448,"{""learning_rate"": 0.05, ""max_leaf_nodes"": 7}","[""D"", ""M"", ""P"", ""C"", ""A""]"
hgb|history_unavailable|budget=19,hgb,history_unavailable,19,False,D_M_P_C_A,hgb::D_M_P_C_A,hgb::D_M_P_C_A,D_M_P_C_A,"{""learning_rate"": 0.05, ""max_leaf_nodes"": 7}",False,18,18,0.6379512231708448,"{""learning_rate"": 0.05, ""max_leaf_nodes"": 7}","[""D"", ""M"", ""P"", ""C"", ""A""]"
hgb|history_unavailable|budget=20,hgb,history_unavailable,20,False,D_M_P_C_A,hgb::D_M_P_C_A,hgb::D_M_P_C_A,D_M_P_C_A,"{""learning_rate"": 0.05, ""max_leaf_nodes"": 7}",False,18,18,0.6379512231708448,"{""learning_rate"": 0.05, ""max_leaf_nodes"": 7}","[""D"", ""M"", ""P"", ""C"", ""A""]"
hgb|history_unavailable|budget=21,hgb,history_unavailable,21,False,D_M_P_C_A,hgb::D_M_P_C_A,hgb::D_M_P_C_A,D_M_P_C_A,"{""learning_rate"": 0.05, ""max_leaf_nodes"": 7}",False,18,18,0.6379512231708448,"{""learning_rate"": 0.05, ""max_leaf_nodes"": 7}","[""D"", ""M"", ""P"", ""C"", ""A""]"
hgb|history_unavailable|budget=22,hgb,history_unavailable,22,False,D_M_P_C_A,hgb::D_M_P_C_A,hgb::D_M_P_C_A,D_M_P_C_A,"{""learning_rate"": 0.05, ""max_leaf_nodes"": 7}",False,18,18,0.6379512231708448,"{""learning_rate"": 0.05, ""max_leaf_nodes"": 7}","[""D"", ""M"", ""P"", ""C"", ""A""]"
hgb|history_unavailable|budget=23,hgb,history_unavailable,23,False,D_M_P_C_A,hgb::D_M_P_C_A,hgb::D_M_P_C_A,D_M_P_C_A,"{""learning_rate"": 0.05, ""max_leaf_nodes"": 7}",False,18,18,0.6379512231708448,"{""learning_rate"": 0.05, ""max_leaf_nodes"": 7}","[""D"", ""M"", ""P"", ""C"", ""A""]"
hgb|history_unavailable|budget=24,hgb,history_unavailable,24,False,D_M_P_C_A,hgb::D_M_P_C_A,hgb::D_M_P_C_A,D_M_P_C_A,"{""learning_rate"": 0.05, ""max_leaf_nodes"": 7}",False,18,18,0.6379512231708448,"{""learning_rate"": 0.05, ""max_leaf_nodes"": 7}","[""D"", ""M"", ""P"", ""C"", ""A""]"
hgb|history_unavailable|budget=25,hgb,history_unavailable,25,False,D_M_P_C_A,hgb::D_M_P_C_A,hgb::D_M_P_C_A,D_M_P_C_A,"{""learning_rate"": 0.05, ""max_leaf_nodes"": 7}",False,18,18,0.6379512231708448,"{""learning_rate"": 0.05, ""max_leaf_nodes"": 7}","[""D"", ""M"", ""P"", ""C"", ""A""]"
hgb|history_unavailable|budget=26,hgb,history_unavailable,26,False,D_M_P_C_A,hgb::D_M_P_C_A,hgb::D_M_P_C_A,D_M_P_C_A,"{""learning_rate"": 0.05, ""max_leaf_nodes"": 7}",False,18,18,0.6379512231708448,"{""learning_rate"": 0.05, ""max_leaf_nodes"": 7}","[""D"", ""M"", ""P"", ""C"", ""A""]"
hgb|history_unavailable|budget=27,hgb,history_unavailable,27,False,D_P_C_K,hgb::D_P_C_K,hgb::D_P_C_K,D_P_C_K,"{""learning_rate"": 0.05, ""max_leaf_nodes"": 7}",False,27,27,0.6370776595795395,"{""learning_rate"": 0.05, ""max_leaf_nodes"": 7}","[""D"", ""P"", ""C"", ""K""]"
hgb|history_unavailable|budget=28,hgb,history_unavailable,28,False,D_M_P_A_K,hgb::D_M_P_A_K,hgb::D_M_P_A_K,D_M_P_A_K,"{""learning_rate"": 0.05, ""max_leaf_nodes"": 7}",False,28,28,0.6344975802563864,"{""learning_rate"": 0.05, ""max_leaf_nodes"": 7}","[""D"", ""M"", ""P"", ""A"", ""K""]"
hgb|history_unavailable|budget=29,hgb,history_unavailable,29,False,D_M_P_C_A_K,hgb::D_M_P_C_A_K,hgb::D_M_P_C_A_K,D_M_P_C_A_K,"{""learning_rate"": 0.05, ""max_leaf_nodes"": 7}",False,29,29,0.6317969039258379,"{""learning_rate"": 0.05, ""max_leaf_nodes"": 7}","[""D"", ""M"", ""P"", ""C"", ""A"", ""K""]"
hgb|history_unavailable|budget=30,hgb,history_unavailable,30,False,D_M_P_C_A_K,hgb::D_M_P_C_A_K,hgb::D_M_P_C_A_K,D_M_P_C_A_K,"{""learning_rate"": 0.05, ""max_leaf_nodes"": 7}",False,29,29,0.6317969039258379,"{""learning_rate"": 0.05, ""max_leaf_nodes"": 7}","[""D"", ""M"", ""P"", ""C"", ""A"", ""K""]"
