policy_id,algorithm,availability,budget,subset,count,denominator
ridge|history_available|budget=00,ridge,history_available,0,P0,6,10
ridge|history_available|budget=00,ridge,history_available,0,H,4,10
ridge|history_available|budget=01,ridge,history_available,1,H_B,8,10
ridge|history_available|budget=01,ridge,history_available,1,H_A,2,10
ridge|history_available|budget=02,ridge,history_available,2,H_B_A,10,10
ridge|history_available|budget=03,ridge,history_available,3,H_B_A,8,10
ridge|history_available|budget=03,ridge,history_available,3,H_B_C_A,2,10
ridge|history_available|budget=04,ridge,history_available,4,H_D,10,10
ridge|history_available|budget=05,ridge,history_available,5,H_D_B,7,10
ridge|history_available|budget=05,ridge,history_available,5,H_D_A,3,10
ridge|history_available|budget=06,ridge,history_available,6,H_D_B_A,8,10
ridge|history_available|budget=06,ridge,history_available,6,H_D_A,1,10
ridge|history_available|budget=06,ridge,history_available,6,H_D_B_M,1,10
ridge|history_available|budget=07,ridge,history_available,7,H_D_B_A,5,10
ridge|history_available|budget=07,ridge,history_available,7,H_D_B_M_A,2,10
ridge|history_available|budget=07,ridge,history_available,7,H_D_B_C_A,2,10
ridge|history_available|budget=07,ridge,history_available,7,H_D_A,1,10
ridge|history_available|budget=08,ridge,history_available,8,H_D_B_A,5,10
ridge|history_available|budget=08,ridge,history_available,8,H_D_B_M_A,2,10
ridge|history_available|budget=08,ridge,history_available,8,H_D_B_C_A,1,10
ridge|history_available|budget=08,ridge,history_available,8,H_D_A,1,10
ridge|history_available|budget=08,ridge,history_available,8,H_D_B_M_C_A,1,10
ridge|history_available|budget=09,ridge,history_available,9,H_D_B_A,5,10
ridge|history_available|budget=09,ridge,history_available,9,H_D_B_M_A,2,10
ridge|history_available|budget=09,ridge,history_available,9,H_D_B_C_A,1,10
ridge|history_available|budget=09,ridge,history_available,9,H_D_A,1,10
ridge|history_available|budget=09,ridge,history_available,9,H_D_B_M_C_A,1,10
ridge|history_available|budget=10,ridge,history_available,10,H_D_B_A,5,10
ridge|history_available|budget=10,ridge,history_available,10,H_D_B_M_A,2,10
ridge|history_available|budget=10,ridge,history_available,10,H_D_B_C_A,1,10
ridge|history_available|budget=10,ridge,history_available,10,H_D_A,1,10
ridge|history_available|budget=10,ridge,history_available,10,H_D_B_M_C_A,1,10
ridge|history_available|budget=11,ridge,history_available,11,H_D_B_A,5,10
ridge|history_available|budget=11,ridge,history_available,11,H_D_B_M_A,2,10
ridge|history_available|budget=11,ridge,history_available,11,H_D_B_C_A,1,10
ridge|history_available|budget=11,ridge,history_available,11,H_D_A,1,10
ridge|history_available|budget=11,ridge,history_available,11,H_D_B_M_C_A,1,10
ridge|history_available|budget=12,ridge,history_available,12,H_D_B_A,5,10
ridge|history_available|budget=12,ridge,history_available,12,H_D_B_M_A,2,10
ridge|history_available|budget=12,ridge,history_available,12,H_D_B_C_A,1,10
ridge|history_available|budget=12,ridge,history_available,12,H_D_A,1,10
ridge|history_available|budget=12,ridge,history_available,12,H_D_B_M_C_A,1,10
ridge|history_available|budget=13,ridge,history_available,13,H_D_B_A,3,10
ridge|history_available|budget=13,ridge,history_available,13,H_D_B_M_A,2,10
ridge|history_available|budget=13,ridge,history_available,13,H_B_A_K,2,10
ridge|history_available|budget=13,ridge,history_available,13,H_D_B_C_A,1,10
ridge|history_available|budget=13,ridge,history_available,13,H_D_A,1,10
ridge|history_available|budget=13,ridge,history_available,13,H_D_B_M_C_A,1,10
ridge|history_available|budget=14,ridge,history_available,14,H_D_B_A,3,10
ridge|history_available|budget=14,ridge,history_available,14,H_D_B_M_A,2,10
ridge|history_available|budget=14,ridge,history_available,14,H_D_B_C_A,1,10
ridge|history_available|budget=14,ridge,history_available,14,H_D_A,1,10
ridge|history_available|budget=14,ridge,history_available,14,H_B_M_A_K,1,10
ridge|history_available|budget=14,ridge,history_available,14,H_B_A_K,1,10
ridge|history_available|budget=14,ridge,history_available,14,H_D_B_M_C_A,1,10
ridge|history_available|budget=15,ridge,history_available,15,H_D_K,8,10
ridge|history_available|budget=15,ridge,history_available,15,H_D_B_M_A,1,10
ridge|history_available|budget=15,ridge,history_available,15,H_D_B_M_C_A,1,10
ridge|history_available|budget=16,ridge,history_available,16,H_D_A_K,5,10
ridge|history_available|budget=16,ridge,history_available,16,H_D_B_K,4,10
ridge|history_available|budget=16,ridge,history_available,16,H_D_B_M_A,1,10
ridge|history_available|budget=17,ridge,history_available,17,H_D_B_A_K,8,10
ridge|history_available|budget=17,ridge,history_available,17,H_D_A_K,1,10
ridge|history_available|budget=17,ridge,history_available,17,H_D_B_M_K,1,10
ridge|history_available|budget=18,ridge,history_available,18,H_D_B_A_K,6,10
ridge|history_available|budget=18,ridge,history_available,18,H_D_B_M_A_K,3,10
ridge|history_available|budget=18,ridge,history_available,18,H_D_A_K,1,10
ridge|history_available|budget=19,ridge,history_available,19,H_D_B_A_K,6,10
ridge|history_available|budget=19,ridge,history_available,19,H_D_B_M_A_K,3,10
ridge|history_available|budget=19,ridge,history_available,19,H_D_A_K,1,10
ridge|history_available|budget=20,ridge,history_available,20,H_D_B_A_K,6,10
ridge|history_available|budget=20,ridge,history_available,20,H_D_B_M_A_K,3,10
ridge|history_available|budget=20,ridge,history_available,20,H_D_A_K,1,10
ridge|history_available|budget=21,ridge,history_available,21,H_D_B_A_K,6,10
ridge|history_available|budget=21,ridge,history_available,21,H_D_B_M_A_K,3,10
ridge|history_available|budget=21,ridge,history_available,21,H_D_A_K,1,10
ridge|history_available|budget=22,ridge,history_available,22,H_D_B_A_K,6,10
ridge|history_available|budget=22,ridge,history_available,22,H_D_B_M_A_K,3,10
ridge|history_available|budget=22,ridge,history_available,22,H_D_A_K,1,10
ridge|history_available|budget=23,ridge,history_available,23,H_D_B_A_K,6,10
ridge|history_available|budget=23,ridge,history_available,23,H_D_B_M_A_K,3,10
ridge|history_available|budget=23,ridge,history_available,23,H_D_A_K,1,10
ridge|history_available|budget=24,ridge,history_available,24,H_D_B_A_K,6,10
ridge|history_available|budget=24,ridge,history_available,24,H_D_B_M_A_K,3,10
ridge|history_available|budget=24,ridge,history_available,24,H_D_A_K,1,10
ridge|history_available|budget=25,ridge,history_available,25,H_D_B_A_K,6,10
ridge|history_available|budget=25,ridge,history_available,25,H_D_B_M_A_K,3,10
ridge|history_available|budget=25,ridge,history_available,25,H_D_A_K,1,10
ridge|history_available|budget=26,ridge,history_available,26,H_D_B_A_K,6,10
ridge|history_available|budget=26,ridge,history_available,26,H_D_B_M_A_K,3,10
ridge|history_available|budget=26,ridge,history_available,26,H_D_A_K,1,10
ridge|history_available|budget=27,ridge,history_available,27,H_D_B_A_K,5,10
ridge|history_available|budget=27,ridge,history_available,27,H_D_B_M_A_K,3,10
ridge|history_available|budget=27,ridge,history_available,27,H_D_P_A_K,1,10
ridge|history_available|budget=27,ridge,history_available,27,H_D_B_P_K,1,10
ridge|history_available|budget=28,ridge,history_available,28,H_D_B_P_A_K,6,10
ridge|history_available|budget=28,ridge,history_available,28,H_D_B_A_K,2,10
ridge|history_available|budget=28,ridge,history_available,28,H_D_B_M_A_K,1,10
ridge|history_available|budget=28,ridge,history_available,28,H_D_B_M_P_K,1,10
ridge|history_available|budget=29,ridge,history_available,29,H_D_B_P_A_K,6,10
ridge|history_available|budget=29,ridge,history_available,29,H_D_B_M_P_A_K,2,10
ridge|history_available|budget=29,ridge,history_available,29,H_D_B_A_K,2,10
ridge|history_available|budget=30,ridge,history_available,30,H_D_B_P_A_K,6,10
ridge|history_available|budget=30,ridge,history_available,30,H_D_B_M_P_A_K,2,10
ridge|history_available|budget=30,ridge,history_available,30,H_D_B_A_K,2,10
ridge|history_unavailable|budget=00,ridge,history_unavailable,0,NONE,10,10
ridge|history_unavailable|budget=01,ridge,history_unavailable,1,B,10,10
ridge|history_unavailable|budget=02,ridge,history_unavailable,2,B_A,10,10
ridge|history_unavailable|budget=03,ridge,history_unavailable,3,B_A,6,10
ridge|history_unavailable|budget=03,ridge,history_unavailable,3,B_C_A,4,10
ridge|history_unavailable|budget=04,ridge,history_unavailable,4,D,10,10
ridge|history_unavailable|budget=05,ridge,history_unavailable,5,D_B,7,10
ridge|history_unavailable|budget=05,ridge,history_unavailable,5,D_A,3,10
ridge|history_unavailable|budget=06,ridge,history_unavailable,6,D_B_A,10,10
ridge|history_unavailable|budget=07,ridge,history_unavailable,7,D_B_A,6,10
ridge|history_unavailable|budget=07,ridge,history_unavailable,7,D_B_C_A,3,10
ridge|history_unavailable|budget=07,ridge,history_unavailable,7,D_B_M_A,1,10
ridge|history_unavailable|budget=08,ridge,history_unavailable,8,D_B_A,6,10
ridge|history_unavailable|budget=08,ridge,history_unavailable,8,D_B_C_A,3,10
ridge|history_unavailable|budget=08,ridge,history_unavailable,8,D_B_M_A,1,10
ridge|history_unavailable|budget=09,ridge,history_unavailable,9,D_B_A,6,10
ridge|history_unavailable|budget=09,ridge,history_unavailable,9,D_B_C_A,3,10
ridge|history_unavailable|budget=09,ridge,history_unavailable,9,D_B_M_A,1,10
ridge|history_unavailable|budget=10,ridge,history_unavailable,10,D_B_A,6,10
ridge|history_unavailable|budget=10,ridge,history_unavailable,10,D_B_C_A,3,10
ridge|history_unavailable|budget=10,ridge,history_unavailable,10,D_B_M_A,1,10
ridge|history_unavailable|budget=11,ridge,history_unavailable,11,D_B_A,6,10
ridge|history_unavailable|budget=11,ridge,history_unavailable,11,D_B_C_A,3,10
ridge|history_unavailable|budget=11,ridge,history_unavailable,11,D_B_M_A,1,10
ridge|history_unavailable|budget=12,ridge,history_unavailable,12,D_B_A,6,10
ridge|history_unavailable|budget=12,ridge,history_unavailable,12,D_B_C_A,3,10
ridge|history_unavailable|budget=12,ridge,history_unavailable,12,D_B_M_A,1,10
ridge|history_unavailable|budget=13,ridge,history_unavailable,13,D_B_A,4,10
ridge|history_unavailable|budget=13,ridge,history_unavailable,13,D_B_C_A,3,10
ridge|history_unavailable|budget=13,ridge,history_unavailable,13,B_A_K,2,10
ridge|history_unavailable|budget=13,ridge,history_unavailable,13,D_B_M_A,1,10
ridge|history_unavailable|budget=14,ridge,history_unavailable,14,D_B_A,4,10
ridge|history_unavailable|budget=14,ridge,history_unavailable,14,D_B_C_A,3,10
ridge|history_unavailable|budget=14,ridge,history_unavailable,14,B_A_K,2,10
ridge|history_unavailable|budget=14,ridge,history_unavailable,14,D_B_M_A,1,10
ridge|history_unavailable|budget=15,ridge,history_unavailable,15,D_B_A,4,10
ridge|history_unavailable|budget=15,ridge,history_unavailable,15,D_K,3,10
ridge|history_unavailable|budget=15,ridge,history_unavailable,15,D_B_C_A,2,10
ridge|history_unavailable|budget=15,ridge,history_unavailable,15,B_A_K,1,10
ridge|history_unavailable|budget=16,ridge,history_unavailable,16,D_B_K,5,10
ridge|history_unavailable|budget=16,ridge,history_unavailable,16,D_A_K,4,10
ridge|history_unavailable|budget=16,ridge,history_unavailable,16,D_B_C_A,1,10
ridge|history_unavailable|budget=17,ridge,history_unavailable,17,D_B_A_K,10,10
ridge|history_unavailable|budget=18,ridge,history_unavailable,18,D_B_A_K,6,10
ridge|history_unavailable|budget=18,ridge,history_unavailable,18,D_B_M_A_K,2,10
ridge|history_unavailable|budget=18,ridge,history_unavailable,18,D_B_C_A_K,2,10
ridge|history_unavailable|budget=19,ridge,history_unavailable,19,D_B_A_K,6,10
ridge|history_unavailable|budget=19,ridge,history_unavailable,19,D_B_M_A_K,2,10
ridge|history_unavailable|budget=19,ridge,history_unavailable,19,D_B_C_A_K,2,10
ridge|history_unavailable|budget=20,ridge,history_unavailable,20,D_B_A_K,6,10
ridge|history_unavailable|budget=20,ridge,history_unavailable,20,D_B_M_A_K,2,10
ridge|history_unavailable|budget=20,ridge,history_unavailable,20,D_B_C_A_K,2,10
ridge|history_unavailable|budget=21,ridge,history_unavailable,21,D_B_A_K,6,10
ridge|history_unavailable|budget=21,ridge,history_unavailable,21,D_B_M_A_K,2,10
ridge|history_unavailable|budget=21,ridge,history_unavailable,21,D_B_C_A_K,2,10
ridge|history_unavailable|budget=22,ridge,history_unavailable,22,D_B_A_K,6,10
ridge|history_unavailable|budget=22,ridge,history_unavailable,22,D_B_M_A_K,2,10
ridge|history_unavailable|budget=22,ridge,history_unavailable,22,D_B_C_A_K,2,10
ridge|history_unavailable|budget=23,ridge,history_unavailable,23,D_B_A_K,6,10
ridge|history_unavailable|budget=23,ridge,history_unavailable,23,D_B_M_A_K,2,10
ridge|history_unavailable|budget=23,ridge,history_unavailable,23,D_B_C_A_K,2,10
ridge|history_unavailable|budget=24,ridge,history_unavailable,24,D_B_A_K,6,10
ridge|history_unavailable|budget=24,ridge,history_unavailable,24,D_B_M_A_K,2,10
ridge|history_unavailable|budget=24,ridge,history_unavailable,24,D_B_C_A_K,2,10
ridge|history_unavailable|budget=25,ridge,history_unavailable,25,D_B_A_K,6,10
ridge|history_unavailable|budget=25,ridge,history_unavailable,25,D_B_M_A_K,2,10
ridge|history_unavailable|budget=25,ridge,history_unavailable,25,D_B_C_A_K,2,10
ridge|history_unavailable|budget=26,ridge,history_unavailable,26,D_B_A_K,6,10
ridge|history_unavailable|budget=26,ridge,history_unavailable,26,D_B_M_A_K,2,10
ridge|history_unavailable|budget=26,ridge,history_unavailable,26,D_B_C_A_K,2,10
ridge|history_unavailable|budget=27,ridge,history_unavailable,27,D_B_A_K,6,10
ridge|history_unavailable|budget=27,ridge,history_unavailable,27,D_B_M_A_K,2,10
ridge|history_unavailable|budget=27,ridge,history_unavailable,27,D_B_C_A_K,2,10
ridge|history_unavailable|budget=28,ridge,history_unavailable,28,D_B_P_A_K,8,10
ridge|history_unavailable|budget=28,ridge,history_unavailable,28,D_B_A_K,2,10
ridge|history_unavailable|budget=29,ridge,history_unavailable,29,D_B_P_A_K,4,10
ridge|history_unavailable|budget=29,ridge,history_unavailable,29,D_B_M_P_A_K,2,10
ridge|history_unavailable|budget=29,ridge,history_unavailable,29,D_B_A_K,2,10
ridge|history_unavailable|budget=29,ridge,history_unavailable,29,D_B_P_C_A_K,2,10
ridge|history_unavailable|budget=30,ridge,history_unavailable,30,D_B_P_A_K,4,10
ridge|history_unavailable|budget=30,ridge,history_unavailable,30,D_B_M_P_A_K,2,10
ridge|history_unavailable|budget=30,ridge,history_unavailable,30,D_B_A_K,2,10
ridge|history_unavailable|budget=30,ridge,history_unavailable,30,D_B_P_C_A_K,2,10
hgb|history_available|budget=00,hgb,history_available,0,H,10,10
hgb|history_available|budget=01,hgb,history_available,1,H_B,10,10
hgb|history_available|budget=02,hgb,history_available,2,H_B_A,8,10
hgb|history_available|budget=02,hgb,history_available,2,H_B_M,1,10
hgb|history_available|budget=02,hgb,history_available,2,H_M_A,1,10
hgb|history_available|budget=03,hgb,history_available,3,H_B_M_A,8,10
hgb|history_available|budget=03,hgb,history_available,3,H_B_A,2,10
hgb|history_available|budget=04,hgb,history_available,4,H_D,9,10
hgb|history_available|budget=04,hgb,history_available,4,H_B_A,1,10
hgb|history_available|budget=05,hgb,history_available,5,H_D_B,6,10
hgb|history_available|budget=05,hgb,history_available,5,H_D_C,2,10
hgb|history_available|budget=05,hgb,history_available,5,H_D_M,1,10
hgb|history_available|budget=05,hgb,history_available,5,H_D_A,1,10
hgb|history_available|budget=06,hgb,history_available,6,H_D_B_C,5,10
hgb|history_available|budget=06,hgb,history_available,6,H_D_B_M,2,10
hgb|history_available|budget=06,hgb,history_available,6,H_D_M_A,2,10
hgb|history_available|budget=06,hgb,history_available,6,H_D_B_A,1,10
hgb|history_available|budget=07,hgb,history_available,7,H_D_B_M_A,6,10
hgb|history_available|budget=07,hgb,history_available,7,H_D_B_C_A,2,10
hgb|history_available|budget=07,hgb,history_available,7,H_D_B_C,1,10
hgb|history_available|budget=07,hgb,history_available,7,H_D_B_A,1,10
hgb|history_available|budget=08,hgb,history_available,8,H_D_B_M_A,5,10
hgb|history_available|budget=08,hgb,history_available,8,H_D_B_M_C_A,2,10
hgb|history_available|budget=08,hgb,history_available,8,H_D_B_C_A,1,10
hgb|history_available|budget=08,hgb,history_available,8,H_D_B_C,1,10
hgb|history_available|budget=08,hgb,history_available,8,H_D_B_A,1,10
hgb|history_available|budget=09,hgb,history_available,9,H_D_B_M_A,5,10
hgb|history_available|budget=09,hgb,history_available,9,H_D_B_M_C_A,2,10
hgb|history_available|budget=09,hgb,history_available,9,H_D_B_C_A,1,10
hgb|history_available|budget=09,hgb,history_available,9,H_D_B_C,1,10
hgb|history_available|budget=09,hgb,history_available,9,H_D_B_A,1,10
hgb|history_available|budget=10,hgb,history_available,10,H_D_B_M_A,5,10
hgb|history_available|budget=10,hgb,history_available,10,H_D_B_M_C_A,2,10
hgb|history_available|budget=10,hgb,history_available,10,H_D_B_C_A,1,10
hgb|history_available|budget=10,hgb,history_available,10,H_D_B_C,1,10
hgb|history_available|budget=10,hgb,history_available,10,H_D_B_A,1,10
hgb|history_available|budget=11,hgb,history_available,11,H_D_B_M_A,5,10
hgb|history_available|budget=11,hgb,history_available,11,H_D_B_M_C_A,2,10
hgb|history_available|budget=11,hgb,history_available,11,H_D_B_C_A,1,10
hgb|history_available|budget=11,hgb,history_available,11,H_D_B_C,1,10
hgb|history_available|budget=11,hgb,history_available,11,H_D_B_A,1,10
hgb|history_available|budget=12,hgb,history_available,12,H_D_B_M_A,5,10
hgb|history_available|budget=12,hgb,history_available,12,H_D_B_M_C_A,2,10
hgb|history_available|budget=12,hgb,history_available,12,H_D_B_C_A,1,10
hgb|history_available|budget=12,hgb,history_available,12,H_D_B_C,1,10
hgb|history_available|budget=12,hgb,history_available,12,H_D_B_A,1,10
hgb|history_available|budget=13,hgb,history_available,13,H_D_B_M_A,5,10
hgb|history_available|budget=13,hgb,history_available,13,H_D_B_M_C_A,2,10
hgb|history_available|budget=13,hgb,history_available,13,H_D_B_C_A,1,10
hgb|history_available|budget=13,hgb,history_available,13,H_D_B_C,1,10
hgb|history_available|budget=13,hgb,history_available,13,H_D_B_A,1,10
hgb|history_available|budget=14,hgb,history_available,14,H_D_B_M_A,5,10
hgb|history_available|budget=14,hgb,history_available,14,H_D_B_M_C_A,2,10
hgb|history_available|budget=14,hgb,history_available,14,H_B_M_P_A,1,10
hgb|history_available|budget=14,hgb,history_available,14,H_D_B_C,1,10
hgb|history_available|budget=14,hgb,history_available,14,H_D_B_A,1,10
hgb|history_available|budget=15,hgb,history_available,15,H_D_P,4,10
hgb|history_available|budget=15,hgb,history_available,15,H_D_B_M_A,2,10
hgb|history_available|budget=15,hgb,history_available,15,H_D_B_M_C_A,2,10
hgb|history_available|budget=15,hgb,history_available,15,H_D_K,1,10
hgb|history_available|budget=15,hgb,history_available,15,H_D_B_A,1,10
hgb|history_available|budget=16,hgb,history_available,16,H_D_B_P,6,10
hgb|history_available|budget=16,hgb,history_available,16,H_D_A_K,2,10
hgb|history_available|budget=16,hgb,history_available,16,H_D_B_M_A,1,10
hgb|history_available|budget=16,hgb,history_available,16,H_D_P_C,1,10
hgb|history_available|budget=17,hgb,history_available,17,H_D_B_P,3,10
hgb|history_available|budget=17,hgb,history_available,17,H_D_B_P_C,2,10
hgb|history_available|budget=17,hgb,history_available,17,H_D_B_P_A,1,10
hgb|history_available|budget=17,hgb,history_available,17,H_D_M_P_A,1,10
hgb|history_available|budget=17,hgb,history_available,17,H_D_M_C_K,1,10
hgb|history_available|budget=17,hgb,history_available,17,H_D_C_A_K,1,10
hgb|history_available|budget=17,hgb,history_available,17,H_D_B_M_P,1,10
hgb|history_available|budget=18,hgb,history_available,18,H_D_B_M_P_A,3,10
hgb|history_available|budget=18,hgb,history_available,18,H_D_B_P_C_A,2,10
hgb|history_available|budget=18,hgb,history_available,18,H_D_B_P,1,10
hgb|history_available|budget=18,hgb,history_available,18,H_D_B_P_C,1,10
hgb|history_available|budget=18,hgb,history_available,18,H_D_B_M_A_K,1,10
hgb|history_available|budget=18,hgb,history_available,18,H_D_C_A_K,1,10
hgb|history_available|budget=18,hgb,history_available,18,H_D_B_M_P,1,10
hgb|history_available|budget=19,hgb,history_available,19,H_D_B_M_P_A,3,10
hgb|history_available|budget=19,hgb,history_available,19,H_D_B_P_C_A,2,10
hgb|history_available|budget=19,hgb,history_available,19,H_D_B_P,1,10
hgb|history_available|budget=19,hgb,history_available,19,H_D_B_P_C,1,10
hgb|history_available|budget=19,hgb,history_available,19,H_D_B_M_A_K,1,10
hgb|history_available|budget=19,hgb,history_available,19,H_D_C_A_K,1,10
hgb|history_available|budget=19,hgb,history_available,19,H_D_B_M_P,1,10
hgb|history_available|budget=20,hgb,history_available,20,H_D_B_M_P_A,3,10
hgb|history_available|budget=20,hgb,history_available,20,H_D_B_P_C_A,2,10
hgb|history_available|budget=20,hgb,history_available,20,H_D_B_P,1,10
hgb|history_available|budget=20,hgb,history_available,20,H_D_B_P_C,1,10
hgb|history_available|budget=20,hgb,history_available,20,H_D_B_M_A_K,1,10
hgb|history_available|budget=20,hgb,history_available,20,H_D_C_A_K,1,10
hgb|history_available|budget=20,hgb,history_available,20,H_D_B_M_P,1,10
hgb|history_available|budget=21,hgb,history_available,21,H_D_B_M_P_A,3,10
hgb|history_available|budget=21,hgb,history_available,21,H_D_B_P_C_A,2,10
hgb|history_available|budget=21,hgb,history_available,21,H_D_B_P,1,10
hgb|history_available|budget=21,hgb,history_available,21,H_D_B_P_C,1,10
hgb|history_available|budget=21,hgb,history_available,21,H_D_B_M_A_K,1,10
hgb|history_available|budget=21,hgb,history_available,21,H_D_C_A_K,1,10
hgb|history_available|budget=21,hgb,history_available,21,H_D_B_M_P,1,10
hgb|history_available|budget=22,hgb,history_available,22,H_D_B_M_P_A,3,10
hgb|history_available|budget=22,hgb,history_available,22,H_D_B_P_C_A,2,10
hgb|history_available|budget=22,hgb,history_available,22,H_D_B_P,1,10
hgb|history_available|budget=22,hgb,history_available,22,H_D_B_P_C,1,10
hgb|history_available|budget=22,hgb,history_available,22,H_D_B_M_A_K,1,10
hgb|history_available|budget=22,hgb,history_available,22,H_D_C_A_K,1,10
hgb|history_available|budget=22,hgb,history_available,22,H_D_B_M_P,1,10
hgb|history_available|budget=23,hgb,history_available,23,H_D_B_M_P_A,3,10
hgb|history_available|budget=23,hgb,history_available,23,H_D_B_P_C_A,2,10
hgb|history_available|budget=23,hgb,history_available,23,H_D_B_P,1,10
hgb|history_available|budget=23,hgb,history_available,23,H_D_B_P_C,1,10
hgb|history_available|budget=23,hgb,history_available,23,H_D_B_M_A_K,1,10
hgb|history_available|budget=23,hgb,history_available,23,H_D_C_A_K,1,10
hgb|history_available|budget=23,hgb,history_available,23,H_D_B_M_P,1,10
hgb|history_available|budget=24,hgb,history_available,24,H_D_B_M_P_A,3,10
hgb|history_available|budget=24,hgb,history_available,24,H_D_B_P_C_A,2,10
hgb|history_available|budget=24,hgb,history_available,24,H_D_B_P,1,10
hgb|history_available|budget=24,hgb,history_available,24,H_D_B_P_C,1,10
hgb|history_available|budget=24,hgb,history_available,24,H_D_B_M_A_K,1,10
hgb|history_available|budget=24,hgb,history_available,24,H_D_C_A_K,1,10
hgb|history_available|budget=24,hgb,history_available,24,H_D_B_M_P,1,10
hgb|history_available|budget=25,hgb,history_available,25,H_D_B_M_P_A,3,10
hgb|history_available|budget=25,hgb,history_available,25,H_D_B_P_C_A,2,10
hgb|history_available|budget=25,hgb,history_available,25,H_D_B_P,1,10
hgb|history_available|budget=25,hgb,history_available,25,H_D_B_P_C,1,10
hgb|history_available|budget=25,hgb,history_available,25,H_D_B_M_A_K,1,10
hgb|history_available|budget=25,hgb,history_available,25,H_D_C_A_K,1,10
hgb|history_available|budget=25,hgb,history_available,25,H_D_B_M_P,1,10
hgb|history_available|budget=26,hgb,history_available,26,H_D_B_M_P_A,3,10
hgb|history_available|budget=26,hgb,history_available,26,H_D_B_P_C_A,2,10
hgb|history_available|budget=26,hgb,history_available,26,H_D_B_P,1,10
hgb|history_available|budget=26,hgb,history_available,26,H_D_B_P_C,1,10
hgb|history_available|budget=26,hgb,history_available,26,H_D_B_M_A_K,1,10
hgb|history_available|budget=26,hgb,history_available,26,H_D_C_A_K,1,10
hgb|history_available|budget=26,hgb,history_available,26,H_D_B_M_P,1,10
hgb|history_available|budget=27,hgb,history_available,27,H_D_B_P_K,5,10
hgb|history_available|budget=27,hgb,history_available,27,H_D_B_M_P_A,1,10
hgb|history_available|budget=27,hgb,history_available,27,H_D_P_A_K,1,10
hgb|history_available|budget=27,hgb,history_available,27,H_D_B_P,1,10
hgb|history_available|budget=27,hgb,history_available,27,H_D_B_M_P,1,10
hgb|history_available|budget=27,hgb,history_available,27,H_D_B_P_C_A,1,10
hgb|history_available|budget=28,hgb,history_available,28,H_D_B_P_A_K,2,10
hgb|history_available|budget=28,hgb,history_available,28,H_D_B_P_C_K,2,10
hgb|history_available|budget=28,hgb,history_available,28,H_D_B_M_P_K,2,10
hgb|history_available|budget=28,hgb,history_available,28,H_D_B_P,1,10
hgb|history_available|budget=28,hgb,history_available,28,H_D_B_M_P_A,1,10
hgb|history_available|budget=28,hgb,history_available,28,H_D_B_M_P,1,10
hgb|history_available|budget=28,hgb,history_available,28,H_D_B_P_C_A,1,10
hgb|history_available|budget=29,hgb,history_available,29,H_D_B_M_P_A_K,3,10
hgb|history_available|budget=29,hgb,history_available,29,H_D_B_P_C_K,2,10
hgb|history_available|budget=29,hgb,history_available,29,H_D_B_M_P_A,1,10
hgb|history_available|budget=29,hgb,history_available,29,H_D_B_P,1,10
hgb|history_available|budget=29,hgb,history_available,29,H_D_B_P_A_K,1,10
hgb|history_available|budget=29,hgb,history_available,29,H_D_B_M_P,1,10
hgb|history_available|budget=29,hgb,history_available,29,H_D_B_P_C_A,1,10
hgb|history_available|budget=30,hgb,history_available,30,H_D_B_M_P_A_K,2,10
hgb|history_available|budget=30,hgb,history_available,30,H_D_B_P_C_K,2,10
hgb|history_available|budget=30,hgb,history_available,30,H_D_B_M_P_A,1,10
hgb|history_available|budget=30,hgb,history_available,30,H_D_B_P,1,10
hgb|history_available|budget=30,hgb,history_available,30,H_D_B_M_P_C_A_K,1,10
hgb|history_available|budget=30,hgb,history_available,30,H_D_B_P_A_K,1,10
hgb|history_available|budget=30,hgb,history_available,30,H_D_B_M_P,1,10
hgb|history_available|budget=30,hgb,history_available,30,H_D_B_P_C_A,1,10
hgb|history_unavailable|budget=00,hgb,history_unavailable,0,NONE,10,10
hgb|history_unavailable|budget=01,hgb,history_unavailable,1,B,10,10
hgb|history_unavailable|budget=02,hgb,history_unavailable,2,B_A,10,10
hgb|history_unavailable|budget=03,hgb,history_unavailable,3,B_M_A,7,10
hgb|history_unavailable|budget=03,hgb,history_unavailable,3,B_A,2,10
hgb|history_unavailable|budget=03,hgb,history_unavailable,3,B_C_A,1,10
hgb|history_unavailable|budget=04,hgb,history_unavailable,4,D,5,10
hgb|history_unavailable|budget=04,hgb,history_unavailable,4,B_M_A,3,10
hgb|history_unavailable|budget=04,hgb,history_unavailable,4,B_C_A,1,10
hgb|history_unavailable|budget=04,hgb,history_unavailable,4,B_A,1,10
hgb|history_unavailable|budget=05,hgb,history_unavailable,5,D_B,9,10
hgb|history_unavailable|budget=05,hgb,history_unavailable,5,D_C,1,10
hgb|history_unavailable|budget=06,hgb,history_unavailable,6,D_B_A,4,10
hgb|history_unavailable|budget=06,hgb,history_unavailable,6,D_B_C,4,10
hgb|history_unavailable|budget=06,hgb,history_unavailable,6,D_C_A,2,10
hgb|history_unavailable|budget=07,hgb,history_unavailable,7,D_B_C_A,5,10
hgb|history_unavailable|budget=07,hgb,history_unavailable,7,D_B_M_A,4,10
hgb|history_unavailable|budget=07,hgb,history_unavailable,7,D_B_C,1,10
hgb|history_unavailable|budget=08,hgb,history_unavailable,8,D_B_M_C_A,6,10
hgb|history_unavailable|budget=08,hgb,history_unavailable,8,D_B_C_A,2,10
hgb|history_unavailable|budget=08,hgb,history_unavailable,8,D_B_C,1,10
hgb|history_unavailable|budget=08,hgb,history_unavailable,8,D_B_M_A,1,10
hgb|history_unavailable|budget=09,hgb,history_unavailable,9,D_B_M_C_A,6,10
hgb|history_unavailable|budget=09,hgb,history_unavailable,9,D_B_C_A,2,10
hgb|history_unavailable|budget=09,hgb,history_unavailable,9,D_B_C,1,10
hgb|history_unavailable|budget=09,hgb,history_unavailable,9,D_B_M_A,1,10
hgb|history_unavailable|budget=10,hgb,history_unavailable,10,D_B_M_C_A,6,10
hgb|history_unavailable|budget=10,hgb,history_unavailable,10,D_B_C_A,2,10
hgb|history_unavailable|budget=10,hgb,history_unavailable,10,D_B_C,1,10
hgb|history_unavailable|budget=10,hgb,history_unavailable,10,D_B_M_A,1,10
hgb|history_unavailable|budget=11,hgb,history_unavailable,11,D_B_M_C_A,6,10
hgb|history_unavailable|budget=11,hgb,history_unavailable,11,D_B_C_A,2,10
hgb|history_unavailable|budget=11,hgb,history_unavailable,11,D_B_C,1,10
hgb|history_unavailable|budget=11,hgb,history_unavailable,11,D_B_M_A,1,10
hgb|history_unavailable|budget=12,hgb,history_unavailable,12,D_B_M_C_A,5,10
hgb|history_unavailable|budget=12,hgb,history_unavailable,12,D_B_C_A,2,10
hgb|history_unavailable|budget=12,hgb,history_unavailable,12,D_B_C,1,10
hgb|history_unavailable|budget=12,hgb,history_unavailable,12,B_K,1,10
hgb|history_unavailable|budget=12,hgb,history_unavailable,12,D_B_M_A,1,10
hgb|history_unavailable|budget=13,hgb,history_unavailable,13,D_B_M_C_A,5,10
hgb|history_unavailable|budget=13,hgb,history_unavailable,13,B_A_K,3,10
hgb|history_unavailable|budget=13,hgb,history_unavailable,13,D_B_M_A,1,10
hgb|history_unavailable|budget=13,hgb,history_unavailable,13,D_B_C_A,1,10
hgb|history_unavailable|budget=14,hgb,history_unavailable,14,D_B_M_C_A,5,10
hgb|history_unavailable|budget=14,hgb,history_unavailable,14,B_A_K,2,10
hgb|history_unavailable|budget=14,hgb,history_unavailable,14,B_M_A_K,1,10
hgb|history_unavailable|budget=14,hgb,history_unavailable,14,D_B_M_A,1,10
hgb|history_unavailable|budget=14,hgb,history_unavailable,14,D_B_C_A,1,10
hgb|history_unavailable|budget=15,hgb,history_unavailable,15,D_B_M_C_A,4,10
hgb|history_unavailable|budget=15,hgb,history_unavailable,15,D_P,3,10
hgb|history_unavailable|budget=15,hgb,history_unavailable,15,D_K,1,10
hgb|history_unavailable|budget=15,hgb,history_unavailable,15,B_A_K,1,10
hgb|history_unavailable|budget=15,hgb,history_unavailable,15,D_B_C_A,1,10
hgb|history_unavailable|budget=16,hgb,history_unavailable,16,D_B_P,5,10
hgb|history_unavailable|budget=16,hgb,history_unavailable,16,D_A_K,2,10
hgb|history_unavailable|budget=16,hgb,history_unavailable,16,D_P,1,10
hgb|history_unavailable|budget=16,hgb,history_unavailable,16,B_A_K,1,10
hgb|history_unavailable|budget=16,hgb,history_unavailable,16,D_P_C,1,10
hgb|history_unavailable|budget=17,hgb,history_unavailable,17,D_B_A_K,3,10
hgb|history_unavailable|budget=17,hgb,history_unavailable,17,D_B_P_C,3,10
hgb|history_unavailable|budget=17,hgb,history_unavailable,17,D_B_P_A,2,10
hgb|history_unavailable|budget=17,hgb,history_unavailable,17,D_B_M_P,2,10
hgb|history_unavailable|budget=18,hgb,history_unavailable,18,D_B_M_P_A,3,10
hgb|history_unavailable|budget=18,hgb,history_unavailable,18,D_B_M_A_K,2,10
hgb|history_unavailable|budget=18,hgb,history_unavailable,18,D_B_P_C,2,10
hgb|history_unavailable|budget=18,hgb,history_unavailable,18,D_B_M_P_C,1,10
hgb|history_unavailable|budget=18,hgb,history_unavailable,18,D_B_P_C_A,1,10
hgb|history_unavailable|budget=18,hgb,history_unavailable,18,D_B_C_A_K,1,10
hgb|history_unavailable|budget=19,hgb,history_unavailable,19,D_B_M_P_A,3,10
hgb|history_unavailable|budget=19,hgb,history_unavailable,19,D_B_M_A_K,2,10
hgb|history_unavailable|budget=19,hgb,history_unavailable,19,D_B_P_C,2,10
hgb|history_unavailable|budget=19,hgb,history_unavailable,19,D_B_M_P_C_A,1,10
hgb|history_unavailable|budget=19,hgb,history_unavailable,19,D_B_P_C_A,1,10
hgb|history_unavailable|budget=19,hgb,history_unavailable,19,D_B_C_A_K,1,10
hgb|history_unavailable|budget=20,hgb,history_unavailable,20,D_B_M_P_A,3,10
hgb|history_unavailable|budget=20,hgb,history_unavailable,20,D_B_M_A_K,2,10
hgb|history_unavailable|budget=20,hgb,history_unavailable,20,D_B_P_C,2,10
hgb|history_unavailable|budget=20,hgb,history_unavailable,20,D_B_M_P_C_A,1,10
hgb|history_unavailable|budget=20,hgb,history_unavailable,20,D_B_P_C_A,1,10
hgb|history_unavailable|budget=20,hgb,history_unavailable,20,D_B_C_A_K,1,10
hgb|history_unavailable|budget=21,hgb,history_unavailable,21,D_B_M_P_A,3,10
hgb|history_unavailable|budget=21,hgb,history_unavailable,21,D_B_M_A_K,2,10
hgb|history_unavailable|budget=21,hgb,history_unavailable,21,D_B_P_C,2,10
hgb|history_unavailable|budget=21,hgb,history_unavailable,21,D_B_M_P_C_A,1,10
hgb|history_unavailable|budget=21,hgb,history_unavailable,21,D_B_P_C_A,1,10
hgb|history_unavailable|budget=21,hgb,history_unavailable,21,D_B_C_A_K,1,10
hgb|history_unavailable|budget=22,hgb,history_unavailable,22,D_B_M_P_A,3,10
hgb|history_unavailable|budget=22,hgb,history_unavailable,22,D_B_M_A_K,2,10
hgb|history_unavailable|budget=22,hgb,history_unavailable,22,D_B_P_C,2,10
hgb|history_unavailable|budget=22,hgb,history_unavailable,22,D_B_M_P_C_A,1,10
hgb|history_unavailable|budget=22,hgb,history_unavailable,22,D_B_P_C_A,1,10
hgb|history_unavailable|budget=22,hgb,history_unavailable,22,D_B_C_A_K,1,10
hgb|history_unavailable|budget=23,hgb,history_unavailable,23,D_B_M_P_A,3,10
hgb|history_unavailable|budget=23,hgb,history_unavailable,23,D_B_M_A_K,2,10
hgb|history_unavailable|budget=23,hgb,history_unavailable,23,D_B_P_C,2,10
hgb|history_unavailable|budget=23,hgb,history_unavailable,23,D_B_M_P_C_A,1,10
hgb|history_unavailable|budget=23,hgb,history_unavailable,23,D_B_P_C_A,1,10
hgb|history_unavailable|budget=23,hgb,history_unavailable,23,D_B_C_A_K,1,10
hgb|history_unavailable|budget=24,hgb,history_unavailable,24,D_B_M_P_A,3,10
hgb|history_unavailable|budget=24,hgb,history_unavailable,24,D_B_M_A_K,2,10
hgb|history_unavailable|budget=24,hgb,history_unavailable,24,D_B_P_C,2,10
hgb|history_unavailable|budget=24,hgb,history_unavailable,24,D_B_M_P_C_A,1,10
hgb|history_unavailable|budget=24,hgb,history_unavailable,24,D_B_P_C_A,1,10
hgb|history_unavailable|budget=24,hgb,history_unavailable,24,D_B_C_A_K,1,10
hgb|history_unavailable|budget=25,hgb,history_unavailable,25,D_B_M_P_A,3,10
hgb|history_unavailable|budget=25,hgb,history_unavailable,25,D_B_M_A_K,2,10
hgb|history_unavailable|budget=25,hgb,history_unavailable,25,D_B_P_C,2,10
hgb|history_unavailable|budget=25,hgb,history_unavailable,25,D_B_M_P_C_A,1,10
hgb|history_unavailable|budget=25,hgb,history_unavailable,25,D_B_P_C_A,1,10
hgb|history_unavailable|budget=25,hgb,history_unavailable,25,D_B_C_A_K,1,10
hgb|history_unavailable|budget=26,hgb,history_unavailable,26,D_B_M_P_A,3,10
hgb|history_unavailable|budget=26,hgb,history_unavailable,26,D_P_K,2,10
hgb|history_unavailable|budget=26,hgb,history_unavailable,26,D_B_M_A_K,1,10
hgb|history_unavailable|budget=26,hgb,history_unavailable,26,D_B_M_P_C_A,1,10
hgb|history_unavailable|budget=26,hgb,history_unavailable,26,D_B_P_C_A,1,10
hgb|history_unavailable|budget=26,hgb,history_unavailable,26,D_B_C_A_K,1,10
hgb|history_unavailable|budget=26,hgb,history_unavailable,26,D_B_P_C,1,10
hgb|history_unavailable|budget=27,hgb,history_unavailable,27,D_B_P_K,4,10
hgb|history_unavailable|budget=27,hgb,history_unavailable,27,D_B_M_P_A,3,10
hgb|history_unavailable|budget=27,hgb,history_unavailable,27,D_B_M_A_K,1,10
hgb|history_unavailable|budget=27,hgb,history_unavailable,27,D_B_C_A_K,1,10
hgb|history_unavailable|budget=27,hgb,history_unavailable,27,D_B_P_C,1,10
hgb|history_unavailable|budget=28,hgb,history_unavailable,28,D_B_P_C_K,4,10
hgb|history_unavailable|budget=28,hgb,history_unavailable,28,D_B_P_A_K,3,10
hgb|history_unavailable|budget=28,hgb,history_unavailable,28,D_B_M_P_A,2,10
hgb|history_unavailable|budget=28,hgb,history_unavailable,28,D_B_M_P_K,1,10
hgb|history_unavailable|budget=29,hgb,history_unavailable,29,D_B_P_C_A_K,4,10
hgb|history_unavailable|budget=29,hgb,history_unavailable,29,D_B_M_P_A,2,10
hgb|history_unavailable|budget=29,hgb,history_unavailable,29,D_B_M_P_A_K,1,10
hgb|history_unavailable|budget=29,hgb,history_unavailable,29,D_B_M_P_C_K,1,10
hgb|history_unavailable|budget=29,hgb,history_unavailable,29,D_B_P_C_K,1,10
hgb|history_unavailable|budget=29,hgb,history_unavailable,29,D_B_M_P_K,1,10
hgb|history_unavailable|budget=30,hgb,history_unavailable,30,D_B_P_C_A_K,4,10
hgb|history_unavailable|budget=30,hgb,history_unavailable,30,D_B_M_P_A,2,10
hgb|history_unavailable|budget=30,hgb,history_unavailable,30,D_B_M_P_A_K,1,10
hgb|history_unavailable|budget=30,hgb,history_unavailable,30,D_B_M_P_C_A_K,1,10
hgb|history_unavailable|budget=30,hgb,history_unavailable,30,D_B_P_C_K,1,10
hgb|history_unavailable|budget=30,hgb,history_unavailable,30,D_B_M_P_K,1,10
