policy_id,algorithm,availability,budget,selected_subset,selected_additional_items,development_oof_log_loss,nested_log_loss_mean,nested_log_loss_repeat_min,nested_log_loss_repeat_max,nested_minus_non_nested_log_loss,nested_benchmark_log_loss_mean,nested_delta_benchmark,nested_roc_auc_mean,nested_brier_mean,selection_unique_subsets,selection_modal_subset,selection_modal_count_out_of10,selection_matches_final_count_out_of10,selection_uses_history_count_out_of10,selection_actual_items_mean
ridge|history_available|budget=00,ridge,history_available,0,P0,0,0.6620828063230408,0.6628568323819621,0.6623184478638604,0.6633952169000639,0.0007740260589212955,0.6627547004653838,0.00010213191657837406,0.5915909090909091,0.2350392942592091,2,P0,6,6,10,0.0
ridge|history_available|budget=01,ridge,history_available,1,H_B,1,0.6578158495921907,0.6595493617123865,0.6585964948814591,0.660502228543314,0.0017335121201957904,0.6627547004653838,-0.003205338752997222,0.6224361313868613,0.2334267748767899,2,H_B,8,8,10,1.0
ridge|history_available|budget=02,ridge,history_available,2,H_B_A,2,0.6557119973590803,0.6556732049901687,0.6552299609639082,0.6561164490164292,-3.879236891157767e-05,0.6627547004653838,-0.007081495475215083,0.6332378069011281,0.2316518010423386,1,H_B_A,10,10,10,2.0
ridge|history_available|budget=03,ridge,history_available,3,H_B_A,2,0.6557119973590803,0.6566799822198996,0.6563321797081771,0.6570277847316222,0.0009679848608193931,0.6627547004653838,-0.006074718245484112,0.63344600199071,0.2321111532690488,2,H_B_A,8,8,10,2.2
ridge|history_available|budget=04,ridge,history_available,4,H_D,4,0.6396754472363618,0.6414314027887167,0.6404517356879188,0.6424110698895147,0.0017559555523548598,0.6627547004653838,-0.021323297676667075,0.669346798274718,0.2247252682089597,1,H_D,10,10,10,4.0
ridge|history_available|budget=05,ridge,history_available,5,H_D_B,5,0.6379948075675399,0.6403630193451206,0.6396702452561702,0.6410557934340709,0.002368211777580731,0.6627547004653838,-0.02239168112026313,0.672638105507631,0.22405860111671352,2,H_D_B,7,7,10,5.0
ridge|history_available|budget=06,ridge,history_available,6,H_D_B_A,6,0.6362755316368176,0.6377763898921994,0.6376682266063866,0.6378845531780123,0.0015008582553818206,0.6627547004653838,-0.024978310573184337,0.6768107166556072,0.22295561127485108,3,H_D_B_A,8,8,10,5.9
ridge|history_available|budget=07,ridge,history_available,7,H_D_B_M_A,7,0.6362310759849575,0.6388423066258457,0.6380289405429536,0.6396556727087379,0.002611230640888196,0.6627547004653838,-0.023912393839538026,0.6755619608493696,0.2233875345315423,4,H_D_B_A,5,2,10,6.3
ridge|history_available|budget=08,ridge,history_available,8,H_D_B_M_A,7,0.6362310759849575,0.6390591988108625,0.638462724912987,0.6396556727087379,0.002828122825904944,0.6627547004653838,-0.023695501654521278,0.6750381552753815,0.22349556988854877,5,H_D_B_A,5,2,10,6.4
ridge|history_available|budget=09,ridge,history_available,9,H_D_B_M_A,7,0.6362310759849575,0.6390591988108625,0.638462724912987,0.6396556727087379,0.002828122825904944,0.6627547004653838,-0.023695501654521278,0.6750381552753815,0.22349556988854877,5,H_D_B_A,5,2,10,6.4
ridge|history_available|budget=10,ridge,history_available,10,H_D_B_M_A,7,0.6362310759849575,0.6390591988108625,0.638462724912987,0.6396556727087379,0.002828122825904944,0.6627547004653838,-0.023695501654521278,0.6750381552753815,0.22349556988854877,5,H_D_B_A,5,2,10,6.4
ridge|history_available|budget=11,ridge,history_available,11,H_D_B_M_A,7,0.6362310759849575,0.6390591988108625,0.638462724912987,0.6396556727087379,0.002828122825904944,0.6627547004653838,-0.023695501654521278,0.6750381552753815,0.22349556988854877,5,H_D_B_A,5,2,10,6.4
ridge|history_available|budget=12,ridge,history_available,12,H_D_B_M_A,7,0.6362310759849575,0.6390591988108625,0.638462724912987,0.6396556727087379,0.002828122825904944,0.6627547004653838,-0.023695501654521278,0.6750381552753815,0.22349556988854877,5,H_D_B_A,5,2,10,6.4
ridge|history_available|budget=13,ridge,history_available,13,H_D_B_M_A,7,0.6362310759849575,0.6435960830909944,0.6396556727087379,0.6475364934732509,0.007365007106036825,0.6627547004653838,-0.019158617374389397,0.6669367949568679,0.22563379566618819,6,H_D_B_A,3,2,10,7.8
ridge|history_available|budget=14,ridge,history_available,14,H_D_B_M_A,7,0.6362310759849575,0.6435859945719113,0.6396556727087379,0.6475163164350848,0.007354918586953807,0.6627547004653838,-0.019168705893472415,0.6669853185136032,0.2256344140329026,7,H_D_B_A,3,2,10,7.9
ridge|history_available|budget=15,ridge,history_available,15,H_D_K,15,0.633478707878488,0.6407846622016817,0.6386853296801516,0.6428839947232119,0.007305954323193697,0.6627547004653838,-0.02197003826370203,0.6723486230922362,0.22443862128651537,3,H_D_K,8,8,10,13.5
ridge|history_available|budget=16,ridge,history_available,16,H_D_A_K,16,0.6316089221778484,0.6376996294392088,0.6371076536463963,0.6382916052320212,0.006090707261360406,0.6627547004653838,-0.02505507102617499,0.6787122594558725,0.2230252050837931,3,H_D_A_K,5,5,10,15.1
ridge|history_available|budget=17,ridge,history_available,17,H_D_B_A_K,17,0.6303176464587247,0.6342877261650379,0.6326957437233152,0.6358797086067606,0.003970079706313245,0.6627547004653838,-0.028466974300345838,0.6841236728599868,0.2214931826570073,3,H_D_B_A_K,8,8,10,16.9
ridge|history_available|budget=18,ridge,history_available,18,H_D_B_M_A_K,18,0.6297690531788611,0.6344297027755487,0.6336579947154071,0.6352014108356903,0.004660649596687549,0.6627547004653838,-0.028324997689835096,0.6840946416721965,0.22155570633964522,3,H_D_B_A_K,6,3,10,17.2
ridge|history_available|budget=19,ridge,history_available,19,H_D_B_M_A_K,18,0.6297690531788611,0.6344297027755487,0.6336579947154071,0.6352014108356903,0.004660649596687549,0.6627547004653838,-0.028324997689835096,0.6840946416721965,0.22155570633964522,3,H_D_B_A_K,6,3,10,17.2
ridge|history_available|budget=20,ridge,history_available,20,H_D_B_M_A_K,18,0.6297690531788611,0.6344297027755487,0.6336579947154071,0.6352014108356903,0.004660649596687549,0.6627547004653838,-0.028324997689835096,0.6840946416721965,0.22155570633964522,3,H_D_B_A_K,6,3,10,17.2
ridge|history_available|budget=21,ridge,history_available,21,H_D_B_M_A_K,18,0.6297690531788611,0.6344297027755487,0.6336579947154071,0.6352014108356903,0.004660649596687549,0.6627547004653838,-0.028324997689835096,0.6840946416721965,0.22155570633964522,3,H_D_B_A_K,6,3,10,17.2
ridge|history_available|budget=22,ridge,history_available,22,H_D_B_M_A_K,18,0.6297690531788611,0.6344297027755487,0.6336579947154071,0.6352014108356903,0.004660649596687549,0.6627547004653838,-0.028324997689835096,0.6840946416721965,0.22155570633964522,3,H_D_B_A_K,6,3,10,17.2
ridge|history_available|budget=23,ridge,history_available,23,H_D_B_M_A_K,18,0.6297690531788611,0.6344297027755487,0.6336579947154071,0.6352014108356903,0.004660649596687549,0.6627547004653838,-0.028324997689835096,0.6840946416721965,0.22155570633964522,3,H_D_B_A_K,6,3,10,17.2
ridge|history_available|budget=24,ridge,history_available,24,H_D_B_M_A_K,18,0.6297690531788611,0.6344297027755487,0.6336579947154071,0.6352014108356903,0.004660649596687549,0.6627547004653838,-0.028324997689835096,0.6840946416721965,0.22155570633964522,3,H_D_B_A_K,6,3,10,17.2
ridge|history_available|budget=25,ridge,history_available,25,H_D_B_M_A_K,18,0.6297690531788611,0.6344297027755487,0.6336579947154071,0.6352014108356903,0.004660649596687549,0.6627547004653838,-0.028324997689835096,0.6840946416721965,0.22155570633964522,3,H_D_B_A_K,6,3,10,17.2
ridge|history_available|budget=26,ridge,history_available,26,H_D_B_M_A_K,18,0.6297690531788611,0.6344297027755487,0.6336579947154071,0.6352014108356903,0.004660649596687549,0.6627547004653838,-0.028324997689835096,0.6840946416721965,0.22155570633964522,3,H_D_B_A_K,6,3,10,17.2
ridge|history_available|budget=27,ridge,history_available,27,H_D_B_M_A_K,18,0.6297690531788611,0.6349183503469078,0.6349047026179913,0.6349319980758242,0.005149297168046685,0.6627547004653838,-0.02783635011847596,0.6832539814200398,0.2217304516769955,4,H_D_B_A_K,5,3,10,19.3
ridge|history_available|budget=28,ridge,history_available,28,H_D_B_P_A_K,28,0.6294674622760528,0.6348044952354635,0.634337653990764,0.635271336480163,0.005337032959410681,0.6627547004653838,-0.02795020522992031,0.683600696748507,0.22156347510888877,4,H_D_B_P_A_K,6,6,10,24.8
ridge|history_available|budget=29,ridge,history_available,29,H_D_B_M_P_A_K,29,0.6292921291184919,0.6339036629193695,0.6336411419503675,0.6341661838883715,0.004611533800877643,0.6627547004653838,-0.028851037546014258,0.6850850199071002,0.22116784181276813,3,H_D_B_P_A_K,6,2,10,26.0
ridge|history_available|budget=30,ridge,history_available,30,H_D_B_M_P_A_K,29,0.6292921291184919,0.6339036629193695,0.6336411419503675,0.6341661838883715,0.004611533800877643,0.6627547004653838,-0.028851037546014258,0.6850850199071002,0.22116784181276813,3,H_D_B_P_A_K,6,2,10,26.0
ridge|history_unavailable|budget=00,ridge,history_unavailable,0,NONE,0,0.6853643289188563,0.6853643289188563,0.6853643289188563,0.6853643289188563,0.0,0.6853643289188563,0.0,0.5,0.24611868006450774,1,NONE,10,10,0,0.0
ridge|history_unavailable|budget=01,ridge,history_unavailable,1,B,1,0.6777381954029948,0.6774247817979275,0.6774055780839036,0.6774439855119516,-0.0003134136050673142,0.6853643289188563,-0.007939547120928814,0.5706498838752488,0.24224158651303357,1,B,10,10,0,1.0
ridge|history_unavailable|budget=02,ridge,history_unavailable,2,B_A,2,0.6736656514353723,0.6731110224022141,0.673094296902297,0.6731277479021313,-0.0005546290331581716,0.6853643289188563,-0.012253306516642248,0.5903981420039814,0.24007585437181983,1,B_A,10,10,0,2.0
ridge|history_unavailable|budget=03,ridge,history_unavailable,3,B_C_A,3,0.6735209745197117,0.6743690552909467,0.6742146063244544,0.6745235042574389,0.0008480807712349936,0.6853643289188563,-0.01099527362790964,0.591615792966158,0.2406433259386538,2,B_A,6,4,0,2.4
ridge|history_unavailable|budget=04,ridge,history_unavailable,4,D,4,0.6621656516928427,0.6637058841279657,0.6631321108223928,0.6642796574335388,0.0015402324351230234,0.6853643289188563,-0.02165844479089063,0.6183464664897147,0.23555997484268673,1,D,10,10,0,4.0
ridge|history_unavailable|budget=05,ridge,history_unavailable,5,D_B,5,0.6582120307239033,0.6611792678887305,0.660241941540539,0.6621165942369219,0.0029672371648271634,0.6853643289188563,-0.024185061030125854,0.6292804412740545,0.23410654410507523,2,D_B,7,7,0,5.0
ridge|history_unavailable|budget=06,ridge,history_unavailable,6,D_B_A,6,0.6545563941969289,0.6556566641627888,0.6547208543875412,0.6565924739380363,0.0011002699658598791,0.6853643289188563,-0.029707664756067564,0.6422246184472462,0.23161144658175298,1,D_B_A,10,10,0,6.0
ridge|history_unavailable|budget=07,ridge,history_unavailable,7,D_B_A,6,0.6545563941969289,0.6575036911083675,0.6562600991304735,0.6587472830862615,0.0029472969114385794,0.6853643289188563,-0.027860637810488864,0.6398237392169874,0.2323843472057096,3,D_B_A,6,6,0,6.4
ridge|history_unavailable|budget=08,ridge,history_unavailable,8,D_B_A,6,0.6545563941969289,0.6575036911083675,0.6562600991304735,0.6587472830862615,0.0029472969114385794,0.6853643289188563,-0.027860637810488864,0.6398237392169874,0.2323843472057096,3,D_B_A,6,6,0,6.4
ridge|history_unavailable|budget=09,ridge,history_unavailable,9,D_B_A,6,0.6545563941969289,0.6575036911083675,0.6562600991304735,0.6587472830862615,0.0029472969114385794,0.6853643289188563,-0.027860637810488864,0.6398237392169874,0.2323843472057096,3,D_B_A,6,6,0,6.4
ridge|history_unavailable|budget=10,ridge,history_unavailable,10,D_B_A,6,0.6545563941969289,0.6575036911083675,0.6562600991304735,0.6587472830862615,0.0029472969114385794,0.6853643289188563,-0.027860637810488864,0.6398237392169874,0.2323843472057096,3,D_B_A,6,6,0,6.4
ridge|history_unavailable|budget=11,ridge,history_unavailable,11,D_B_A,6,0.6545563941969289,0.6575036911083675,0.6562600991304735,0.6587472830862615,0.0029472969114385794,0.6853643289188563,-0.027860637810488864,0.6398237392169874,0.2323843472057096,3,D_B_A,6,6,0,6.4
ridge|history_unavailable|budget=12,ridge,history_unavailable,12,D_B_A,6,0.6545563941969289,0.6575036911083675,0.6562600991304735,0.6587472830862615,0.0029472969114385794,0.6853643289188563,-0.027860637810488864,0.6398237392169874,0.2323843472057096,3,D_B_A,6,6,0,6.4
ridge|history_unavailable|budget=13,ridge,history_unavailable,13,D_B_A,6,0.6545563941969289,0.6616812832378941,0.6562600991304735,0.6671024673453148,0.007124889040965199,0.6853643289188563,-0.023683045680962245,0.630954296615793,0.23444299444696765,4,D_B_A,4,4,0,7.8
ridge|history_unavailable|budget=14,ridge,history_unavailable,14,D_B_A,6,0.6545563941969289,0.6616812832378941,0.6562600991304735,0.6671024673453148,0.007124889040965199,0.6853643289188563,-0.023683045680962245,0.630954296615793,0.23444299444696765,4,D_B_A,4,4,0,7.8
ridge|history_unavailable|budget=15,ridge,history_unavailable,15,D_K,15,0.6534616584557627,0.6638398534914324,0.6600516181486197,0.6676280888342451,0.010378195035669724,0.6853643289188563,-0.021524475427423972,0.6243414067684141,0.23550082768122027,4,D_B_A,4,3,0,9.6
ridge|history_unavailable|budget=16,ridge,history_unavailable,16,D_A_K,16,0.6495521869548352,0.6558104356357346,0.6527831191484368,0.6588377521230323,0.006258248680899414,0.6853643289188563,-0.029553893283121746,0.644155192435302,0.23169252797214396,3,D_B_K,5,4,0,15.1
ridge|history_unavailable|budget=17,ridge,history_unavailable,17,D_B_A_K,17,0.6465315444142528,0.6488768289118324,0.6474630657442848,0.65029059207938,0.002345284497579647,0.6853643289188563,-0.03648750000702394,0.6576356171201061,0.22863465769792934,1,D_B_A_K,10,10,0,17.0
ridge|history_unavailable|budget=18,ridge,history_unavailable,18,D_B_A_K,17,0.6465315444142528,0.6505937033923868,0.6492182236366174,0.6519691831481561,0.004062158978134001,0.6853643289188563,-0.03477062552646959,0.6547511612475116,0.2293943272729483,3,D_B_A_K,6,6,0,17.4
ridge|history_unavailable|budget=19,ridge,history_unavailable,19,D_B_A_K,17,0.6465315444142528,0.6505937033923868,0.6492182236366174,0.6519691831481561,0.004062158978134001,0.6853643289188563,-0.03477062552646959,0.6547511612475116,0.2293943272729483,3,D_B_A_K,6,6,0,17.4
ridge|history_unavailable|budget=20,ridge,history_unavailable,20,D_B_A_K,17,0.6465315444142528,0.6505937033923868,0.6492182236366174,0.6519691831481561,0.004062158978134001,0.6853643289188563,-0.03477062552646959,0.6547511612475116,0.2293943272729483,3,D_B_A_K,6,6,0,17.4
ridge|history_unavailable|budget=21,ridge,history_unavailable,21,D_B_A_K,17,0.6465315444142528,0.6505937033923868,0.6492182236366174,0.6519691831481561,0.004062158978134001,0.6853643289188563,-0.03477062552646959,0.6547511612475116,0.2293943272729483,3,D_B_A_K,6,6,0,17.4
ridge|history_unavailable|budget=22,ridge,history_unavailable,22,D_B_A_K,17,0.6465315444142528,0.6505937033923868,0.6492182236366174,0.6519691831481561,0.004062158978134001,0.6853643289188563,-0.03477062552646959,0.6547511612475116,0.2293943272729483,3,D_B_A_K,6,6,0,17.4
ridge|history_unavailable|budget=23,ridge,history_unavailable,23,D_B_A_K,17,0.6465315444142528,0.6505937033923868,0.6492182236366174,0.6519691831481561,0.004062158978134001,0.6853643289188563,-0.03477062552646959,0.6547511612475116,0.2293943272729483,3,D_B_A_K,6,6,0,17.4
ridge|history_unavailable|budget=24,ridge,history_unavailable,24,D_B_A_K,17,0.6465315444142528,0.6505937033923868,0.6492182236366174,0.6519691831481561,0.004062158978134001,0.6853643289188563,-0.03477062552646959,0.6547511612475116,0.2293943272729483,3,D_B_A_K,6,6,0,17.4
ridge|history_unavailable|budget=25,ridge,history_unavailable,25,D_B_A_K,17,0.6465315444142528,0.6505937033923868,0.6492182236366174,0.6519691831481561,0.004062158978134001,0.6853643289188563,-0.03477062552646959,0.6547511612475116,0.2293943272729483,3,D_B_A_K,6,6,0,17.4
ridge|history_unavailable|budget=26,ridge,history_unavailable,26,D_B_A_K,17,0.6465315444142528,0.6505937033923868,0.6492182236366174,0.6519691831481561,0.004062158978134001,0.6853643289188563,-0.03477062552646959,0.6547511612475116,0.2293943272729483,3,D_B_A_K,6,6,0,17.4
ridge|history_unavailable|budget=27,ridge,history_unavailable,27,D_B_A_K,17,0.6465315444142528,0.6505937033923868,0.6492182236366174,0.6519691831481561,0.004062158978134001,0.6853643289188563,-0.03477062552646959,0.6547511612475116,0.2293943272729483,3,D_B_A_K,6,6,0,17.4
ridge|history_unavailable|budget=28,ridge,history_unavailable,28,D_B_P_A_K,28,0.645554504910448,0.6482996263424006,0.6470445917602391,0.6495546609245622,0.002745121431952602,0.6853643289188563,-0.03706470257645578,0.6596640676841407,0.2281691658500422,2,D_B_P_A_K,8,8,0,25.8
ridge|history_unavailable|budget=29,ridge,history_unavailable,29,D_B_P_A_K,28,0.645554504910448,0.6498968093285562,0.6487361711268531,0.6510574475302593,0.004342304418108234,0.6853643289188563,-0.035467519590300145,0.6570019077637691,0.22888738905187794,4,D_B_P_A_K,4,4,0,26.2
ridge|history_unavailable|budget=30,ridge,history_unavailable,30,D_B_P_A_K,28,0.645554504910448,0.6498968093285562,0.6487361711268531,0.6510574475302593,0.004342304418108234,0.6853643289188563,-0.035467519590300145,0.6570019077637691,0.22888738905187794,4,D_B_P_A_K,4,4,0,26.2
hgb|history_available|budget=00,hgb,history_available,0,H,0,0.6620826133717034,0.6627522964271817,0.6623157708134528,0.6631888220409107,0.0006696830554783206,0.6627547004653838,-2.4040382020640294e-06,0.5914523888520239,0.23498873774674434,1,H,10,10,10,0.0
hgb|history_available|budget=01,hgb,history_available,1,H_B,1,0.656149609502737,0.6569102304126513,0.6553582636046577,0.6584621972206448,0.0007606209099142447,0.6627547004653838,-0.0058444700527324756,0.620720802919708,0.23211665646887114,1,H_B,10,10,10,1.0
hgb|history_available|budget=02,hgb,history_available,2,H_B_M,2,0.6526472365345142,0.6568178575959844,0.6558328880561419,0.6578028271358268,0.004170621061470259,0.6627547004653838,-0.005936842869399328,0.6274531353682815,0.23187567354839933,3,H_B_A,8,1,10,2.0
hgb|history_available|budget=03,hgb,history_available,3,H_B_M_A,3,0.6499456254601639,0.6536993076660798,0.6515422876255519,0.6558563277066077,0.003753682205915876,0.6627547004653838,-0.009055392799304007,0.6321130557398806,0.2309021075531809,2,H_B_M_A,8,8,10,2.8
hgb|history_available|budget=04,hgb,history_available,4,H_D,4,0.6440872421067338,0.6470746814409316,0.6452872764543891,0.648862086427474,0.002987439334197761,0.6627547004653838,-0.015680019024452152,0.6579686463171864,0.2274864054088463,2,H_D,9,9,10,3.8
hgb|history_available|budget=05,hgb,history_available,5,H_D_M,5,0.6378678578039242,0.6428391364917987,0.640539372994204,0.6451388999893932,0.004971278687874503,0.6627547004653838,-0.01991556397358507,0.6673444757796947,0.2253515870796018,4,H_D_B,6,1,10,5.0
hgb|history_available|budget=06,hgb,history_available,6,H_D_M_A,6,0.6353580028168152,0.6392265044276549,0.6382875568806365,0.6401654519746733,0.0038685016108397363,0.6627547004653838,-0.02352819603772882,0.6722739714664897,0.22370331113027075,4,H_D_B_C,5,2,10,6.0
hgb|history_available|budget=07,hgb,history_available,7,H_D_M_C_A,7,0.6332706689577972,0.6369137323481044,0.6369133030515489,0.6369141616446599,0.0036430633903072884,0.6627547004653838,-0.025840968117279317,0.6755656934306569,0.22278466999930346,4,H_D_B_M_A,6,0,10,6.8
hgb|history_available|budget=08,hgb,history_available,8,H_D_B_M_C_A,8,0.6314904390595096,0.6367886537686782,0.636122184185551,0.6374551233518053,0.0052982147091685805,0.6627547004653838,-0.025966046696705547,0.6763184306569343,0.2227235466912154,5,H_D_B_M_A,5,2,10,7.0
hgb|history_available|budget=09,hgb,history_available,9,H_D_B_M_C_A,8,0.6314904390595096,0.6367886537686782,0.636122184185551,0.6374551233518053,0.0052982147091685805,0.6627547004653838,-0.025966046696705547,0.6763184306569343,0.2227235466912154,5,H_D_B_M_A,5,2,10,7.0
hgb|history_available|budget=10,hgb,history_available,10,H_D_B_M_C_A,8,0.6314904390595096,0.6367886537686782,0.636122184185551,0.6374551233518053,0.0052982147091685805,0.6627547004653838,-0.025966046696705547,0.6763184306569343,0.2227235466912154,5,H_D_B_M_A,5,2,10,7.0
hgb|history_available|budget=11,hgb,history_available,11,H_D_B_M_C_A,8,0.6314904390595096,0.6367886537686782,0.636122184185551,0.6374551233518053,0.0052982147091685805,0.6627547004653838,-0.025966046696705547,0.6763184306569343,0.2227235466912154,5,H_D_B_M_A,5,2,10,7.0
hgb|history_available|budget=12,hgb,history_available,12,H_D_B_M_C_A,8,0.6314904390595096,0.6367886537686782,0.636122184185551,0.6374551233518053,0.0052982147091685805,0.6627547004653838,-0.025966046696705547,0.6763184306569343,0.2227235466912154,5,H_D_B_M_A,5,2,10,7.0
hgb|history_available|budget=13,hgb,history_available,13,H_D_B_M_C_A,8,0.6314904390595096,0.6367886537686782,0.636122184185551,0.6374551233518053,0.0052982147091685805,0.6627547004653838,-0.025966046696705547,0.6763184306569343,0.2227235466912154,5,H_D_B_M_A,5,2,10,7.0
hgb|history_available|budget=14,hgb,history_available,14,H_D_B_M_C_A,8,0.6314904390595096,0.6398055785768795,0.6374551233518053,0.6421560338019537,0.00831513951736984,0.6627547004653838,-0.022949121888504287,0.6701343729263438,0.22417269808189738,5,H_D_B_M_A,5,2,10,7.7
hgb|history_available|budget=15,hgb,history_available,15,H_D_P,15,0.6284341422186445,0.636644113641203,0.6312148385648323,0.6420733887175737,0.008209971422558526,0.6627547004653838,-0.02611058682418077,0.6755822826808229,0.22288489599999092,5,H_D_P,4,4,10,11.1
hgb|history_available|budget=16,hgb,history_available,16,H_D_M_P,16,0.6263444622412933,0.6339290247892758,0.6268705075590645,0.6409875420194872,0.007584562547982565,0.6627547004653838,-0.028825675676107942,0.6789544625082946,0.22175636564123993,4,H_D_B_P,6,0,10,15.1
hgb|history_available|budget=17,hgb,history_available,17,H_D_M_P_A,17,0.6241806893132597,0.6299606271296747,0.6249273784586151,0.6349938758007342,0.0057799378164150594,0.6627547004653838,-0.03279407333570905,0.6859464167219642,0.21990620793798046,7,H_D_B_P,3,1,10,16.7
hgb|history_available|budget=18,hgb,history_available,18,H_D_M_P_A,17,0.6241806893132597,0.6278768882908212,0.6236908207396205,0.6320629558420219,0.003696198977561571,0.6627547004653838,-0.03487781217456254,0.6888055739880558,0.2190235513972119,7,H_D_B_M_P_A,3,0,10,17.5
hgb|history_available|budget=19,hgb,history_available,19,H_D_M_P_A,17,0.6241806893132597,0.6278768882908212,0.6236908207396205,0.6320629558420219,0.003696198977561571,0.6627547004653838,-0.03487781217456254,0.6888055739880558,0.2190235513972119,7,H_D_B_M_P_A,3,0,10,17.5
hgb|history_available|budget=20,hgb,history_available,20,H_D_M_P_A,17,0.6241806893132597,0.6278768882908212,0.6236908207396205,0.6320629558420219,0.003696198977561571,0.6627547004653838,-0.03487781217456254,0.6888055739880558,0.2190235513972119,7,H_D_B_M_P_A,3,0,10,17.5
hgb|history_available|budget=21,hgb,history_available,21,H_D_M_P_A,17,0.6241806893132597,0.6278768882908212,0.6236908207396205,0.6320629558420219,0.003696198977561571,0.6627547004653838,-0.03487781217456254,0.6888055739880558,0.2190235513972119,7,H_D_B_M_P_A,3,0,10,17.5
hgb|history_available|budget=22,hgb,history_available,22,H_D_M_P_A,17,0.6241806893132597,0.6278768882908212,0.6236908207396205,0.6320629558420219,0.003696198977561571,0.6627547004653838,-0.03487781217456254,0.6888055739880558,0.2190235513972119,7,H_D_B_M_P_A,3,0,10,17.5
hgb|history_available|budget=23,hgb,history_available,23,H_D_M_P_A,17,0.6241806893132597,0.6278768882908212,0.6236908207396205,0.6320629558420219,0.003696198977561571,0.6627547004653838,-0.03487781217456254,0.6888055739880558,0.2190235513972119,7,H_D_B_M_P_A,3,0,10,17.5
hgb|history_available|budget=24,hgb,history_available,24,H_D_M_P_A,17,0.6241806893132597,0.6278768882908212,0.6236908207396205,0.6320629558420219,0.003696198977561571,0.6627547004653838,-0.03487781217456254,0.6888055739880558,0.2190235513972119,7,H_D_B_M_P_A,3,0,10,17.5
hgb|history_available|budget=25,hgb,history_available,25,H_D_M_P_A,17,0.6241806893132597,0.6278768882908212,0.6236908207396205,0.6320629558420219,0.003696198977561571,0.6627547004653838,-0.03487781217456254,0.6888055739880558,0.2190235513972119,7,H_D_B_M_P_A,3,0,10,17.5
hgb|history_available|budget=26,hgb,history_available,26,H_D_M_P_A,17,0.6241806893132597,0.6278768882908212,0.6236908207396205,0.6320629558420219,0.003696198977561571,0.6627547004653838,-0.03487781217456254,0.6888055739880558,0.2190235513972119,7,H_D_B_M_P_A,3,0,10,17.5
hgb|history_available|budget=27,hgb,history_available,27,H_D_M_P_A,17,0.6241806893132597,0.629851817572384,0.6269762944144146,0.6327273407303532,0.005671128259124303,0.6627547004653838,-0.03290288289299981,0.6870952222959521,0.21992895851385647,6,H_D_B_P_K,5,0,10,23.1
hgb|history_available|budget=28,hgb,history_available,28,H_D_M_P_C_K,28,0.6221157681523305,0.6291563339495745,0.6262626256689862,0.6320500422301628,0.007040565797243992,0.6627547004653838,-0.033598366515809275,0.6878558394160583,0.21968037360961723,7,H_D_B_P_A_K,2,0,10,23.7
hgb|history_available|budget=29,hgb,history_available,29,H_D_M_P_C_A_K,29,0.620817620210149,0.6270868625603678,0.6222939133430316,0.6318798117777039,0.006269242350218862,0.6627547004653838,-0.03566783790501593,0.6908887690776377,0.21878035335918494,7,H_D_B_M_P_A_K,3,0,10,24.0
hgb|history_available|budget=30,hgb,history_available,30,H_D_M_P_C_A_K,29,0.620817620210149,0.6269137260592469,0.6222939133430316,0.6315335387754621,0.006096105849097921,0.6627547004653838,-0.03584097440613687,0.690850199071002,0.21874304110986703,8,H_D_B_M_P_A_K,2,0,10,24.1
hgb|history_unavailable|budget=00,hgb,history_unavailable,0,NONE,0,0.6853643289188563,0.6853643289188563,0.6853643289188563,0.6853643289188563,0.0,0.6853643289188563,0.0,0.5,0.24611868006450774,1,NONE,10,10,0,0.0
hgb|history_unavailable|budget=01,hgb,history_unavailable,1,B,1,0.6760966845523163,0.6755926384544069,0.6750680377092532,0.6761172391995606,-0.0005040460979094386,0.6853643289188563,-0.009771690464449478,0.558367203052422,0.24136134091647962,1,B,10,10,0,1.0
hgb|history_unavailable|budget=02,hgb,history_unavailable,2,B_A,2,0.6710019459030957,0.670657379316935,0.6701491411495343,0.6711656174843357,-0.00034456658616066616,0.6853643289188563,-0.014706949601921315,0.5795139349701395,0.23891087667108174,1,B_A,10,10,0,2.0
hgb|history_unavailable|budget=03,hgb,history_unavailable,3,B_M_A,3,0.6681826337714976,0.6699876879534039,0.6698484085479162,0.6701269673588917,0.0018050541819063515,0.6853643289188563,-0.015376640965452437,0.5904205374917053,0.23870397450746023,3,B_M_A,7,7,0,2.8
hgb|history_unavailable|budget=04,hgb,history_unavailable,4,D,4,0.6641680792622449,0.6704377646744537,0.6694828591186055,0.6713926702303019,0.0062696854122088475,0.6853643289188563,-0.01492656424440264,0.5922026376907763,0.23912323618744968,4,D,5,5,0,3.4
hgb|history_unavailable|budget=05,hgb,history_unavailable,5,D_C,5,0.6579254494910797,0.6620572579853288,0.657884408784599,0.6662301071860585,0.004131808494249101,0.6853643289188563,-0.023307070933527574,0.6205719143994691,0.23497285735140977,2,D_B,9,1,0,5.0
hgb|history_unavailable|budget=06,hgb,history_unavailable,6,D_B_C,6,0.6529262330125998,0.6568719520610632,0.6524740572651698,0.6612698468569566,0.003945719048463414,0.6853643289188563,-0.028492376857793156,0.6332415394824155,0.23247177849288414,3,D_B_A,4,4,0,6.0
hgb|history_unavailable|budget=07,hgb,history_unavailable,7,D_M_C_A,7,0.650369538146649,0.6538772528006837,0.6501564806069756,0.6575980249943917,0.003507714654034655,0.6853643289188563,-0.0314870761181727,0.63907100199071,0.23116063102364687,3,D_B_C_A,5,0,0,6.9
hgb|history_unavailable|budget=08,hgb,history_unavailable,8,D_B_M_C_A,8,0.6485929332417237,0.6521350556954892,0.6475062980076379,0.6567638133833407,0.003542122453765506,0.6853643289188563,-0.033229273223367106,0.6429922859986729,0.2303283987976869,4,D_B_M_C_A,6,6,0,7.5
hgb|history_unavailable|budget=09,hgb,history_unavailable,9,D_B_M_C_A,8,0.6485929332417237,0.6521350556954892,0.6475062980076379,0.6567638133833407,0.003542122453765506,0.6853643289188563,-0.033229273223367106,0.6429922859986729,0.2303283987976869,4,D_B_M_C_A,6,6,0,7.5
hgb|history_unavailable|budget=10,hgb,history_unavailable,10,D_B_M_C_A,8,0.6485929332417237,0.6521350556954892,0.6475062980076379,0.6567638133833407,0.003542122453765506,0.6853643289188563,-0.033229273223367106,0.6429922859986729,0.2303283987976869,4,D_B_M_C_A,6,6,0,7.5
hgb|history_unavailable|budget=11,hgb,history_unavailable,11,D_B_M_C_A,8,0.6485929332417237,0.6521350556954892,0.6475062980076379,0.6567638133833407,0.003542122453765506,0.6853643289188563,-0.033229273223367106,0.6429922859986729,0.2303283987976869,4,D_B_M_C_A,6,6,0,7.5
hgb|history_unavailable|budget=12,hgb,history_unavailable,12,D_B_M_C_A,8,0.6485929332417237,0.6540247451322654,0.6475062980076379,0.6605431922568927,0.005431811890541649,0.6853643289188563,-0.03133958378659096,0.6387541473125415,0.23127921786317146,5,D_B_M_C_A,5,5,0,7.9
hgb|history_unavailable|budget=13,hgb,history_unavailable,13,D_B_M_C_A,8,0.6485929332417237,0.6557709911586787,0.6475062980076379,0.6640356843097195,0.007178057916954916,0.6853643289188563,-0.029593337760177696,0.6370769741207697,0.23195252753686588,4,D_B_M_C_A,5,5,0,9.3
hgb|history_unavailable|budget=14,hgb,history_unavailable,14,D_B_M_C_A,8,0.6485929332417237,0.6558800794839663,0.6475062980076379,0.6642538609602946,0.0072871462422425815,0.6853643289188563,-0.02948424943489003,0.6370516755142668,0.23200446695167776,5,D_B_M_C_A,5,5,0,9.4
hgb|history_unavailable|budget=15,hgb,history_unavailable,15,D_P,15,0.6465103724542357,0.6559290873191467,0.6488786418871852,0.6629795327511081,0.009418714864910971,0.6853643289188563,-0.02943524159970967,0.6352368115461182,0.23203542499690685,5,D_B_M_C_A,4,3,0,11.2
hgb|history_unavailable|budget=16,hgb,history_unavailable,16,D_P_C,16,0.6441902261965382,0.6525670620557373,0.6427786259318322,0.6623554981796423,0.008376835859199128,0.6853643289188563,-0.03279726686311901,0.6414727106834772,0.23047458982689156,5,D_B_P,5,1,0,15.6
hgb|history_unavailable|budget=17,hgb,history_unavailable,17,D_M_P_A,17,0.640925623536283,0.6469705872213651,0.6390848630891559,0.6548563113535745,0.0060449636850821165,0.6853643289188563,-0.03839374169749121,0.6537819343065694,0.2278380006118047,4,D_B_A_K,3,0,0,17.0
hgb|history_unavailable|budget=18,hgb,history_unavailable,18,D_M_P_C_A,18,0.6379512231708448,0.6471754963685523,0.6400743433357359,0.6542766494013689,0.009224273197707467,0.6853643289188563,-0.03818883255030403,0.6540390676841406,0.22799930406422314,6,D_B_M_P_A,3,0,0,17.8
hgb|history_unavailable|budget=19,hgb,history_unavailable,19,D_M_P_C_A,18,0.6379512231708448,0.6465331800201649,0.638789710638961,0.6542766494013689,0.00858195684932006,0.6853643289188563,-0.03883114889869144,0.6548175182481752,0.22772883131704796,6,D_B_M_P_A,3,0,0,17.9
hgb|history_unavailable|budget=20,hgb,history_unavailable,20,D_M_P_C_A,18,0.6379512231708448,0.6465331800201649,0.638789710638961,0.6542766494013689,0.00858195684932006,0.6853643289188563,-0.03883114889869144,0.6548175182481752,0.22772883131704796,6,D_B_M_P_A,3,0,0,17.9
hgb|history_unavailable|budget=21,hgb,history_unavailable,21,D_M_P_C_A,18,0.6379512231708448,0.6465331800201649,0.638789710638961,0.6542766494013689,0.00858195684932006,0.6853643289188563,-0.03883114889869144,0.6548175182481752,0.22772883131704796,6,D_B_M_P_A,3,0,0,17.9
hgb|history_unavailable|budget=22,hgb,history_unavailable,22,D_M_P_C_A,18,0.6379512231708448,0.6465331800201649,0.638789710638961,0.6542766494013689,0.00858195684932006,0.6853643289188563,-0.03883114889869144,0.6548175182481752,0.22772883131704796,6,D_B_M_P_A,3,0,0,17.9
hgb|history_unavailable|budget=23,hgb,history_unavailable,23,D_M_P_C_A,18,0.6379512231708448,0.6465331800201649,0.638789710638961,0.6542766494013689,0.00858195684932006,0.6853643289188563,-0.03883114889869144,0.6548175182481752,0.22772883131704796,6,D_B_M_P_A,3,0,0,17.9
hgb|history_unavailable|budget=24,hgb,history_unavailable,24,D_M_P_C_A,18,0.6379512231708448,0.6465331800201649,0.638789710638961,0.6542766494013689,0.00858195684932006,0.6853643289188563,-0.03883114889869144,0.6548175182481752,0.22772883131704796,6,D_B_M_P_A,3,0,0,17.9
hgb|history_unavailable|budget=25,hgb,history_unavailable,25,D_M_P_C_A,18,0.6379512231708448,0.6465331800201649,0.638789710638961,0.6542766494013689,0.00858195684932006,0.6853643289188563,-0.03883114889869144,0.6548175182481752,0.22772883131704796,6,D_B_M_P_A,3,0,0,17.9
hgb|history_unavailable|budget=26,hgb,history_unavailable,26,D_M_P_C_A,18,0.6379512231708448,0.6435643060441087,0.638789710638961,0.6483389014492564,0.005613082873263897,0.6853643289188563,-0.0418000228747476,0.6609501493032515,0.22632666581221084,7,D_B_M_P_A,3,0,0,19.6
hgb|history_unavailable|budget=27,hgb,history_unavailable,27,D_P_C_K,27,0.6370776595795395,0.640795630060359,0.6356378834891175,0.6459533766316005,0.0037179704808194547,0.6853643289188563,-0.044568698858497346,0.6656834771068347,0.22513507414257716,5,D_B_P_K,4,0,0,21.5
hgb|history_unavailable|budget=28,hgb,history_unavailable,28,D_M_P_A_K,28,0.6344975802563864,0.6349536483117741,0.6313739022317477,0.6385333943918005,0.0004560680553877816,0.6853643289188563,-0.0504106806070822,0.6748992203052423,0.2224359989434742,4,D_B_P_C_K,4,0,0,26.0
hgb|history_unavailable|budget=29,hgb,history_unavailable,29,D_M_P_C_A_K,29,0.6317969039258379,0.6356299903947784,0.6332672708349522,0.6379927099546047,0.0038330864689405386,0.6853643289188563,-0.04973433852407794,0.6732386363636363,0.22285042418001347,6,D_B_P_C_A_K,4,0,0,26.6
hgb|history_unavailable|budget=30,hgb,history_unavailable,30,D_M_P_C_A_K,29,0.6317969039258379,0.6350708729353622,0.6321490359161197,0.6379927099546047,0.003273969009524369,0.6853643289188563,-0.050293455983494106,0.6742899800928998,0.2225771686400535,6,D_B_P_C_A_K,4,0,0,26.7
